graph,nodes,edges,min_cut,edges_to_remove,solutions_tested,basic_operations,time_elapsed
Graph_25_38_0,25,38,1,"{(0, 10)}",1,51,0.0
Graph_25_38_1,25,38,1,"{(2, 5)}",1,51,0.0
Graph_25_76_0,25,76,1,"{(11, 17)}",1,51,0.0
Graph_25_76_1,25,76,3,"{(4, 15), (4, 8), (4, 14)}",3,156,0.0
Graph_25_151_0,25,151,8,"{(6, 18), (6, 14), (2, 6), (6, 10), (5, 6), (6, 16), (6, 9), (6, 22)}",8,436,0.0
Graph_25_151_1,25,151,7,"{(5, 21), (1, 5), (5, 20), (4, 5), (5, 16), (2, 5), (5, 18)}",7,378,0.0
Graph_25_226_0,25,226,15,"{(14, 24), (13, 14), (3, 14), (14, 17), (14, 23), (10, 14), (6, 14), (1, 14), (14, 19), (14, 22), (14, 18), (11, 14), (14, 15), (12, 14), (7, 14)}",15,870,0.0
Graph_25_226_1,25,226,14,"{(8, 24), (14, 24), (20, 24), (15, 24), (5, 24), (6, 24), (11, 24), (7, 24), (21, 24), (0, 24), (12, 24), (18, 24), (2, 24), (13, 24)}",14,805,0.00493168830871582
Graph_25_300_0,25,300,24,"{(0, 2), (0, 5), (0, 8), (0, 14), (0, 11), (0, 17), (0, 23), (0, 20), (0, 1), (0, 7), (0, 4), (0, 10), (0, 16), (0, 13), (0, 19), (0, 22), (0, 3), (0, 9), (0, 6), (0, 12), (0, 15), (0, 21), (0, 18), (0, 24)}",24,1500,0.0
Graph_25_300_1,25,300,24,"{(0, 2), (0, 5), (0, 8), (0, 14), (0, 11), (0, 17), (0, 23), (0, 20), (0, 1), (0, 7), (0, 4), (0, 10), (0, 16), (0, 13), (0, 19), (0, 22), (0, 3), (0, 9), (0, 6), (0, 12), (0, 15), (0, 21), (0, 18), (0, 24)}",24,1500,0.0
Graph_50_154_0,50,154,3,"{(4, 9), (9, 11), (9, 40)}",3,306,0.0
Graph_50_154_1,50,154,3,"{(10, 45), (2, 10), (10, 28)}",3,306,0.0
Graph_50_307_0,50,307,6,"{(9, 45), (9, 19), (4, 9), (9, 34), (9, 40), (9, 11)}",6,621,0.0014264583587646484
Graph_50_307_1,50,307,8,"{(6, 31), (31, 43), (31, 46), (31, 36), (9, 31), (4, 31), (24, 31), (8, 31)}",8,836,0.001438140869140625
Graph_50_613_0,50,613,18,"{(5, 31), (5, 37), (5, 40), (5, 24), (1, 5), (5, 8), (5, 14), (5, 27), (5, 33), (5, 18), (5, 13), (5, 42), (5, 41), (5, 10), (5, 26), (5, 35), (5, 48), (3, 5)}",18,1971,0.0009336471557617188
Graph_50_613_1,50,613,16,"{(3, 40), (3, 24), (3, 30), (3, 8), (3, 14), (3, 27), (3, 17), (3, 46), (3, 7), (3, 42), (3, 29), (3, 13), (3, 32), (3, 38), (3, 41), (3, 15)}",16,1736,0.0
Graph_50_919_0,50,919,30,"{(1, 31), (12, 31), (23, 31), (5, 31), (25, 31), (16, 31), (18, 31), (29, 31), (7, 31), (20, 31), (31, 34), (31, 43), (31, 46), (9, 31), (11, 31), (24, 31), (13, 31), (15, 31), (26, 31), (6, 31), (31, 33), (31, 39), (31, 36), (31, 42), (4, 31), (31, 45), (28, 31), (31, 48), (17, 31), (8, 31)}",30,3465,0.0
Graph_50_919_1,50,919,30,"{(16, 26), (7, 26), (26, 27), (18, 26), (26, 39), (26, 36), (20, 26), (26, 42), (26, 45), (9, 26), (11, 26), (0, 26), (2, 26), (13, 26), (15, 26), (26, 32), (6, 26), (26, 38), (26, 44), (26, 41), (26, 47), (17, 26), (8, 26), (10, 26), (1, 26), (26, 28), (23, 26), (3, 26), (14, 26), (5, 26)}",30,3465,0.006822109222412109
Graph_50_1225_0,50,1225,49,"{(0, 30), (0, 36), (0, 42), (0, 39), (0, 45), (0, 48), (0, 2), (0, 5), (0, 8), (0, 14), (0, 11), (0, 17), (0, 23), (0, 20), (0, 26), (0, 29), (0, 35), (0, 32), (0, 38), (0, 41), (0, 47), (0, 44), (0, 1), (0, 7), (0, 4), (0, 10), (0, 16), (0, 13), (0, 19), (0, 22), (0, 28), (0, 25), (0, 31), (0, 34), (0, 40), (0, 37), (0, 43), (0, 46), (0, 49), (0, 3), (0, 9), (0, 6), (0, 12), (0, 15), (0, 21), (0, 18), (0, 24), (0, 27), (0, 33)}",49,6125,0.007020235061645508
Graph_50_1225_1,50,1225,49,"{(0, 30), (0, 36), (0, 42), (0, 39), (0, 45), (0, 48), (0, 2), (0, 5), (0, 8), (0, 14), (0, 11), (0, 17), (0, 23), (0, 20), (0, 26), (0, 29), (0, 35), (0, 32), (0, 38), (0, 41), (0, 47), (0, 44), (0, 1), (0, 7), (0, 4), (0, 10), (0, 16), (0, 13), (0, 19), (0, 22), (0, 28), (0, 25), (0, 31), (0, 34), (0, 40), (0, 37), (0, 43), (0, 46), (0, 49), (0, 3), (0, 9), (0, 6), (0, 12), (0, 15), (0, 21), (0, 18), (0, 24), (0, 27), (0, 33)}",49,6125,0.006850004196166992
Graph_75_347_0,75,347,2,"{(25, 56), (53, 56)}",2,303,0.00043392181396484375
Graph_75_347_1,75,347,2,"{(21, 64), (21, 34)}",2,303,0.0
Graph_75_694_0,75,694,11,"{(16, 20), (20, 69), (20, 24), (12, 20), (7, 20), (20, 46), (14, 20), (20, 71), (15, 20), (5, 20), (20, 37)}",11,1716,0.0
Graph_75_694_1,75,694,10,"{(59, 71), (21, 71), (38, 71), (16, 71), (18, 71), (40, 71), (71, 74), (36, 71), (32, 71), (65, 71)}",10,1555,0.0
Graph_75_1388_0,75,1388,26,"{(67, 71), (69, 71), (58, 71), (25, 71), (7, 71), (40, 71), (20, 71), (53, 71), (64, 71), (22, 71), (55, 71), (42, 71), (0, 71), (44, 71), (2, 71), (24, 71), (46, 71), (15, 71), (39, 71), (17, 71), (50, 71), (61, 71), (19, 71), (52, 71), (30, 71), (43, 71)}",26,4251,0.0
Graph_75_1388_1,75,1388,25,"{(0, 39), (11, 39), (26, 39), (15, 39), (39, 42), (39, 60), (39, 57), (4, 39), (28, 39), (39, 41), (21, 39), (39, 53), (39, 56), (12, 39), (39, 68), (39, 71), (39, 46), (22, 39), (39, 49), (20, 39), (39, 58), (39, 55), (39, 61), (39, 67), (39, 64)}",25,4075,0.004162311553955078
Graph_75_2082_0,75,2082,47,"{(53, 66), (55, 66), (9, 66), (42, 66), (0, 66), (33, 66), (44, 66), (11, 66), (2, 66), (24, 66), (57, 66), (46, 66), (66, 69), (66, 72), (26, 66), (6, 66), (39, 66), (4, 66), (17, 66), (61, 66), (50, 66), (28, 66), (8, 66), (30, 66), (52, 66), (10, 66), (43, 66), (29, 66), (66, 74), (63, 66), (21, 66), (23, 66), (12, 66), (3, 66), (47, 66), (58, 66), (36, 66), (5, 66), (60, 66), (51, 66), (66, 70), (25, 66), (66, 67), (66, 73), (49, 66), (7, 66), (40, 66)}",47,8178,0.007188081741333008
Graph_75_2082_1,75,2082,46,"{(27, 47), (27, 53), (2, 27), (27, 50), (27, 56), (15, 27), (27, 59), (27, 68), (27, 71), (27, 28), (17, 27), (27, 31), (27, 37), (27, 34), (27, 46), (27, 43), (27, 49), (27, 52), (27, 55), (27, 61), (27, 64), (27, 70), (21, 27), (27, 67), (27, 73), (12, 27), (23, 27), (3, 27), (14, 27), (27, 30), (11, 27), (27, 33), (27, 39), (27, 36), (27, 42), (27, 45), (27, 54), (27, 63), (7, 27), (18, 27), (27, 66), (22, 27), (27, 32), (27, 35), (9, 27), (0, 27)}",46,7981,0.00655055046081543
Graph_75_2775_0,75,2775,74,"{(0, 30), (0, 36), (0, 42), (0, 39), (0, 45), (0, 48), (0, 54), (0, 51), (0, 57), (0, 2), (0, 60), (0, 66), (0, 5), (0, 63), (0, 69), (0, 8), (0, 14), (0, 72), (0, 11), (0, 17), (0, 23), (0, 20), (0, 26), (0, 29), (0, 35), (0, 32), (0, 38), (0, 41), (0, 47), (0, 44), (0, 50), (0, 53), (0, 59), (0, 56), (0, 62), (0, 68), (0, 7), (0, 1), (0, 65), (0, 4), (0, 10), (0, 16), (0, 71), (0, 74), (0, 13), (0, 19), (0, 22), (0, 28), (0, 25), (0, 31), (0, 34), (0, 40), (0, 37), (0, 43), (0, 46), (0, 52), (0, 49), (0, 55), (0, 61), (0, 58), (0, 64), (0, 3), (0, 9), (0, 67), (0, 73), (0, 6), (0, 12), (0, 70), (0, 15), (0, 21), (0, 18), (0, 24), (0, 27), (0, 33)}",74,13875,0.021334409713745117
Graph_75_2775_1,75,2775,74,"{(0, 30), (0, 36), (0, 42), (0, 39), (0, 45), (0, 48), (0, 54), (0, 51), (0, 57), (0, 2), (0, 60), (0, 66), (0, 5), (0, 63), (0, 69), (0, 8), (0, 14), (0, 72), (0, 11), (0, 17), (0, 23), (0, 20), (0, 26), (0, 29), (0, 35), (0, 32), (0, 38), (0, 41), (0, 47), (0, 44), (0, 50), (0, 53), (0, 59), (0, 56), (0, 62), (0, 68), (0, 7), (0, 1), (0, 65), (0, 4), (0, 10), (0, 16), (0, 71), (0, 74), (0, 13), (0, 19), (0, 22), (0, 28), (0, 25), (0, 31), (0, 34), (0, 40), (0, 37), (0, 43), (0, 46), (0, 52), (0, 49), (0, 55), (0, 61), (0, 58), (0, 64), (0, 3), (0, 9), (0, 67), (0, 73), (0, 6), (0, 12), (0, 70), (0, 15), (0, 21), (0, 18), (0, 24), (0, 27), (0, 33)}",74,13875,0.015698909759521484
Graph_100_619_0,100,619,4,"{(12, 94), (70, 94), (14, 94), (1, 94)}",4,810,0.0
Graph_100_619_1,100,619,4,"{(6, 85), (6, 14), (6, 26), (6, 25)}",4,810,0.0
Graph_100_1238_0,100,1238,15,"{(26, 79), (15, 79), (51, 79), (79, 88), (29, 79), (25, 79), (42, 79), (79, 92), (79, 89), (79, 83), (44, 79), (69, 79), (78, 79), (62, 79), (41, 79)}",15,3120,0.0009458065032958984
Graph_100_1238_1,100,1238,13,"{(8, 94), (8, 62), (8, 68), (8, 42), (8, 55), (8, 10), (8, 74), (8, 93), (8, 32), (8, 99), (8, 12), (8, 41), (0, 8)}",13,2691,0.005950927734375
Graph_100_2476_0,100,2476,37,"{(22, 63), (63, 80), (63, 89), (63, 95), (33, 63), (13, 63), (35, 63), (26, 63), (2, 63), (15, 63), (48, 63), (6, 63), (63, 73), (59, 63), (63, 79), (63, 85), (4, 63), (37, 63), (63, 88), (16, 63), (8, 63), (52, 63), (17, 63), (63, 97), (43, 63), (63, 66), (54, 63), (63, 69), (23, 63), (34, 63), (36, 63), (63, 90), (63, 93), (63, 96), (40, 63), (62, 63), (63, 68)}",37,8103,0.007391452789306641
Graph_100_2476_1,100,2476,35,"{(48, 82), (82, 87), (72, 82), (82, 93), (82, 99), (17, 82), (50, 82), (4, 82), (30, 82), (74, 82), (10, 82), (76, 82), (65, 82), (1, 82), (63, 82), (12, 82), (21, 82), (67, 82), (80, 82), (69, 82), (5, 82), (51, 82), (38, 82), (82, 85), (29, 82), (82, 91), (82, 94), (64, 82), (82, 97), (22, 82), (26, 82), (44, 82), (9, 82), (0, 82), (15, 82)}",35,7630,0.008951902389526367
Graph_100_3713_0,100,3713,62,"{(26, 79), (26, 85), (26, 91), (26, 30), (16, 26), (26, 39), (26, 97), (26, 36), (20, 26), (26, 42), (26, 45), (22, 26), (26, 51), (26, 54), (26, 57), (26, 63), (25, 26), (9, 26), (26, 66), (26, 60), (11, 26), (26, 75), (26, 72), (26, 78), (24, 26), (13, 26), (26, 84), (15, 26), (26, 90), (26, 29), (6, 26), (4, 26), (26, 56), (26, 59), (17, 26), (8, 26), (26, 68), (19, 26), (26, 71), (26, 83), (26, 89), (26, 28), (26, 86), (26, 92), (26, 37), (26, 95), (26, 40), (26, 46), (26, 98), (23, 26), (26, 43), (26, 49), (3, 26), (14, 26), (26, 58), (26, 52), (26, 55), (5, 26), (26, 64), (26, 70), (26, 67), (26, 76)}",62,14353,0.024369001388549805
Graph_100_3713_1,100,3713,64,"{(9, 51), (42, 51), (51, 56), (35, 51), (0, 51), (51, 65), (33, 51), (11, 51), (51, 62), (2, 51), (26, 51), (51, 74), (48, 51), (51, 71), (51, 77), (39, 51), (6, 51), (13, 51), (51, 80), (51, 83), (51, 92), (51, 95), (4, 51), (37, 51), (50, 51), (19, 51), (41, 51), (17, 51), (10, 51), (43, 51), (51, 58), (51, 52), (8, 51), (1, 51), (32, 51), (51, 70), (51, 73), (51, 82), (45, 51), (21, 51), (51, 85), (51, 88), (36, 51), (12, 51), (51, 94), (14, 51), (5, 51), (51, 54), (51, 60), (51, 63), (25, 51), (51, 72), (51, 68), (29, 51), (51, 75), (51, 81), (16, 51), (49, 51), (31, 51), (51, 78), (7, 51), (38, 51), (51, 87), (51, 90)}",64,14880,0.02175736427307129
Graph_100_4950_0,100,4950,99,"{(0, 51), (0, 60), (0, 5), (0, 69), (0, 14), (0, 78), (0, 23), (0, 87), (0, 44), (0, 53), (0, 62), (0, 7), (0, 71), (0, 16), (0, 80), (0, 37), (0, 46), (0, 55), (0, 64), (0, 9), (0, 73), (0, 30), (0, 94), (0, 39), (0, 48), (0, 57), (0, 2), (0, 66), (0, 32), (0, 96), (0, 41), (0, 50), (0, 59), (0, 68), (0, 25), (0, 89), (0, 34), (0, 98), (0, 43), (0, 52), (0, 61), (0, 18), (0, 82), (0, 27), (0, 91), (0, 36), (0, 45), (0, 54), (0, 11), (0, 75), (0, 20), (0, 84), (0, 29), (0, 93), (0, 38), (0, 47), (0, 4), (0, 13), (0, 77), (0, 22), (0, 86), (0, 31), (0, 95), (0, 40), (0, 6), (0, 70), (0, 15), (0, 79), (0, 24), (0, 88), (0, 33), (0, 97), (0, 42), (0, 63), (0, 8), (0, 72), (0, 17), (0, 81), (0, 26), (0, 90), (0, 35), (0, 99), (0, 56), (0, 1), (0, 65), (0, 10), (0, 74), (0, 19), (0, 83), (0, 28), (0, 92), (0, 49), (0, 58), (0, 3), (0, 67), (0, 12), (0, 76), (0, 21), (0, 85)}",99,24750,0.05258965492248535
Graph_100_4950_1,100,4950,99,"{(0, 51), (0, 60), (0, 5), (0, 69), (0, 14), (0, 78), (0, 23), (0, 87), (0, 44), (0, 53), (0, 62), (0, 7), (0, 71), (0, 16), (0, 80), (0, 37), (0, 46), (0, 55), (0, 64), (0, 9), (0, 73), (0, 30), (0, 94), (0, 39), (0, 48), (0, 57), (0, 2), (0, 66), (0, 32), (0, 96), (0, 41), (0, 50), (0, 59), (0, 68), (0, 25), (0, 89), (0, 34), (0, 98), (0, 43), (0, 52), (0, 61), (0, 18), (0, 82), (0, 27), (0, 91), (0, 36), (0, 45), (0, 54), (0, 11), (0, 75), (0, 20), (0, 84), (0, 29), (0, 93), (0, 38), (0, 47), (0, 4), (0, 13), (0, 77), (0, 22), (0, 86), (0, 31), (0, 95), (0, 40), (0, 6), (0, 70), (0, 15), (0, 79), (0, 24), (0, 88), (0, 33), (0, 97), (0, 42), (0, 63), (0, 8), (0, 72), (0, 17), (0, 81), (0, 26), (0, 90), (0, 35), (0, 99), (0, 56), (0, 1), (0, 65), (0, 10), (0, 74), (0, 19), (0, 83), (0, 28), (0, 92), (0, 49), (0, 58), (0, 3), (0, 67), (0, 12), (0, 76), (0, 21), (0, 85)}",99,24750,0.03800535202026367
Graph_125_969_0,125,969,8,"{(79, 114), (51, 79), (44, 79), (79, 83), (79, 118), (71, 79), (79, 92), (62, 79)}",8,2036,0.0010106563568115234
Graph_125_969_1,125,969,8,"{(59, 71), (44, 71), (17, 71), (7, 71), (18, 71), (55, 71), (71, 111), (71, 88)}",8,2036,0.0
Graph_125_1938_0,125,1938,21,"{(6, 85), (6, 30), (6, 106), (6, 45), (6, 124), (6, 75), (6, 84), (6, 23), (6, 17), (6, 26), (6, 32), (3, 6), (6, 44), (6, 111), (6, 114), (6, 53), (6, 83), (6, 22), (6, 104), (6, 107), (6, 55)}",21,5481,0.005006551742553711
Graph_125_1938_1,125,1938,21,"{(4, 49), (4, 113), (4, 58), (4, 64), (4, 67), (4, 6), (4, 21), (4, 97), (4, 48), (4, 115), (4, 20), (4, 23), (4, 96), (4, 102), (4, 56), (4, 7), (4, 71), (4, 13), (4, 77), (4, 31), (4, 104)}",21,5481,0.0061953067779541016
Graph_125_3876_0,125,3876,50,"{(26, 85), (26, 30), (26, 27), (26, 39), (26, 97), (26, 36), (20, 26), (26, 100), (22, 26), (26, 51), (26, 109), (26, 63), (26, 121), (9, 26), (26, 66), (26, 124), (26, 69), (26, 75), (0, 26), (11, 26), (26, 72), (26, 87), (26, 96), (6, 26), (26, 35), (26, 105), (26, 111), (26, 56), (26, 65), (8, 26), (26, 68), (1, 26), (26, 28), (26, 37), (26, 95), (26, 34), (26, 40), (26, 98), (23, 26), (26, 49), (26, 107), (26, 113), (14, 26), (26, 58), (3, 26), (26, 119), (26, 64), (26, 67), (26, 73), (25, 26)}",50,13775,0.015715360641479492
Graph_125_3876_1,125,3876,48,"{(33, 97), (33, 36), (33, 42), (13, 33), (33, 39), (33, 103), (33, 54), (33, 51), (33, 121), (33, 60), (33, 124), (33, 72), (17, 33), (19, 33), (33, 90), (33, 35), (33, 99), (33, 44), (33, 96), (33, 108), (33, 50), (33, 56), (33, 114), (33, 53), (21, 33), (33, 59), (33, 120), (12, 33), (33, 71), (3, 33), (27, 33), (33, 77), (33, 83), (33, 89), (33, 95), (33, 98), (33, 104), (33, 43), (33, 113), (33, 52), (29, 33), (33, 46), (33, 61), (31, 33), (33, 82), (9, 33), (33, 88), (33, 94)}",48,13176,0.01397252082824707
Graph_125_5813_0,125,5813,81,"{(61, 116), (50, 116), (105, 116), (10, 116), (76, 116), (63, 116), (12, 116), (23, 116), (78, 116), (89, 116), (67, 116), (27, 116), (93, 116), (116, 118), (25, 116), (40, 116), (95, 116), (106, 116), (55, 116), (110, 116), (116, 120), (42, 116), (57, 116), (112, 116), (6, 116), (72, 116), (4, 116), (70, 116), (74, 116), (87, 116), (47, 116), (36, 116), (91, 116), (102, 116), (116, 124), (51, 116), (38, 116), (49, 116), (104, 116), (64, 116), (116, 117), (0, 116), (66, 116), (15, 116), (81, 116), (17, 116), (28, 116), (83, 116), (32, 116), (34, 116), (56, 116), (111, 116), (60, 116), (7, 116), (18, 116), (73, 116), (77, 116), (24, 116), (35, 116), (101, 116), (79, 116), (90, 116), (37, 116), (92, 116), (52, 116), (116, 119), (96, 116), (1, 116), (54, 116), (3, 116), (58, 116), (80, 116), (116, 121), (16, 116), (86, 116), (97, 116), (116, 123), (44, 116), (99, 116), (48, 116), (103, 116)}",81,23571,0.04915475845336914
Graph_125_5813_1,125,5813,80,"{(13, 106), (24, 106), (79, 106), (90, 106), (101, 106), (39, 106), (106, 123), (92, 106), (106, 107), (106, 116), (14, 106), (58, 106), (69, 106), (16, 106), (82, 106), (71, 106), (31, 106), (20, 106), (106, 118), (103, 106), (106, 111), (106, 120), (61, 106), (105, 106), (65, 106), (76, 106), (63, 106), (106, 113), (12, 106), (67, 106), (106, 122), (78, 106), (27, 106), (93, 106), (40, 106), (95, 106), (84, 106), (55, 106), (42, 106), (2, 106), (68, 106), (46, 106), (106, 108), (72, 106), (59, 106), (30, 106), (8, 106), (74, 106), (85, 106), (106, 110), (21, 106), (106, 119), (36, 106), (47, 106), (102, 106), (91, 106), (106, 112), (64, 106), (0, 106), (66, 106), (15, 106), (26, 106), (81, 106), (28, 106), (17, 106), (94, 106), (83, 106), (43, 106), (32, 106), (98, 106), (56, 106), (45, 106), (100, 106), (34, 106), (5, 106), (60, 106), (18, 106), (7, 106), (22, 106), (106, 121)}",80,23240,0.04227042198181152
Graph_125_7750_0,125,7750,124,"{(0, 51), (0, 115), (0, 60), (0, 5), (0, 124), (0, 69), (0, 14), (0, 78), (0, 23), (0, 87), (0, 44), (0, 108), (0, 53), (0, 117), (0, 62), (0, 7), (0, 71), (0, 16), (0, 80), (0, 37), (0, 101), (0, 46), (0, 110), (0, 55), (0, 119), (0, 64), (0, 9), (0, 73), (0, 30), (0, 94), (0, 39), (0, 103), (0, 48), (0, 112), (0, 57), (0, 2), (0, 121), (0, 66), (0, 32), (0, 96), (0, 41), (0, 105), (0, 50), (0, 114), (0, 59), (0, 123), (0, 68), (0, 25), (0, 89), (0, 34), (0, 98), (0, 43), (0, 107), (0, 52), (0, 116), (0, 61), (0, 18), (0, 82), (0, 27), (0, 91), (0, 36), (0, 100), (0, 45), (0, 109), (0, 54), (0, 118), (0, 11), (0, 75), (0, 20), (0, 84), (0, 29), (0, 93), (0, 38), (0, 102), (0, 47), (0, 111), (0, 4), (0, 13), (0, 77), (0, 22), (0, 86), (0, 31), (0, 95), (0, 40), (0, 104), (0, 113), (0, 6), (0, 70), (0, 15), (0, 79), (0, 24), (0, 88), (0, 33), (0, 97), (0, 42), (0, 106), (0, 63), (0, 8), (0, 72), (0, 17), (0, 81), (0, 26), (0, 90), (0, 35), (0, 99), (0, 56), (0, 1), (0, 120), (0, 65), (0, 10), (0, 74), (0, 19), (0, 83), (0, 28), (0, 92), (0, 49), (0, 58), (0, 3), (0, 122), (0, 67), (0, 12), (0, 76), (0, 21), (0, 85)}",124,38750,0.07675480842590332
Graph_125_7750_1,125,7750,124,"{(0, 51), (0, 115), (0, 60), (0, 5), (0, 124), (0, 69), (0, 14), (0, 78), (0, 23), (0, 87), (0, 44), (0, 108), (0, 53), (0, 117), (0, 62), (0, 7), (0, 71), (0, 16), (0, 80), (0, 37), (0, 101), (0, 46), (0, 110), (0, 55), (0, 119), (0, 64), (0, 9), (0, 73), (0, 30), (0, 94), (0, 39), (0, 103), (0, 48), (0, 112), (0, 57), (0, 2), (0, 121), (0, 66), (0, 32), (0, 96), (0, 41), (0, 105), (0, 50), (0, 114), (0, 59), (0, 123), (0, 68), (0, 25), (0, 89), (0, 34), (0, 98), (0, 43), (0, 107), (0, 52), (0, 116), (0, 61), (0, 18), (0, 82), (0, 27), (0, 91), (0, 36), (0, 100), (0, 45), (0, 109), (0, 54), (0, 118), (0, 11), (0, 75), (0, 20), (0, 84), (0, 29), (0, 93), (0, 38), (0, 102), (0, 47), (0, 111), (0, 4), (0, 13), (0, 77), (0, 22), (0, 86), (0, 31), (0, 95), (0, 40), (0, 104), (0, 113), (0, 6), (0, 70), (0, 15), (0, 79), (0, 24), (0, 88), (0, 33), (0, 97), (0, 42), (0, 106), (0, 63), (0, 8), (0, 72), (0, 17), (0, 81), (0, 26), (0, 90), (0, 35), (0, 99), (0, 56), (0, 1), (0, 120), (0, 65), (0, 10), (0, 74), (0, 19), (0, 83), (0, 28), (0, 92), (0, 49), (0, 58), (0, 3), (0, 122), (0, 67), (0, 12), (0, 76), (0, 21), (0, 85)}",124,38750,0.08333444595336914
Graph_150_1397_0,150,1397,10,"{(51, 144), (51, 83), (51, 82), (44, 51), (51, 72), (15, 51), (48, 51), (51, 142), (51, 116), (51, 112)}",10,3055,0.0010886192321777344
Graph_150_1397_1,150,1397,10,"{(52, 53), (22, 53), (53, 133), (53, 98), (53, 70), (53, 134), (53, 124), (53, 86), (12, 53), (7, 53)}",10,3055,0.008537054061889648
Graph_150_2794_0,150,2794,24,"{(47, 53), (53, 136), (16, 53), (53, 102), (53, 108), (18, 53), (7, 53), (22, 53), (53, 56), (53, 123), (53, 135), (53, 80), (42, 53), (53, 144), (44, 53), (53, 86), (53, 98), (26, 53), (53, 70), (53, 128), (53, 134), (53, 140), (19, 53), (53, 124)}",24,7500,0.0068056583404541016
Graph_150_2794_1,150,2794,24,"{(76, 98), (76, 113), (76, 147), (61, 76), (52, 76), (76, 143), (76, 140), (76, 94), (76, 100), (23, 76), (69, 76), (76, 148), (76, 87), (76, 81), (71, 76), (40, 76), (73, 76), (62, 76), (76, 138), (11, 76), (33, 76), (24, 76), (76, 83), (15, 76)}",24,7500,0.007045269012451172
Graph_150_5588_0,150,5588,59,"{(9, 39), (9, 45), (9, 103), (9, 109), (9, 42), (4, 9), (9, 112), (9, 118), (9, 115), (9, 63), (9, 127), (9, 78), (9, 142), (9, 26), (9, 145), (9, 84), (9, 148), (9, 38), (9, 96), (9, 102), (9, 41), (9, 108), (9, 114), (9, 59), (9, 117), (5, 9), (9, 65), (9, 71), (9, 16), (9, 13), (9, 132), (9, 28), (9, 147), (9, 92), (9, 31), (9, 95), (9, 34), (9, 40), (9, 98), (9, 37), (9, 104), (9, 101), (9, 46), (9, 110), (9, 116), (9, 113), (9, 119), (9, 58), (9, 128), (9, 73), (0, 9), (9, 15), (9, 134), (9, 140), (9, 79), (2, 9), (9, 18), (9, 149), (9, 97)}",59,19470,0.026213407516479492
Graph_150_5588_1,150,5588,60,"{(31, 124), (31, 69), (1, 31), (31, 139), (31, 72), (31, 84), (31, 136), (31, 148), (31, 90), (31, 35), (5, 31), (31, 50), (27, 31), (31, 114), (31, 123), (16, 31), (31, 80), (31, 141), (31, 138), (7, 31), (18, 31), (31, 147), (19, 31), (31, 92), (31, 37), (31, 95), (31, 101), (22, 31), (31, 49), (31, 46), (31, 58), (31, 61), (31, 125), (0, 31), (31, 70), (31, 64), (31, 128), (31, 134), (31, 73), (31, 131), (31, 82), (6, 31), (31, 143), (31, 149), (31, 94), (31, 33), (31, 91), (31, 97), (8, 31), (31, 42), (31, 103), (4, 31), (31, 100), (31, 106), (31, 109), (31, 54), (31, 112), (30, 31), (31, 63), (31, 60)}",60,19830,0.026221752166748047
Graph_150_8382_0,150,8382,93,"{(4, 9), (9, 63), (8, 9), (9, 127), (9, 72), (9, 17), (9, 81), (9, 26), (9, 145), (9, 56), (9, 65), (9, 10), (9, 138), (9, 28), (9, 147), (9, 92), (9, 113), (9, 58), (9, 122), (9, 67), (9, 12), (0, 9), (9, 140), (9, 85), (9, 149), (9, 42), (9, 115), (9, 78), (9, 142), (9, 108), (9, 53), (9, 117), (5, 9), (9, 126), (9, 71), (9, 16), (9, 144), (9, 37), (9, 101), (9, 46), (9, 110), (9, 119), (9, 128), (9, 73), (9, 30), (9, 39), (9, 103), (9, 48), (9, 112), (9, 57), (9, 121), (9, 66), (9, 130), (1, 9), (9, 23), (9, 96), (9, 41), (9, 105), (9, 50), (9, 114), (9, 59), (9, 123), (9, 25), (9, 34), (9, 98), (9, 43), (9, 52), (9, 116), (9, 125), (9, 18), (9, 45), (9, 109), (9, 118), (9, 11), (9, 84), (9, 148), (9, 38), (9, 102), (9, 111), (9, 68), (9, 13), (9, 132), (9, 77), (9, 86), (9, 31), (9, 95), (9, 40), (9, 104), (9, 15), (9, 134), (2, 9), (9, 79), (9, 97)}",93,32271,0.06771993637084961
Graph_150_8382_1,150,8382,96,"{(120, 129), (80, 129), (45, 129), (129, 146), (31, 129), (7, 129), (86, 129), (97, 129), (88, 129), (75, 129), (129, 130), (129, 139), (48, 129), (24, 129), (103, 129), (129, 148), (13, 129), (114, 129), (37, 129), (105, 129), (127, 129), (116, 129), (10, 129), (76, 129), (129, 141), (67, 129), (78, 129), (54, 129), (3, 129), (14, 129), (93, 129), (129, 143), (106, 129), (95, 129), (84, 129), (55, 129), (110, 129), (108, 129), (46, 129), (57, 129), (6, 129), (85, 129), (74, 129), (129, 138), (87, 129), (47, 129), (12, 129), (36, 129), (91, 129), (51, 129), (129, 131), (25, 129), (115, 129), (104, 129), (64, 129), (119, 129), (129, 133), (66, 129), (42, 129), (2, 129), (81, 129), (4, 129), (94, 129), (70, 129), (59, 129), (43, 129), (30, 129), (32, 129), (8, 129), (129, 147), (21, 129), (111, 129), (100, 129), (5, 129), (60, 129), (126, 129), (113, 129), (129, 140), (62, 129), (49, 129), (38, 129), (128, 129), (129, 149), (117, 129), (22, 129), (11, 129), (0, 129), (90, 129), (129, 142), (39, 129), (92, 129), (52, 129), (41, 129), (17, 129), (28, 129), (122, 129)}",96,33456,0.06279134750366211
Graph_150_11175_0,150,11175,149,"{(0, 51), (0, 115), (0, 60), (0, 5), (0, 124), (0, 69), (0, 14), (0, 133), (0, 78), (0, 23), (0, 142), (0, 87), (0, 44), (0, 108), (0, 53), (0, 117), (0, 62), (0, 7), (0, 126), (0, 71), (0, 16), (0, 135), (0, 80), (0, 144), (0, 37), (0, 101), (0, 46), (0, 110), (0, 55), (0, 119), (0, 64), (0, 9), (0, 128), (0, 73), (0, 137), (0, 30), (0, 94), (0, 39), (0, 103), (0, 48), (0, 112), (0, 57), (0, 2), (0, 121), (0, 66), (0, 130), (0, 32), (0, 96), (0, 41), (0, 105), (0, 50), (0, 114), (0, 59), (0, 123), (0, 68), (0, 132), (0, 25), (0, 89), (0, 34), (0, 98), (0, 43), (0, 107), (0, 52), (0, 116), (0, 61), (0, 125), (0, 18), (0, 82), (0, 27), (0, 146), (0, 91), (0, 36), (0, 100), (0, 45), (0, 109), (0, 54), (0, 118), (0, 11), (0, 75), (0, 20), (0, 139), (0, 84), (0, 29), (0, 148), (0, 93), (0, 38), (0, 102), (0, 47), (0, 111), (0, 4), (0, 13), (0, 77), (0, 22), (0, 141), (0, 86), (0, 31), (0, 95), (0, 40), (0, 104), (0, 113), (0, 6), (0, 70), (0, 15), (0, 134), (0, 79), (0, 24), (0, 143), (0, 88), (0, 33), (0, 97), (0, 42), (0, 106), (0, 63), (0, 8), (0, 127), (0, 72), (0, 17), (0, 136), (0, 81), (0, 26), (0, 145), (0, 90), (0, 35), (0, 99), (0, 56), (0, 1), (0, 120), (0, 65), (0, 10), (0, 129), (0, 74), (0, 19), (0, 138), (0, 83), (0, 28), (0, 147), (0, 92), (0, 49), (0, 58), (0, 3), (0, 122), (0, 67), (0, 12), (0, 131), (0, 76), (0, 21), (0, 140), (0, 85), (0, 149)}",149,55875,0.11225390434265137
Graph_150_11175_1,150,11175,149,"{(0, 51), (0, 115), (0, 60), (0, 5), (0, 124), (0, 69), (0, 14), (0, 133), (0, 78), (0, 23), (0, 142), (0, 87), (0, 44), (0, 108), (0, 53), (0, 117), (0, 62), (0, 7), (0, 126), (0, 71), (0, 16), (0, 135), (0, 80), (0, 144), (0, 37), (0, 101), (0, 46), (0, 110), (0, 55), (0, 119), (0, 64), (0, 9), (0, 128), (0, 73), (0, 137), (0, 30), (0, 94), (0, 39), (0, 103), (0, 48), (0, 112), (0, 57), (0, 2), (0, 121), (0, 66), (0, 130), (0, 32), (0, 96), (0, 41), (0, 105), (0, 50), (0, 114), (0, 59), (0, 123), (0, 68), (0, 132), (0, 25), (0, 89), (0, 34), (0, 98), (0, 43), (0, 107), (0, 52), (0, 116), (0, 61), (0, 125), (0, 18), (0, 82), (0, 27), (0, 146), (0, 91), (0, 36), (0, 100), (0, 45), (0, 109), (0, 54), (0, 118), (0, 11), (0, 75), (0, 20), (0, 139), (0, 84), (0, 29), (0, 148), (0, 93), (0, 38), (0, 102), (0, 47), (0, 111), (0, 4), (0, 13), (0, 77), (0, 22), (0, 141), (0, 86), (0, 31), (0, 95), (0, 40), (0, 104), (0, 113), (0, 6), (0, 70), (0, 15), (0, 134), (0, 79), (0, 24), (0, 143), (0, 88), (0, 33), (0, 97), (0, 42), (0, 106), (0, 63), (0, 8), (0, 127), (0, 72), (0, 17), (0, 136), (0, 81), (0, 26), (0, 145), (0, 90), (0, 35), (0, 99), (0, 56), (0, 1), (0, 120), (0, 65), (0, 10), (0, 129), (0, 74), (0, 19), (0, 138), (0, 83), (0, 28), (0, 147), (0, 92), (0, 49), (0, 58), (0, 3), (0, 122), (0, 67), (0, 12), (0, 131), (0, 76), (0, 21), (0, 140), (0, 85), (0, 149)}",149,55875,0.14377140998840332
Graph_175_1904_0,175,1904,13,"{(23, 162), (124, 162), (86, 162), (136, 162), (72, 162), (15, 162), (44, 162), (88, 162), (116, 162), (138, 162), (133, 162), (71, 162), (47, 162)}",13,4641,0.0030012130737304688
Graph_175_1904_1,175,1904,12,"{(51, 140), (51, 101), (11, 51), (51, 133), (33, 51), (41, 51), (51, 129), (48, 51), (7, 51), (51, 65), (51, 87), (36, 51)}",12,4278,0.0065958499908447266
Graph_175_3807_0,175,3807,29,"{(27, 53), (53, 72), (47, 53), (53, 133), (53, 139), (53, 87), (53, 151), (16, 53), (53, 108), (18, 53), (22, 53), (53, 132), (53, 83), (0, 53), (44, 53), (53, 86), (53, 153), (53, 98), (53, 150), (48, 53), (53, 113), (53, 116), (53, 70), (4, 53), (53, 134), (53, 79), (8, 53), (53, 158), (53, 173)}",29,10585,0.008320331573486328
Graph_175_3807_1,175,3807,29,"{(76, 101), (76, 119), (37, 76), (17, 76), (74, 76), (1, 76), (76, 140), (76, 155), (76, 88), (76, 158), (76, 161), (23, 76), (13, 76), (60, 76), (76, 78), (25, 76), (76, 148), (16, 76), (71, 76), (20, 76), (76, 169), (53, 76), (76, 166), (76, 138), (0, 76), (33, 76), (24, 76), (68, 76), (76, 147)}",29,10585,0.012822628021240234
Graph_175_7613_0,175,7613,70,"{(4, 49), (49, 81), (19, 49), (49, 145), (41, 49), (10, 49), (43, 49), (49, 154), (49, 160), (1, 49), (49, 163), (49, 102), (49, 96), (49, 108), (49, 120), (49, 59), (23, 49), (34, 49), (49, 126), (49, 65), (49, 71), (49, 129), (49, 80), (5, 49), (49, 144), (49, 83), (49, 147), (49, 86), (49, 150), (49, 95), (49, 101), (49, 159), (49, 165), (49, 104), (25, 49), (49, 107), (49, 168), (18, 49), (49, 171), (49, 110), (31, 49), (49, 64), (49, 70), (49, 128), (49, 134), (49, 73), (49, 76), (49, 82), (49, 79), (49, 146), (49, 143), (49, 88), (11, 49), (49, 97), (49, 155), (0, 49), (49, 106), (15, 49), (49, 103), (49, 54), (6, 49), (49, 112), (49, 51), (49, 57), (49, 63), (49, 66), (37, 49), (49, 133), (49, 139), (49, 78)}",70,26985,0.04025006294250488
Graph_175_7613_1,175,7613,68,"{(43, 150), (43, 156), (8, 43), (43, 101), (43, 162), (43, 159), (43, 165), (43, 110), (43, 168), (43, 174), (43, 58), (43, 55), (43, 125), (43, 70), (43, 128), (21, 43), (43, 73), (23, 43), (43, 137), (43, 76), (43, 143), (14, 43), (36, 43), (43, 91), (5, 43), (43, 94), (43, 158), (43, 100), (43, 106), (43, 45), (43, 164), (43, 109), (43, 115), (43, 48), (43, 173), (43, 112), (43, 63), (43, 121), (43, 60), (43, 127), (43, 72), (43, 130), (43, 69), (31, 43), (43, 136), (43, 133), (43, 78), (43, 84), (43, 81), (43, 96), (9, 43), (43, 160), (43, 99), (43, 44), (0, 43), (43, 102), (43, 166), (43, 105), (43, 56), (43, 120), (26, 43), (15, 43), (6, 43), (39, 43), (43, 68), (43, 80), (37, 43), (43, 86)}",68,26146,0.047643184661865234
Graph_175_11419_0,175,11419,116,"{(4, 9), (9, 63), (8, 9), (9, 81), (9, 26), (9, 35), (9, 154), (9, 163), (9, 56), (9, 120), (9, 10), (9, 19), (9, 138), (9, 83), (9, 147), (9, 156), (9, 49), (9, 113), (9, 58), (9, 67), (9, 12), (9, 131), (0, 9), (9, 76), (9, 140), (9, 85), (9, 42), (9, 115), (9, 60), (9, 69), (9, 133), (9, 78), (9, 108), (9, 53), (9, 117), (5, 9), (9, 62), (9, 126), (9, 16), (7, 9), (9, 37), (9, 46), (9, 110), (9, 119), (9, 64), (9, 128), (9, 73), (9, 137), (9, 30), (9, 39), (9, 158), (9, 103), (9, 48), (9, 167), (9, 112), (9, 57), (9, 66), (9, 130), (9, 23), (9, 87), (9, 32), (9, 151), (9, 96), (9, 41), (9, 160), (9, 50), (9, 114), (3, 9), (9, 59), (9, 123), (9, 34), (9, 153), (9, 98), (9, 43), (9, 162), (9, 107), (9, 52), (9, 171), (9, 116), (9, 61), (9, 125), (9, 18), (9, 82), (9, 27), (9, 100), (9, 45), (9, 164), (9, 109), (9, 54), (9, 173), (9, 11), (9, 75), (9, 20), (9, 139), (9, 84), (9, 148), (9, 38), (9, 102), (9, 47), (9, 111), (9, 68), (9, 13), (9, 132), (9, 77), (9, 31), (9, 150), (9, 95), (9, 40), (9, 159), (9, 15), (9, 134), (2, 9), (9, 79), (9, 88), (9, 152), (9, 97)}",116,47386,0.09655618667602539
Graph_175_11419_1,175,11419,111,"{(109, 129), (129, 162), (120, 129), (129, 171), (80, 129), (34, 129), (45, 129), (58, 129), (82, 129), (71, 129), (129, 146), (7, 129), (86, 129), (129, 164), (9, 129), (88, 129), (129, 130), (75, 129), (129, 139), (48, 129), (24, 129), (13, 129), (129, 148), (114, 129), (35, 129), (103, 129), (129, 157), (37, 129), (105, 129), (116, 129), (65, 129), (76, 129), (129, 141), (129, 159), (67, 129), (89, 129), (27, 129), (3, 129), (93, 129), (129, 143), (129, 152), (16, 129), (95, 129), (55, 129), (20, 129), (129, 173), (108, 129), (129, 136), (46, 129), (33, 129), (112, 129), (6, 129), (72, 129), (125, 129), (85, 129), (74, 129), (129, 138), (36, 129), (23, 129), (102, 129), (91, 129), (129, 131), (25, 129), (104, 129), (29, 129), (119, 129), (40, 129), (129, 170), (129, 133), (66, 129), (42, 129), (121, 129), (26, 129), (2, 129), (81, 129), (129, 172), (70, 129), (59, 129), (43, 129), (19, 129), (30, 129), (129, 156), (56, 129), (21, 129), (129, 165), (100, 129), (129, 174), (5, 129), (60, 129), (126, 129), (113, 129), (129, 140), (73, 129), (49, 129), (128, 129), (117, 129), (129, 158), (77, 129), (11, 129), (90, 129), (129, 142), (39, 129), (15, 129), (129, 151), (129, 160), (129, 169), (41, 129), (28, 129), (107, 129), (17, 129), (129, 144)}",111,45066,0.09159541130065918
Graph_175_15225_0,175,15225,174,"{(0, 158), (0, 51), (0, 115), (0, 60), (0, 5), (0, 124), (0, 69), (0, 14), (0, 133), (0, 78), (0, 23), (0, 142), (0, 87), (0, 151), (0, 44), (0, 108), (0, 53), (0, 172), (0, 117), (0, 62), (0, 7), (0, 126), (0, 71), (0, 16), (0, 135), (0, 80), (0, 144), (0, 37), (0, 101), (0, 46), (0, 165), (0, 110), (0, 55), (0, 174), (0, 119), (0, 64), (0, 9), (0, 128), (0, 73), (0, 137), (0, 30), (0, 94), (0, 39), (0, 103), (0, 48), (0, 167), (0, 112), (0, 57), (0, 2), (0, 121), (0, 66), (0, 130), (0, 32), (0, 96), (0, 41), (0, 160), (0, 105), (0, 50), (0, 169), (0, 114), (0, 59), (0, 123), (0, 68), (0, 132), (0, 25), (0, 89), (0, 34), (0, 153), (0, 98), (0, 43), (0, 162), (0, 107), (0, 52), (0, 171), (0, 116), (0, 61), (0, 125), (0, 18), (0, 82), (0, 27), (0, 146), (0, 91), (0, 36), (0, 155), (0, 100), (0, 45), (0, 164), (0, 109), (0, 54), (0, 173), (0, 118), (0, 11), (0, 75), (0, 20), (0, 139), (0, 84), (0, 29), (0, 148), (0, 93), (0, 38), (0, 157), (0, 102), (0, 47), (0, 166), (0, 111), (0, 4), (0, 13), (0, 77), (0, 22), (0, 141), (0, 86), (0, 31), (0, 150), (0, 95), (0, 40), (0, 159), (0, 104), (0, 168), (0, 113), (0, 6), (0, 70), (0, 15), (0, 134), (0, 79), (0, 24), (0, 143), (0, 88), (0, 33), (0, 152), (0, 97), (0, 42), (0, 161), (0, 106), (0, 170), (0, 63), (0, 8), (0, 127), (0, 72), (0, 17), (0, 136), (0, 81), (0, 26), (0, 145), (0, 90), (0, 35), (0, 154), (0, 99), (0, 163), (0, 56), (0, 1), (0, 120), (0, 65), (0, 10), (0, 129), (0, 74), (0, 19), (0, 138), (0, 83), (0, 28), (0, 147), (0, 92), (0, 156), (0, 49), (0, 58), (0, 3), (0, 122), (0, 67), (0, 12), (0, 131), (0, 76), (0, 21), (0, 140), (0, 85), (0, 149)}",174,76125,0.19335174560546875
Graph_175_15225_1,175,15225,174,"{(0, 158), (0, 51), (0, 115), (0, 60), (0, 5), (0, 124), (0, 69), (0, 14), (0, 133), (0, 78), (0, 23), (0, 142), (0, 87), (0, 151), (0, 44), (0, 108), (0, 53), (0, 172), (0, 117), (0, 62), (0, 7), (0, 126), (0, 71), (0, 16), (0, 135), (0, 80), (0, 144), (0, 37), (0, 101), (0, 46), (0, 165), (0, 110), (0, 55), (0, 174), (0, 119), (0, 64), (0, 9), (0, 128), (0, 73), (0, 137), (0, 30), (0, 94), (0, 39), (0, 103), (0, 48), (0, 167), (0, 112), (0, 57), (0, 2), (0, 121), (0, 66), (0, 130), (0, 32), (0, 96), (0, 41), (0, 160), (0, 105), (0, 50), (0, 169), (0, 114), (0, 59), (0, 123), (0, 68), (0, 132), (0, 25), (0, 89), (0, 34), (0, 153), (0, 98), (0, 43), (0, 162), (0, 107), (0, 52), (0, 171), (0, 116), (0, 61), (0, 125), (0, 18), (0, 82), (0, 27), (0, 146), (0, 91), (0, 36), (0, 155), (0, 100), (0, 45), (0, 164), (0, 109), (0, 54), (0, 173), (0, 118), (0, 11), (0, 75), (0, 20), (0, 139), (0, 84), (0, 29), (0, 148), (0, 93), (0, 38), (0, 157), (0, 102), (0, 47), (0, 166), (0, 111), (0, 4), (0, 13), (0, 77), (0, 22), (0, 141), (0, 86), (0, 31), (0, 150), (0, 95), (0, 40), (0, 159), (0, 104), (0, 168), (0, 113), (0, 6), (0, 70), (0, 15), (0, 134), (0, 79), (0, 24), (0, 143), (0, 88), (0, 33), (0, 152), (0, 97), (0, 42), (0, 161), (0, 106), (0, 170), (0, 63), (0, 8), (0, 127), (0, 72), (0, 17), (0, 136), (0, 81), (0, 26), (0, 145), (0, 90), (0, 35), (0, 154), (0, 99), (0, 163), (0, 56), (0, 1), (0, 120), (0, 65), (0, 10), (0, 129), (0, 74), (0, 19), (0, 138), (0, 83), (0, 28), (0, 147), (0, 92), (0, 156), (0, 49), (0, 58), (0, 3), (0, 122), (0, 67), (0, 12), (0, 131), (0, 76), (0, 21), (0, 140), (0, 85), (0, 149)}",174,76125,0.1884922981262207
Graph_200_2488_0,200,2488,13,"{(177, 199), (153, 199), (100, 199), (30, 199), (155, 199), (195, 199), (36, 199), (15, 199), (107, 199), (62, 199), (176, 199), (93, 199), (39, 199)}",13,5291,0.007974624633789062
Graph_200_2488_1,200,2488,12,"{(103, 166), (71, 103), (100, 103), (38, 103), (103, 120), (80, 103), (34, 103), (32, 103), (98, 103), (103, 161), (103, 106), (103, 128)}",12,4878,0.004004478454589844
Graph_200_4976_0,200,4976,32,"{(53, 72), (47, 53), (53, 197), (53, 87), (53, 151), (53, 93), (53, 99), (16, 53), (53, 102), (18, 53), (22, 53), (53, 56), (53, 132), (53, 190), (53, 80), (44, 53), (53, 153), (53, 98), (53, 150), (48, 53), (26, 53), (53, 134), (53, 79), (53, 140), (41, 53), (52, 53), (19, 53), (30, 53), (53, 158), (53, 170), (53, 173), (12, 53)}",32,13328,0.014360189437866211
Graph_200_4976_1,200,4976,34,"{(2, 88), (57, 88), (88, 97), (88, 112), (88, 182), (88, 185), (88, 194), (61, 88), (10, 88), (43, 88), (88, 96), (88, 172), (21, 88), (88, 181), (87, 88), (34, 88), (88, 129), (88, 193), (36, 88), (88, 156), (88, 162), (16, 88), (49, 88), (38, 88), (18, 88), (88, 177), (53, 88), (88, 122), (88, 186), (55, 88), (77, 88), (88, 134), (42, 88), (88, 155)}",34,14195,0.01388096809387207
Graph_200_9951_0,200,9951,81,"{(9, 170), (9, 127), (9, 136), (9, 81), (9, 26), (9, 145), (9, 35), (9, 163), (9, 10), (9, 19), (9, 28), (9, 147), (9, 113), (9, 58), (9, 177), (9, 67), (9, 76), (9, 195), (9, 140), (9, 149), (9, 42), (9, 115), (9, 69), (9, 188), (9, 14), (9, 133), (9, 78), (9, 142), (9, 117), (9, 62), (9, 71), (9, 190), (9, 16), (9, 144), (7, 9), (9, 37), (9, 110), (9, 55), (9, 174), (9, 119), (9, 128), (9, 73), (9, 192), (9, 30), (9, 39), (9, 167), (9, 57), (9, 176), (9, 185), (9, 23), (9, 151), (9, 96), (9, 105), (9, 114), (9, 187), (9, 25), (9, 34), (9, 153), (9, 43), (9, 171), (9, 61), (9, 189), (9, 27), (9, 155), (9, 164), (9, 182), (9, 75), (9, 139), (9, 84), (9, 102), (9, 111), (9, 175), (9, 68), (9, 132), (9, 31), (9, 40), (9, 159), (9, 15), (2, 9), (9, 79), (9, 97)}",81,35721,0.07344484329223633
Graph_200_9951_1,200,9951,81,"{(82, 157), (150, 157), (55, 157), (31, 157), (110, 157), (157, 180), (44, 157), (33, 157), (99, 157), (123, 157), (157, 164), (50, 157), (140, 157), (151, 157), (63, 157), (153, 157), (157, 194), (12, 157), (23, 157), (102, 157), (78, 157), (91, 157), (25, 157), (119, 157), (157, 159), (42, 157), (121, 157), (147, 157), (157, 189), (6, 157), (125, 157), (19, 157), (74, 157), (100, 157), (36, 157), (47, 157), (126, 157), (49, 157), (139, 157), (128, 157), (117, 157), (157, 193), (53, 157), (11, 157), (0, 157), (66, 157), (156, 157), (26, 157), (17, 157), (157, 161), (83, 157), (94, 157), (157, 179), (157, 197), (80, 157), (45, 157), (137, 157), (157, 190), (7, 157), (97, 157), (62, 157), (152, 157), (141, 157), (75, 157), (157, 174), (130, 157), (24, 157), (13, 157), (103, 157), (35, 157), (114, 157), (39, 157), (69, 157), (37, 157), (157, 158), (131, 157), (157, 176), (157, 185), (109, 157), (14, 157), (58, 157)}",81,35721,0.06365680694580078
Graph_200_14926_0,200,14926,131,"{(43, 156), (43, 101), (43, 46), (43, 110), (43, 67), (43, 131), (12, 43), (23, 43), (43, 195), (43, 94), (27, 43), (43, 158), (43, 103), (43, 167), (25, 43), (43, 60), (40, 43), (43, 133), (43, 78), (43, 197), (43, 142), (43, 87), (43, 96), (43, 160), (43, 169), (2, 43), (43, 62), (43, 126), (43, 71), (43, 190), (43, 80), (43, 89), (43, 153), (43, 98), (43, 162), (19, 43), (43, 55), (43, 119), (43, 64), (43, 183), (43, 128), (43, 73), (43, 192), (43, 137), (43, 82), (36, 43), (43, 91), (43, 155), (43, 48), (43, 112), (43, 57), (43, 176), (43, 121), (43, 75), (43, 194), (43, 139), (43, 148), (11, 43), (26, 43), (43, 59), (43, 178), (15, 43), (43, 123), (43, 68), (43, 187), (43, 77), (43, 196), (28, 43), (32, 43), (43, 52), (43, 171), (43, 116), (43, 70), (43, 189), (34, 43), (5, 43), (43, 45), (43, 164), (43, 109), (43, 173), (43, 63), (43, 182), (7, 43), (43, 127), (43, 72), (43, 191), (22, 43), (9, 43), (43, 47), (43, 166), (35, 43), (43, 56), (43, 175), (43, 184), (43, 129), (39, 43), (43, 193), (37, 43), (43, 86), (43, 95), (41, 43), (43, 104), (43, 168), (1, 43), (43, 113), (43, 177), (43, 122), (14, 43), (3, 43), (43, 88), (43, 152), (43, 97), (43, 106), (43, 51), (43, 115), (43, 179), (16, 43), (43, 124), (20, 43), (43, 81), (43, 145), (43, 90), (43, 154), (33, 43), (43, 108), (43, 53), (43, 117), (43, 181), (43, 138), (43, 83), (43, 147)}",131,61046,0.13827252388000488
Graph_200_14926_1,200,14926,132,"{(152, 182), (141, 182), (33, 182), (44, 182), (99, 182), (88, 182), (154, 182), (103, 182), (114, 182), (169, 182), (61, 182), (50, 182), (127, 182), (116, 182), (171, 182), (182, 191), (10, 182), (131, 182), (63, 182), (12, 182), (23, 182), (89, 182), (67, 182), (144, 182), (133, 182), (27, 182), (93, 182), (182, 184), (182, 193), (25, 182), (106, 182), (95, 182), (84, 182), (110, 182), (182, 186), (163, 182), (182, 195), (68, 182), (57, 182), (112, 182), (46, 182), (178, 182), (123, 182), (6, 182), (70, 182), (125, 182), (180, 182), (8, 182), (182, 188), (85, 182), (19, 182), (151, 182), (30, 182), (87, 182), (36, 182), (47, 182), (181, 182), (168, 182), (182, 190), (51, 182), (182, 199), (49, 182), (38, 182), (104, 182), (53, 182), (64, 182), (182, 183), (182, 192), (11, 182), (0, 182), (132, 182), (176, 182), (26, 182), (15, 182), (81, 182), (147, 182), (136, 182), (134, 182), (17, 182), (28, 182), (182, 185), (138, 182), (160, 182), (43, 182), (32, 182), (164, 182), (45, 182), (100, 182), (111, 182), (155, 182), (177, 182), (166, 182), (5, 182), (126, 182), (179, 182), (73, 182), (62, 182), (139, 182), (128, 182), (22, 182), (77, 182), (143, 182), (130, 182), (35, 182), (24, 182), (101, 182), (13, 182), (156, 182), (145, 182), (39, 182), (37, 182), (158, 182), (52, 182), (107, 182), (173, 182), (162, 182), (182, 194), (54, 182), (120, 182), (109, 182), (175, 182), (14, 182), (69, 182), (58, 182), (124, 182), (135, 182), (182, 187), (16, 182), (71, 182), (82, 182), (137, 182), (31, 182)}",132,61578,0.16415953636169434
Graph_200_19900_0,200,19900,199,"{(0, 158), (0, 51), (0, 115), (0, 60), (0, 179), (0, 5), (0, 124), (0, 69), (0, 188), (0, 14), (0, 133), (0, 78), (0, 197), (0, 23), (0, 142), (0, 87), (0, 151), (0, 44), (0, 108), (0, 53), (0, 172), (0, 117), (0, 62), (0, 181), (0, 7), (0, 126), (0, 71), (0, 190), (0, 16), (0, 135), (0, 80), (0, 199), (0, 144), (0, 37), (0, 101), (0, 46), (0, 165), (0, 110), (0, 55), (0, 174), (0, 119), (0, 64), (0, 183), (0, 9), (0, 128), (0, 73), (0, 192), (0, 137), (0, 30), (0, 94), (0, 39), (0, 103), (0, 48), (0, 167), (0, 112), (0, 57), (0, 176), (0, 2), (0, 121), (0, 66), (0, 185), (0, 130), (0, 194), (0, 32), (0, 96), (0, 41), (0, 160), (0, 105), (0, 50), (0, 169), (0, 114), (0, 59), (0, 178), (0, 123), (0, 68), (0, 187), (0, 132), (0, 196), (0, 25), (0, 89), (0, 34), (0, 153), (0, 98), (0, 43), (0, 162), (0, 107), (0, 52), (0, 171), (0, 116), (0, 61), (0, 180), (0, 125), (0, 189), (0, 18), (0, 82), (0, 27), (0, 146), (0, 91), (0, 36), (0, 155), (0, 100), (0, 45), (0, 164), (0, 109), (0, 54), (0, 173), (0, 118), (0, 182), (0, 11), (0, 75), (0, 20), (0, 139), (0, 84), (0, 29), (0, 148), (0, 93), (0, 38), (0, 157), (0, 102), (0, 47), (0, 166), (0, 111), (0, 175), (0, 4), (0, 13), (0, 77), (0, 22), (0, 141), (0, 86), (0, 31), (0, 150), (0, 95), (0, 40), (0, 159), (0, 104), (0, 168), (0, 113), (0, 177), (0, 6), (0, 70), (0, 15), (0, 134), (0, 79), (0, 198), (0, 24), (0, 143), (0, 88), (0, 33), (0, 152), (0, 97), (0, 42), (0, 161), (0, 106), (0, 170), (0, 63), (0, 8), (0, 127), (0, 72), (0, 191), (0, 17), (0, 136), (0, 81), (0, 26), (0, 145), (0, 90), (0, 35), (0, 154), (0, 99), (0, 163), (0, 56), (0, 1), (0, 120), (0, 65), (0, 184), (0, 10), (0, 129), (0, 74), (0, 193), (0, 19), (0, 138), (0, 83), (0, 28), (0, 147), (0, 92), (0, 156), (0, 49), (0, 58), (0, 3), (0, 122), (0, 67), (0, 186), (0, 12), (0, 131), (0, 76), (0, 195), (0, 21), (0, 140), (0, 85), (0, 149)}",199,99500,0.25339436531066895
Graph_200_19900_1,200,19900,199,"{(0, 158), (0, 51), (0, 115), (0, 60), (0, 179), (0, 5), (0, 124), (0, 69), (0, 188), (0, 14), (0, 133), (0, 78), (0, 197), (0, 23), (0, 142), (0, 87), (0, 151), (0, 44), (0, 108), (0, 53), (0, 172), (0, 117), (0, 62), (0, 181), (0, 7), (0, 126), (0, 71), (0, 190), (0, 16), (0, 135), (0, 80), (0, 199), (0, 144), (0, 37), (0, 101), (0, 46), (0, 165), (0, 110), (0, 55), (0, 174), (0, 119), (0, 64), (0, 183), (0, 9), (0, 128), (0, 73), (0, 192), (0, 137), (0, 30), (0, 94), (0, 39), (0, 103), (0, 48), (0, 167), (0, 112), (0, 57), (0, 176), (0, 2), (0, 121), (0, 66), (0, 185), (0, 130), (0, 194), (0, 32), (0, 96), (0, 41), (0, 160), (0, 105), (0, 50), (0, 169), (0, 114), (0, 59), (0, 178), (0, 123), (0, 68), (0, 187), (0, 132), (0, 196), (0, 25), (0, 89), (0, 34), (0, 153), (0, 98), (0, 43), (0, 162), (0, 107), (0, 52), (0, 171), (0, 116), (0, 61), (0, 180), (0, 125), (0, 189), (0, 18), (0, 82), (0, 27), (0, 146), (0, 91), (0, 36), (0, 155), (0, 100), (0, 45), (0, 164), (0, 109), (0, 54), (0, 173), (0, 118), (0, 182), (0, 11), (0, 75), (0, 20), (0, 139), (0, 84), (0, 29), (0, 148), (0, 93), (0, 38), (0, 157), (0, 102), (0, 47), (0, 166), (0, 111), (0, 175), (0, 4), (0, 13), (0, 77), (0, 22), (0, 141), (0, 86), (0, 31), (0, 150), (0, 95), (0, 40), (0, 159), (0, 104), (0, 168), (0, 113), (0, 177), (0, 6), (0, 70), (0, 15), (0, 134), (0, 79), (0, 198), (0, 24), (0, 143), (0, 88), (0, 33), (0, 152), (0, 97), (0, 42), (0, 161), (0, 106), (0, 170), (0, 63), (0, 8), (0, 127), (0, 72), (0, 191), (0, 17), (0, 136), (0, 81), (0, 26), (0, 145), (0, 90), (0, 35), (0, 154), (0, 99), (0, 163), (0, 56), (0, 1), (0, 120), (0, 65), (0, 184), (0, 10), (0, 129), (0, 74), (0, 193), (0, 19), (0, 138), (0, 83), (0, 28), (0, 147), (0, 92), (0, 156), (0, 49), (0, 58), (0, 3), (0, 122), (0, 67), (0, 186), (0, 12), (0, 131), (0, 76), (0, 195), (0, 21), (0, 140), (0, 85), (0, 149)}",199,99500,0.2738304138183594
Graph_250_3891_0,250,3891,17,"{(189, 201), (189, 210), (9, 189), (189, 222), (104, 189), (23, 189), (2, 189), (89, 189), (189, 231), (27, 189), (112, 189), (31, 189), (151, 189), (69, 189), (48, 189), (141, 189), (19, 189)}",17,8653,0.012137174606323242
Graph_250_3891_1,250,3891,19,"{(120, 129), (14, 120), (58, 120), (5, 120), (120, 177), (53, 120), (120, 122), (120, 235), (120, 146), (2, 120), (120, 158), (120, 234), (120, 185), (19, 120), (120, 142), (120, 221), (89, 120), (120, 227), (67, 120)}",19,9690,0.00716710090637207
Graph_250_7782_0,250,7782,44,"{(189, 201), (189, 210), (92, 189), (158, 189), (17, 189), (189, 222), (94, 189), (116, 189), (189, 231), (171, 189), (19, 189), (151, 189), (10, 189), (189, 243), (54, 189), (23, 189), (89, 189), (133, 189), (155, 189), (69, 189), (27, 189), (93, 189), (189, 227), (126, 189), (189, 245), (189, 199), (104, 189), (128, 189), (31, 189), (48, 189), (141, 189), (9, 189), (189, 229), (189, 235), (11, 189), (189, 238), (189, 244), (44, 189), (2, 189), (189, 247), (24, 189), (112, 189), (189, 195), (39, 189)}",44,22990,0.02662515640258789
Graph_250_7782_1,250,7782,42,"{(102, 117), (34, 117), (117, 197), (117, 203), (117, 142), (117, 206), (117, 169), (38, 117), (49, 117), (117, 236), (95, 117), (18, 117), (71, 117), (117, 178), (110, 117), (117, 193), (117, 126), (117, 144), (117, 211), (79, 117), (66, 117), (117, 226), (117, 165), (13, 117), (46, 117), (35, 117), (117, 223), (117, 174), (15, 117), (117, 238), (117, 241), (4, 117), (117, 137), (117, 140), (28, 117), (32, 117), (117, 158), (117, 231), (117, 170), (117, 173), (117, 240), (117, 237)}",42,21903,0.027283191680908203
Graph_250_15563_0,250,15563,103,"{(55, 66), (66, 222), (66, 124), (57, 66), (66, 78), (66, 151), (66, 96), (66, 160), (59, 66), (19, 66), (66, 117), (66, 181), (66, 71), (66, 190), (66, 80), (66, 144), (66, 89), (66, 208), (21, 66), (66, 153), (66, 217), (36, 66), (66, 183), (66, 73), (66, 137), (66, 201), (66, 146), (64, 66), (66, 112), (66, 176), (66, 121), (66, 249), (66, 75), (15, 66), (66, 203), (66, 148), (66, 105), (17, 66), (28, 66), (66, 233), (66, 178), (66, 242), (66, 68), (66, 132), (66, 77), (66, 205), (34, 66), (45, 66), (56, 66), (66, 107), (66, 226), (66, 235), (66, 244), (66, 70), (66, 134), (66, 198), (62, 66), (66, 155), (66, 100), (66, 118), (66, 191), (24, 66), (39, 66), (66, 157), (66, 102), (66, 193), (1, 66), (54, 66), (66, 95), (66, 159), (14, 66), (66, 104), (3, 66), (66, 113), (66, 177), (16, 66), (66, 143), (20, 66), (31, 66), (66, 97), (66, 216), (66, 170), (66, 234), (66, 179), (48, 66), (66, 136), (66, 145), (66, 209), (66, 154), (66, 99), (66, 218), (66, 163), (66, 108), (66, 227), (61, 66), (10, 66), (66, 83), (66, 147), (66, 229), (27, 66), (66, 238), (25, 66), (66, 140)}",103,56856,0.1119241714477539
Graph_250_15563_1,250,15563,103,"{(70, 238), (59, 238), (160, 238), (215, 238), (204, 238), (8, 238), (219, 238), (217, 238), (56, 238), (21, 238), (238, 245), (177, 238), (155, 238), (166, 238), (60, 238), (181, 238), (73, 238), (49, 238), (62, 238), (38, 238), (117, 238), (77, 238), (130, 238), (196, 238), (11, 238), (79, 238), (90, 238), (156, 238), (211, 238), (41, 238), (17, 238), (96, 238), (107, 238), (52, 238), (28, 238), (173, 238), (1, 238), (122, 238), (175, 238), (69, 238), (135, 238), (82, 238), (137, 238), (18, 238), (238, 244), (141, 238), (218, 238), (99, 238), (154, 238), (220, 238), (48, 238), (24, 238), (13, 238), (61, 238), (182, 238), (237, 238), (226, 238), (10, 238), (65, 238), (131, 238), (197, 238), (184, 238), (67, 238), (89, 238), (144, 238), (133, 238), (27, 238), (3, 238), (146, 238), (40, 238), (172, 238), (150, 238), (110, 238), (231, 238), (108, 238), (46, 238), (112, 238), (191, 238), (85, 238), (129, 238), (87, 238), (63, 238), (36, 238), (238, 248), (102, 238), (157, 238), (223, 238), (115, 238), (159, 238), (225, 238), (29, 238), (185, 238), (174, 238), (66, 238), (42, 238), (121, 238), (26, 238), (2, 238), (81, 238), (15, 238), (136, 238), (202, 238), (134, 238)}",103,56856,0.10784220695495605
Graph_250_23344_0,250,23344,165,"{(21, 199), (87, 199), (177, 199), (153, 199), (142, 199), (47, 199), (199, 205), (36, 199), (126, 199), (199, 232), (49, 199), (38, 199), (115, 199), (194, 199), (159, 199), (104, 199), (64, 199), (143, 199), (119, 199), (199, 207), (199, 225), (11, 199), (66, 199), (176, 199), (15, 199), (199, 246), (134, 199), (199, 200), (17, 199), (28, 199), (94, 199), (162, 199), (149, 199), (160, 199), (138, 199), (43, 199), (122, 199), (98, 199), (199, 248), (111, 199), (155, 199), (166, 199), (199, 211), (5, 199), (113, 199), (192, 199), (7, 199), (199, 241), (18, 199), (152, 199), (117, 199), (139, 199), (128, 199), (62, 199), (22, 199), (77, 199), (199, 204), (9, 199), (75, 199), (130, 199), (24, 199), (13, 199), (101, 199), (169, 199), (145, 199), (156, 199), (39, 199), (199, 206), (37, 199), (92, 199), (182, 199), (158, 199), (52, 199), (41, 199), (96, 199), (107, 199), (118, 199), (131, 199), (197, 199), (1, 199), (199, 227), (199, 236), (199, 245), (120, 199), (109, 199), (175, 199), (3, 199), (14, 199), (80, 199), (69, 199), (124, 199), (135, 199), (199, 220), (16, 199), (71, 199), (172, 199), (82, 199), (199, 247), (20, 199), (31, 199), (97, 199), (141, 199), (33, 199), (199, 222), (88, 199), (189, 199), (99, 199), (165, 199), (48, 199), (199, 240), (103, 199), (114, 199), (193, 199), (199, 249), (127, 199), (116, 199), (195, 199), (171, 199), (105, 199), (199, 224), (76, 199), (199, 233), (23, 199), (78, 199), (157, 199), (168, 199), (144, 199), (89, 199), (199, 208), (27, 199), (93, 199), (199, 226), (199, 235), (146, 199), (199, 244), (40, 199), (106, 199), (185, 199), (161, 199), (95, 199), (55, 199), (199, 201), (199, 210), (199, 219), (163, 199), (199, 228), (2, 199), (68, 199), (199, 237), (123, 199), (57, 199), (136, 199), (72, 199), (4, 199), (70, 199), (199, 212), (30, 199), (19, 199), (199, 221), (85, 199), (74, 199), (140, 199), (129, 199), (199, 230), (151, 199)}",165,96195,0.24182581901550293
Graph_250_23344_1,250,23344,166,"{(14, 175), (175, 184), (80, 175), (175, 248), (124, 175), (3, 175), (135, 175), (58, 175), (175, 202), (71, 175), (82, 175), (86, 175), (97, 175), (175, 232), (152, 175), (141, 175), (175, 177), (175, 241), (175, 186), (175, 195), (44, 175), (33, 175), (99, 175), (165, 175), (154, 175), (169, 175), (175, 225), (175, 243), (175, 188), (50, 175), (175, 197), (127, 175), (105, 175), (65, 175), (175, 227), (175, 236), (23, 175), (175, 181), (78, 175), (89, 175), (67, 175), (12, 175), (175, 190), (93, 175), (148, 175), (25, 175), (146, 175), (175, 220), (29, 175), (40, 175), (84, 175), (95, 175), (172, 175), (150, 175), (175, 238), (175, 183), (55, 175), (175, 247), (42, 175), (108, 175), (2, 175), (57, 175), (175, 213), (167, 175), (175, 222), (6, 175), (175, 231), (175, 176), (175, 185), (175, 249), (59, 175), (19, 175), (30, 175), (74, 175), (164, 175), (151, 175), (140, 175), (129, 175), (175, 206), (175, 233), (87, 175), (142, 175), (36, 175), (91, 175), (157, 175), (168, 175), (51, 175), (175, 208), (175, 217), (38, 175), (104, 175), (115, 175), (159, 175), (175, 226), (170, 175), (53, 175), (64, 175), (174, 175), (175, 192), (11, 175), (0, 175), (66, 175), (175, 201), (132, 175), (175, 210), (175, 219), (15, 175), (81, 175), (175, 228), (136, 175), (134, 175), (17, 175), (28, 175), (83, 175), (149, 175), (175, 194), (175, 203), (43, 175), (32, 175), (175, 221), (175, 230), (45, 175), (56, 175), (166, 175), (175, 187), (5, 175), (60, 175), (126, 175), (175, 205), (175, 214), (113, 175), (175, 223), (18, 175), (7, 175), (73, 175), (139, 175), (77, 175), (175, 180), (175, 244), (175, 189), (9, 175), (175, 198), (75, 175), (130, 175), (175, 207), (24, 175), (13, 175), (90, 175), (79, 175), (145, 175), (39, 175), (37, 175), (175, 246), (158, 175), (175, 191), (175, 200), (52, 175), (41, 175), (118, 175), (107, 175), (173, 175), (162, 175), (1, 175), (122, 175), (54, 175), (120, 175)}",166,96861,0.2420821189880371
Graph_250_31125_0,250,31125,249,"{(0, 158), (0, 222), (0, 51), (0, 115), (0, 60), (0, 179), (0, 5), (0, 124), (0, 243), (0, 69), (0, 188), (0, 14), (0, 133), (0, 78), (0, 197), (0, 23), (0, 142), (0, 87), (0, 206), (0, 151), (0, 215), (0, 44), (0, 108), (0, 53), (0, 172), (0, 117), (0, 236), (0, 62), (0, 181), (0, 7), (0, 126), (0, 245), (0, 71), (0, 190), (0, 16), (0, 135), (0, 80), (0, 199), (0, 144), (0, 208), (0, 37), (0, 101), (0, 46), (0, 165), (0, 110), (0, 229), (0, 55), (0, 174), (0, 119), (0, 238), (0, 64), (0, 183), (0, 9), (0, 128), (0, 247), (0, 73), (0, 192), (0, 137), (0, 201), (0, 30), (0, 94), (0, 39), (0, 103), (0, 48), (0, 167), (0, 112), (0, 231), (0, 57), (0, 176), (0, 2), (0, 121), (0, 240), (0, 66), (0, 185), (0, 130), (0, 249), (0, 194), (0, 203), (0, 32), (0, 96), (0, 41), (0, 160), (0, 105), (0, 224), (0, 50), (0, 169), (0, 114), (0, 233), (0, 59), (0, 178), (0, 123), (0, 242), (0, 68), (0, 187), (0, 132), (0, 196), (0, 25), (0, 89), (0, 34), (0, 153), (0, 98), (0, 217), (0, 43), (0, 162), (0, 107), (0, 226), (0, 52), (0, 171), (0, 116), (0, 235), (0, 61), (0, 180), (0, 125), (0, 244), (0, 189), (0, 18), (0, 82), (0, 27), (0, 146), (0, 91), (0, 210), (0, 36), (0, 155), (0, 100), (0, 219), (0, 45), (0, 164), (0, 109), (0, 228), (0, 54), (0, 173), (0, 118), (0, 237), (0, 182), (0, 246), (0, 11), (0, 75), (0, 20), (0, 139), (0, 84), (0, 29), (0, 148), (0, 93), (0, 212), (0, 38), (0, 157), (0, 102), (0, 221), (0, 47), (0, 166), (0, 111), (0, 230), (0, 175), (0, 239), (0, 248), (0, 4), (0, 13), (0, 77), (0, 22), (0, 141), (0, 86), (0, 205), (0, 31), (0, 150), (0, 95), (0, 214), (0, 40), (0, 159), (0, 104), (0, 223), (0, 168), (0, 113), (0, 232), (0, 177), (0, 241), (0, 6), (0, 70), (0, 15), (0, 134), (0, 79), (0, 198), (0, 24), (0, 143), (0, 88), (0, 207), (0, 33), (0, 152), (0, 97), (0, 216), (0, 42), (0, 161), (0, 106), (0, 225), (0, 170), (0, 234), (0, 63), (0, 8), (0, 127), (0, 72), (0, 191), (0, 17), (0, 136), (0, 81), (0, 200), (0, 26), (0, 145), (0, 90), (0, 209), (0, 35), (0, 154), (0, 99), (0, 218), (0, 163), (0, 227), (0, 56), (0, 1), (0, 120), (0, 65), (0, 184), (0, 10), (0, 129), (0, 74), (0, 193), (0, 19), (0, 138), (0, 83), (0, 202), (0, 28), (0, 147), (0, 92), (0, 211), (0, 156), (0, 220), (0, 49), (0, 58), (0, 3), (0, 122), (0, 67), (0, 186), (0, 12), (0, 131), (0, 76), (0, 195), (0, 21), (0, 140), (0, 85), (0, 204), (0, 149), (0, 213)}",249,155625,0.49210500717163086
Graph_250_31125_1,250,31125,249,"{(0, 158), (0, 222), (0, 51), (0, 115), (0, 60), (0, 179), (0, 5), (0, 124), (0, 243), (0, 69), (0, 188), (0, 14), (0, 133), (0, 78), (0, 197), (0, 23), (0, 142), (0, 87), (0, 206), (0, 151), (0, 215), (0, 44), (0, 108), (0, 53), (0, 172), (0, 117), (0, 236), (0, 62), (0, 181), (0, 7), (0, 126), (0, 245), (0, 71), (0, 190), (0, 16), (0, 135), (0, 80), (0, 199), (0, 144), (0, 208), (0, 37), (0, 101), (0, 46), (0, 165), (0, 110), (0, 229), (0, 55), (0, 174), (0, 119), (0, 238), (0, 64), (0, 183), (0, 9), (0, 128), (0, 247), (0, 73), (0, 192), (0, 137), (0, 201), (0, 30), (0, 94), (0, 39), (0, 103), (0, 48), (0, 167), (0, 112), (0, 231), (0, 57), (0, 176), (0, 2), (0, 121), (0, 240), (0, 66), (0, 185), (0, 130), (0, 249), (0, 194), (0, 203), (0, 32), (0, 96), (0, 41), (0, 160), (0, 105), (0, 224), (0, 50), (0, 169), (0, 114), (0, 233), (0, 59), (0, 178), (0, 123), (0, 242), (0, 68), (0, 187), (0, 132), (0, 196), (0, 25), (0, 89), (0, 34), (0, 153), (0, 98), (0, 217), (0, 43), (0, 162), (0, 107), (0, 226), (0, 52), (0, 171), (0, 116), (0, 235), (0, 61), (0, 180), (0, 125), (0, 244), (0, 189), (0, 18), (0, 82), (0, 27), (0, 146), (0, 91), (0, 210), (0, 36), (0, 155), (0, 100), (0, 219), (0, 45), (0, 164), (0, 109), (0, 228), (0, 54), (0, 173), (0, 118), (0, 237), (0, 182), (0, 246), (0, 11), (0, 75), (0, 20), (0, 139), (0, 84), (0, 29), (0, 148), (0, 93), (0, 212), (0, 38), (0, 157), (0, 102), (0, 221), (0, 47), (0, 166), (0, 111), (0, 230), (0, 175), (0, 239), (0, 248), (0, 4), (0, 13), (0, 77), (0, 22), (0, 141), (0, 86), (0, 205), (0, 31), (0, 150), (0, 95), (0, 214), (0, 40), (0, 159), (0, 104), (0, 223), (0, 168), (0, 113), (0, 232), (0, 177), (0, 241), (0, 6), (0, 70), (0, 15), (0, 134), (0, 79), (0, 198), (0, 24), (0, 143), (0, 88), (0, 207), (0, 33), (0, 152), (0, 97), (0, 216), (0, 42), (0, 161), (0, 106), (0, 225), (0, 170), (0, 234), (0, 63), (0, 8), (0, 127), (0, 72), (0, 191), (0, 17), (0, 136), (0, 81), (0, 200), (0, 26), (0, 145), (0, 90), (0, 209), (0, 35), (0, 154), (0, 99), (0, 218), (0, 163), (0, 227), (0, 56), (0, 1), (0, 120), (0, 65), (0, 184), (0, 10), (0, 129), (0, 74), (0, 193), (0, 19), (0, 138), (0, 83), (0, 202), (0, 28), (0, 147), (0, 92), (0, 211), (0, 156), (0, 220), (0, 49), (0, 58), (0, 3), (0, 122), (0, 67), (0, 186), (0, 12), (0, 131), (0, 76), (0, 195), (0, 21), (0, 140), (0, 85), (0, 204), (0, 149), (0, 213)}",249,155625,0.4767124652862549
Graph_300_5607_0,300,5607,20,"{(47, 59), (59, 192), (59, 152), (59, 97), (59, 219), (59, 234), (59, 246), (59, 124), (59, 200), (59, 206), (59, 184), (59, 62), (59, 245), (59, 77), (59, 263), (59, 202), (59, 153), (59, 156), (59, 278), (23, 59)}",20,12210,0.016017675399780273
Graph_300_5607_1,300,5607,23,"{(205, 286), (205, 243), (157, 205), (82, 205), (205, 291), (172, 205), (64, 205), (77, 205), (130, 205), (205, 272), (68, 205), (205, 281), (2, 205), (193, 205), (205, 241), (92, 205), (83, 205), (182, 205), (118, 205), (140, 205), (129, 205), (65, 205), (205, 219)}",23,14076,0.018263816833496094
Graph_300_11213_0,300,11213,52,"{(10, 95), (10, 220), (10, 86), (10, 43), (10, 107), (10, 58), (10, 241), (10, 119), (10, 64), (10, 183), (10, 134), (10, 18), (10, 21), (10, 265), (10, 204), (10, 210), (10, 88), (10, 219), (10, 271), (10, 36), (10, 222), (10, 103), (10, 280), (10, 286), (10, 228), (10, 173), (10, 243), (10, 127), (0, 10), (2, 10), (10, 84), (10, 200), (10, 206), (10, 96), (10, 209), (10, 99), (10, 157), (10, 44), (10, 47), (10, 230), (10, 50), (10, 114), (10, 53), (10, 184), (10, 77), (10, 16), (10, 141), (10, 199), (10, 138), (10, 83), (10, 266), (10, 211)}",52,32578,0.04935312271118164
Graph_300_11213_1,300,11213,54,"{(233, 292), (115, 233), (203, 233), (73, 233), (38, 233), (233, 240), (106, 233), (183, 233), (216, 233), (152, 233), (22, 233), (110, 233), (233, 270), (232, 233), (99, 233), (233, 282), (229, 233), (154, 233), (220, 233), (233, 291), (0, 233), (145, 233), (233, 285), (48, 233), (2, 233), (233, 239), (81, 233), (233, 297), (202, 233), (26, 233), (193, 233), (134, 233), (233, 263), (94, 233), (138, 233), (182, 233), (204, 233), (233, 275), (50, 233), (129, 233), (65, 233), (233, 284), (233, 281), (164, 233), (122, 233), (233, 238), (109, 233), (142, 233), (233, 247), (233, 256), (210, 233), (12, 233), (56, 233), (135, 233)}",54,33885,0.05412602424621582
Graph_300_22426_0,300,22426,125,"{(15, 259), (15, 85), (15, 149), (15, 158), (15, 222), (15, 167), (15, 78), (15, 32), (15, 151), (15, 96), (15, 160), (15, 224), (15, 117), (15, 62), (15, 126), (15, 71), (15, 135), (15, 80), (15, 263), (15, 208), (15, 46), (15, 55), (15, 119), (15, 64), (15, 183), (15, 247), (15, 18), (15, 256), (15, 146), (15, 265), (15, 112), (15, 121), (10, 15), (15, 66), (15, 194), (15, 258), (15, 203), (15, 148), (15, 267), (15, 212), (15, 276), (15, 59), (15, 178), (15, 123), (15, 68), (15, 141), (15, 98), (15, 43), (15, 162), (15, 226), (15, 52), (15, 171), (15, 116), (15, 235), (15, 180), (15, 125), (15, 70), (15, 189), (15, 253), (15, 262), (6, 15), (15, 91), (15, 155), (15, 100), (15, 109), (15, 54), (15, 173), (15, 118), (15, 63), (15, 127), (15, 191), (15, 255), (15, 102), (15, 221), (15, 56), (15, 175), (15, 120), (15, 239), (15, 150), (15, 95), (15, 168), (15, 287), (15, 58), (15, 296), (11, 15), (15, 250), (15, 24), (15, 33), (15, 152), (15, 271), (15, 216), (15, 42), (15, 161), (15, 225), (15, 51), (15, 234), (15, 72), (15, 17), (15, 136), (15, 81), (15, 145), (15, 273), (15, 218), (15, 282), (15, 108), (15, 227), (15, 291), (5, 15), (15, 236), (15, 19), (15, 83), (15, 202), (15, 28), (15, 147), (15, 266), (15, 211), (15, 37), (15, 101), (15, 293), (15, 238), (15, 67), (13, 15), (15, 131), (15, 76), (15, 195)}",125,82875,0.1762712001800537
Graph_300_22426_1,300,22426,130,"{(28, 293), (28, 122), (28, 186), (28, 250), (28, 76), (28, 140), (28, 30), (28, 149), (28, 158), (28, 277), (28, 222), (28, 115), (22, 28), (28, 78), (28, 197), (28, 142), (28, 261), (28, 87), (9, 28), (28, 215), (24, 28), (13, 28), (28, 53), (28, 62), (28, 71), (28, 190), (28, 254), (28, 80), (28, 208), (28, 153), (28, 272), (1, 28), (28, 110), (28, 174), (28, 64), (28, 183), (28, 128), (28, 247), (28, 192), (28, 137), (28, 256), (28, 201), (14, 28), (28, 274), (28, 39), (28, 48), (16, 28), (28, 167), (28, 295), (28, 121), (28, 66), (28, 130), (28, 194), (28, 139), (28, 258), (28, 203), (28, 32), (28, 160), (28, 114), (28, 68), (28, 132), (28, 251), (28, 196), (28, 260), (28, 98), (28, 52), (28, 116), (28, 180), (28, 189), (28, 253), (27, 28), (28, 91), (28, 155), (28, 100), (28, 219), (28, 164), (28, 109), (28, 54), (28, 173), (28, 118), (28, 182), (28, 246), (28, 191), (28, 255), (28, 84), (28, 29), (28, 148), (28, 93), (28, 38), (28, 157), (28, 221), (28, 285), (28, 230), (28, 56), (28, 175), (28, 239), (4, 28), (28, 141), (28, 205), (28, 278), (28, 223), (28, 49), (28, 287), (28, 177), (28, 70), (28, 88), (28, 207), (28, 97), (28, 179), (28, 298), (28, 243), (28, 136), (28, 145), (28, 209), (28, 218), (28, 44), (28, 227), (28, 172), (28, 291), (26, 28), (15, 28), (28, 65), (28, 74), (28, 193), (28, 257), (28, 83), (28, 266), (28, 92), (28, 37), (28, 229)}",130,86515,0.18845391273498535
Graph_300_33638_0,300,33638,201,"{(5, 172), (126, 172), (172, 258), (172, 203), (172, 267), (172, 212), (172, 276), (113, 172), (172, 221), (172, 285), (172, 230), (62, 172), (172, 294), (117, 172), (128, 172), (22, 172), (77, 172), (172, 251), (172, 196), (172, 260), (172, 205), (172, 269), (172, 214), (24, 172), (0, 172), (79, 172), (13, 172), (156, 172), (172, 223), (101, 172), (172, 287), (11, 172), (39, 172), (92, 172), (172, 253), (41, 172), (52, 172), (96, 172), (118, 172), (172, 271), (172, 216), (172, 280), (122, 172), (3, 172), (58, 172), (69, 172), (135, 172), (124, 172), (172, 191), (80, 172), (172, 255), (172, 200), (172, 282), (71, 172), (82, 172), (137, 172), (31, 172), (86, 172), (172, 175), (172, 239), (172, 184), (172, 248), (172, 193), (172, 257), (172, 202), (172, 266), (33, 172), (44, 172), (9, 172), (172, 211), (154, 172), (165, 172), (48, 172), (114, 172), (103, 172), (172, 232), (172, 296), (172, 241), (172, 186), (61, 172), (37, 172), (116, 172), (50, 172), (171, 172), (172, 204), (172, 268), (10, 172), (76, 172), (131, 172), (12, 172), (172, 298), (78, 172), (172, 243), (133, 172), (172, 188), (144, 172), (89, 172), (172, 179), (172, 252), (27, 172), (93, 172), (172, 261), (172, 270), (146, 172), (29, 172), (106, 172), (95, 172), (161, 172), (55, 172), (172, 245), (172, 190), (172, 254), (172, 199), (172, 263), (108, 172), (163, 172), (2, 172), (68, 172), (46, 172), (123, 172), (112, 172), (172, 220), (6, 172), (172, 284), (172, 229), (72, 172), (172, 174), (172, 293), (172, 238), (172, 183), (70, 172), (172, 192), (125, 172), (172, 256), (30, 172), (74, 172), (85, 172), (151, 172), (129, 172), (140, 172), (172, 277), (172, 222), (172, 231), (172, 295), (153, 172), (172, 185), (172, 249), (36, 172), (47, 172), (91, 172), (168, 172), (51, 172), (172, 206), (172, 215), (38, 172), (25, 172), (104, 172), (172, 279), (159, 172), (115, 172), (172, 288), (170, 172), (172, 233), (172, 224), (64, 172), (53, 172), (172, 242), (132, 172), (121, 172), (172, 208), (172, 272), (172, 217), (15, 172), (172, 281), (81, 172), (26, 172), (147, 172), (172, 226), (172, 290), (172, 235), (172, 299), (17, 172), (4, 172), (83, 172), (138, 172), (160, 172), (149, 172), (32, 172), (172, 265), (98, 172), (43, 172), (164, 172), (172, 274), (172, 219), (172, 228), (172, 173), (172, 292), (34, 172), (21, 172), (111, 172), (166, 172)}",201,140901,0.42545127868652344
Graph_300_33638_1,300,33638,206,"{(104, 197), (52, 104), (104, 142), (96, 104), (104, 151), (104, 215), (1, 104), (104, 160), (104, 279), (104, 169), (104, 233), (54, 104), (14, 104), (104, 126), (69, 104), (3, 104), (104, 135), (104, 254), (104, 199), (104, 263), (104, 208), (104, 153), (104, 272), (104, 217), (104, 162), (104, 281), (82, 104), (71, 104), (20, 104), (31, 104), (97, 104), (86, 104), (104, 119), (104, 128), (104, 247), (104, 192), (104, 137), (104, 256), (104, 201), (104, 265), (44, 104), (104, 210), (88, 104), (104, 274), (104, 155), (33, 104), (104, 283), (48, 104), (104, 112), (104, 176), (104, 240), (104, 185), (104, 130), (104, 194), (61, 104), (104, 139), (104, 258), (50, 104), (104, 203), (104, 148), (104, 267), (10, 104), (104, 212), (76, 104), (104, 276), (65, 104), (63, 104), (104, 105), (12, 104), (67, 104), (104, 132), (104, 141), (93, 104), (104, 260), (104, 269), (104, 214), (25, 104), (104, 278), (29, 104), (104, 107), (95, 104), (84, 104), (104, 171), (40, 104), (104, 116), (104, 235), (104, 299), (55, 104), (104, 244), (104, 189), (104, 134), (104, 198), (104, 143), (104, 262), (42, 104), (104, 207), (104, 271), (2, 104), (57, 104), (104, 164), (6, 104), (104, 109), (72, 104), (104, 228), (104, 173), (104, 237), (104, 182), (104, 246), (59, 104), (104, 191), (104, 136), (104, 255), (8, 104), (30, 104), (85, 104), (74, 104), (19, 104), (104, 221), (104, 166), (104, 285), (104, 111), (104, 230), (21, 104), (104, 294), (87, 104), (104, 120), (104, 239), (104, 184), (104, 248), (36, 104), (47, 104), (91, 104), (104, 193), (51, 104), (104, 150), (38, 104), (104, 168), (104, 113), (53, 104), (104, 122), (104, 241), (64, 104), (104, 250), (11, 104), (66, 104), (104, 152), (104, 216), (26, 104), (104, 280), (81, 104), (104, 106), (104, 225), (104, 161), (104, 289), (104, 115), (104, 298), (104, 124), (104, 243), (104, 252), (28, 104), (17, 104), (83, 104), (94, 104), (104, 145), (32, 104), (43, 104), (98, 104), (104, 209), (104, 218), (104, 163), (104, 282), (104, 108), (104, 227), (104, 236), (104, 181), (104, 245), (45, 104), (56, 104), (5, 104), (60, 104), (104, 147), (104, 266), (104, 156), (104, 275), (104, 220), (7, 104), (73, 104), (104, 174), (104, 238), (104, 195), (9, 104), (75, 104), (104, 140), (104, 268), (24, 104), (104, 158), (104, 277), (35, 104), (90, 104), (79, 104), (101, 104), (104, 286), (104, 231), (104, 295), (37, 104), (92, 104)}",206,144921,0.4317002296447754
Graph_300_44850_0,300,44850,299,"{(0, 158), (0, 277), (0, 222), (0, 286), (0, 51), (0, 115), (0, 60), (0, 179), (0, 5), (0, 124), (0, 243), (0, 69), (0, 188), (0, 14), (0, 133), (0, 252), (0, 78), (0, 197), (0, 23), (0, 142), (0, 261), (0, 87), (0, 206), (0, 151), (0, 270), (0, 215), (0, 279), (0, 44), (0, 108), (0, 53), (0, 172), (0, 117), (0, 236), (0, 62), (0, 181), (0, 7), (0, 126), (0, 245), (0, 71), (0, 190), (0, 16), (0, 135), (0, 254), (0, 80), (0, 199), (0, 144), (0, 263), (0, 208), (0, 272), (0, 37), (0, 101), (0, 46), (0, 165), (0, 110), (0, 229), (0, 55), (0, 174), (0, 119), (0, 238), (0, 64), (0, 183), (0, 9), (0, 128), (0, 247), (0, 73), (0, 192), (0, 137), (0, 256), (0, 201), (0, 265), (0, 30), (0, 94), (0, 39), (0, 103), (0, 48), (0, 167), (0, 112), (0, 231), (0, 57), (0, 176), (0, 295), (0, 121), (0, 240), (0, 66), (0, 185), (0, 2), (0, 130), (0, 249), (0, 194), (0, 258), (0, 203), (0, 267), (0, 32), (0, 96), (0, 41), (0, 160), (0, 105), (0, 224), (0, 50), (0, 169), (0, 288), (0, 114), (0, 233), (0, 59), (0, 178), (0, 297), (0, 123), (0, 242), (0, 68), (0, 187), (0, 132), (0, 251), (0, 196), (0, 260), (0, 25), (0, 89), (0, 34), (0, 153), (0, 98), (0, 217), (0, 43), (0, 162), (0, 281), (0, 107), (0, 226), (0, 52), (0, 171), (0, 290), (0, 116), (0, 235), (0, 61), (0, 180), (0, 299), (0, 125), (0, 244), (0, 189), (0, 253), (0, 18), (0, 82), (0, 27), (0, 146), (0, 91), (0, 210), (0, 36), (0, 155), (0, 274), (0, 100), (0, 219), (0, 45), (0, 164), (0, 283), (0, 109), (0, 228), (0, 54), (0, 173), (0, 292), (0, 118), (0, 237), (0, 182), (0, 246), (0, 11), (0, 75), (0, 20), (0, 139), (0, 84), (0, 29), (0, 148), (0, 93), (0, 212), (0, 38), (0, 157), (0, 276), (0, 102), (0, 221), (0, 47), (0, 166), (0, 285), (0, 111), (0, 230), (0, 175), (0, 294), (0, 239), (0, 248), (0, 4), (0, 13), (0, 77), (0, 22), (0, 141), (0, 86), (0, 205), (0, 31), (0, 150), (0, 269), (0, 95), (0, 214), (0, 40), (0, 159), (0, 278), (0, 104), (0, 223), (0, 168), (0, 287), (0, 113), (0, 232), (0, 177), (0, 296), (0, 241), (0, 6), (0, 70), (0, 15), (0, 134), (0, 79), (0, 198), (0, 24), (0, 143), (0, 262), (0, 88), (0, 207), (0, 33), (0, 152), (0, 271), (0, 97), (0, 216), (0, 42), (0, 161), (0, 280), (0, 106), (0, 225), (0, 170), (0, 289), (0, 234), (0, 298), (0, 63), (0, 8), (0, 127), (0, 72), (0, 191), (0, 17), (0, 136), (0, 255), (0, 81), (0, 200), (0, 26), (0, 145), (0, 264), (0, 90), (0, 209), (0, 35), (0, 154), (0, 273), (0, 99), (0, 218), (0, 163), (0, 282), (0, 227), (0, 291), (0, 56), (0, 1), (0, 120), (0, 65), (0, 184), (0, 10), (0, 129), (0, 74), (0, 193), (0, 19), (0, 138), (0, 257), (0, 83), (0, 202), (0, 28), (0, 147), (0, 266), (0, 92), (0, 211), (0, 156), (0, 275), (0, 220), (0, 284), (0, 293), (0, 49), (0, 58), (0, 3), (0, 122), (0, 67), (0, 186), (0, 12), (0, 131), (0, 250), (0, 76), (0, 195), (0, 21), (0, 140), (0, 259), (0, 85), (0, 204), (0, 149), (0, 268), (0, 213)}",299,224250,0.8365621566772461
Graph_300_44850_1,300,44850,299,"{(0, 158), (0, 277), (0, 222), (0, 286), (0, 51), (0, 115), (0, 60), (0, 179), (0, 5), (0, 124), (0, 243), (0, 69), (0, 188), (0, 14), (0, 133), (0, 252), (0, 78), (0, 197), (0, 23), (0, 142), (0, 261), (0, 87), (0, 206), (0, 151), (0, 270), (0, 215), (0, 279), (0, 44), (0, 108), (0, 53), (0, 172), (0, 117), (0, 236), (0, 62), (0, 181), (0, 7), (0, 126), (0, 245), (0, 71), (0, 190), (0, 16), (0, 135), (0, 254), (0, 80), (0, 199), (0, 144), (0, 263), (0, 208), (0, 272), (0, 37), (0, 101), (0, 46), (0, 165), (0, 110), (0, 229), (0, 55), (0, 174), (0, 119), (0, 238), (0, 64), (0, 183), (0, 9), (0, 128), (0, 247), (0, 73), (0, 192), (0, 137), (0, 256), (0, 201), (0, 265), (0, 30), (0, 94), (0, 39), (0, 103), (0, 48), (0, 167), (0, 112), (0, 231), (0, 57), (0, 176), (0, 295), (0, 121), (0, 240), (0, 66), (0, 185), (0, 2), (0, 130), (0, 249), (0, 194), (0, 258), (0, 203), (0, 267), (0, 32), (0, 96), (0, 41), (0, 160), (0, 105), (0, 224), (0, 50), (0, 169), (0, 288), (0, 114), (0, 233), (0, 59), (0, 178), (0, 297), (0, 123), (0, 242), (0, 68), (0, 187), (0, 132), (0, 251), (0, 196), (0, 260), (0, 25), (0, 89), (0, 34), (0, 153), (0, 98), (0, 217), (0, 43), (0, 162), (0, 281), (0, 107), (0, 226), (0, 52), (0, 171), (0, 290), (0, 116), (0, 235), (0, 61), (0, 180), (0, 299), (0, 125), (0, 244), (0, 189), (0, 253), (0, 18), (0, 82), (0, 27), (0, 146), (0, 91), (0, 210), (0, 36), (0, 155), (0, 274), (0, 100), (0, 219), (0, 45), (0, 164), (0, 283), (0, 109), (0, 228), (0, 54), (0, 173), (0, 292), (0, 118), (0, 237), (0, 182), (0, 246), (0, 11), (0, 75), (0, 20), (0, 139), (0, 84), (0, 29), (0, 148), (0, 93), (0, 212), (0, 38), (0, 157), (0, 276), (0, 102), (0, 221), (0, 47), (0, 166), (0, 285), (0, 111), (0, 230), (0, 175), (0, 294), (0, 239), (0, 248), (0, 4), (0, 13), (0, 77), (0, 22), (0, 141), (0, 86), (0, 205), (0, 31), (0, 150), (0, 269), (0, 95), (0, 214), (0, 40), (0, 159), (0, 278), (0, 104), (0, 223), (0, 168), (0, 287), (0, 113), (0, 232), (0, 177), (0, 296), (0, 241), (0, 6), (0, 70), (0, 15), (0, 134), (0, 79), (0, 198), (0, 24), (0, 143), (0, 262), (0, 88), (0, 207), (0, 33), (0, 152), (0, 271), (0, 97), (0, 216), (0, 42), (0, 161), (0, 280), (0, 106), (0, 225), (0, 170), (0, 289), (0, 234), (0, 298), (0, 63), (0, 8), (0, 127), (0, 72), (0, 191), (0, 17), (0, 136), (0, 255), (0, 81), (0, 200), (0, 26), (0, 145), (0, 264), (0, 90), (0, 209), (0, 35), (0, 154), (0, 273), (0, 99), (0, 218), (0, 163), (0, 282), (0, 227), (0, 291), (0, 56), (0, 1), (0, 120), (0, 65), (0, 184), (0, 10), (0, 129), (0, 74), (0, 193), (0, 19), (0, 138), (0, 257), (0, 83), (0, 202), (0, 28), (0, 147), (0, 266), (0, 92), (0, 211), (0, 156), (0, 275), (0, 220), (0, 284), (0, 293), (0, 49), (0, 58), (0, 3), (0, 122), (0, 67), (0, 186), (0, 12), (0, 131), (0, 250), (0, 76), (0, 195), (0, 21), (0, 140), (0, 259), (0, 85), (0, 204), (0, 149), (0, 268), (0, 213)}",299,224250,0.828026533126831
Graph_350_7635_0,350,7635,23,"{(59, 290), (5, 59), (59, 137), (59, 149), (59, 152), (59, 103), (59, 289), (59, 295), (59, 234), (59, 292), (59, 60), (59, 322), (59, 200), (59, 273), (59, 62), (59, 312), (59, 77), (59, 263), (59, 89), (59, 156), (59, 101), (59, 223), (59, 232)}",23,16376,0.018888473510742188
Graph_350_7635_1,350,7635,28,"{(86, 313), (86, 328), (86, 212), (86, 157), (23, 86), (86, 221), (86, 224), (86, 172), (86, 181), (86, 120), (18, 86), (73, 86), (86, 275), (86, 162), (86, 287), (75, 86), (86, 296), (86, 116), (86, 305), (68, 86), (86, 317), (86, 320), (86, 329), (86, 332), (86, 161), (86, 100), (86, 112), (86, 225)}",28,20006,0.019709348678588867
Graph_350_15269_0,350,15269,63,"{(18, 313), (18, 252), (18, 203), (18, 200), (18, 206), (18, 87), (18, 145), (18, 209), (18, 328), (18, 154), (18, 301), (18, 212), (18, 227), (18, 172), (18, 349), (18, 236), (18, 114), (18, 53), (18, 175), (1, 18), (18, 68), (18, 187), (18, 251), (18, 196), (18, 19), (18, 202), (18, 28), (18, 147), (18, 208), (18, 321), (18, 333), (5, 18), (18, 284), (18, 168), (18, 107), (18, 226), (18, 52), (18, 290), (18, 116), (18, 235), (18, 238), (18, 125), (18, 308), (18, 134), (18, 192), (18, 311), (18, 201), (18, 204), (18, 24), (18, 207), (18, 255), (18, 216), (18, 335), (18, 222), (18, 109), (18, 289), (18, 228), (18, 231), (18, 237), (18, 118), (18, 57), (18, 121), (18, 75)}",63,46116,0.060741424560546875
Graph_350_15269_1,350,15269,59,"{(42, 286), (42, 45), (42, 170), (42, 289), (42, 167), (42, 347), (42, 112), (42, 51), (42, 57), (42, 295), (42, 115), (42, 240), (42, 185), (42, 191), (42, 124), (42, 72), (42, 267), (42, 206), (42, 270), (42, 273), (42, 218), (42, 96), (42, 282), (42, 276), (42, 44), (42, 169), (42, 53), (42, 239), (42, 178), (42, 297), (21, 42), (42, 135), (42, 199), (42, 324), (42, 77), (42, 257), (42, 141), (42, 327), (42, 330), (42, 156), (42, 269), (42, 220), (42, 223), (42, 235), (42, 174), (42, 119), (42, 125), (42, 302), (29, 42), (42, 247), (42, 253), (42, 73), (42, 131), (42, 317), (42, 256), (42, 320), (42, 198), (42, 216), (42, 222)}",59,43070,0.05538773536682129
Graph_350_30538_0,350,30538,144,"{(189, 265), (189, 210), (189, 338), (50, 189), (189, 228), (127, 189), (10, 189), (65, 189), (63, 189), (189, 203), (189, 267), (133, 189), (189, 340), (27, 189), (93, 189), (189, 294), (148, 189), (189, 303), (95, 189), (189, 260), (150, 189), (161, 189), (189, 269), (189, 214), (55, 189), (110, 189), (189, 278), (189, 223), (189, 342), (189, 287), (189, 232), (42, 189), (189, 296), (163, 189), (46, 189), (57, 189), (123, 189), (6, 189), (189, 198), (4, 189), (189, 344), (189, 289), (74, 189), (151, 189), (140, 189), (189, 191), (189, 255), (189, 200), (189, 264), (87, 189), (189, 209), (189, 218), (168, 189), (49, 189), (115, 189), (159, 189), (170, 189), (189, 266), (189, 211), (174, 189), (11, 189), (66, 189), (187, 189), (26, 189), (189, 204), (189, 323), (189, 268), (189, 332), (189, 277), (134, 189), (17, 189), (28, 189), (83, 189), (160, 189), (189, 234), (32, 189), (43, 189), (189, 243), (164, 189), (189, 197), (189, 316), (189, 261), (189, 325), (189, 334), (45, 189), (56, 189), (111, 189), (34, 189), (155, 189), (5, 189), (126, 189), (189, 227), (189, 245), (189, 190), (189, 309), (189, 254), (189, 199), (7, 189), (62, 189), (73, 189), (189, 327), (117, 189), (183, 189), (77, 189), (143, 189), (189, 293), (130, 189), (35, 189), (189, 192), (156, 189), (145, 189), (189, 320), (158, 189), (189, 222), (189, 231), (162, 189), (189, 240), (189, 194), (189, 313), (122, 189), (189, 322), (54, 189), (109, 189), (14, 189), (80, 189), (58, 189), (189, 279), (189, 233), (189, 306), (189, 315), (137, 189), (86, 189), (189, 208), (189, 272), (189, 281), (189, 345), (189, 290), (189, 244), (189, 308), (154, 189), (165, 189), (48, 189), (103, 189), (169, 189)}",144,111240,0.26490092277526855
Graph_350_30538_1,350,30538,154,"{(167, 265), (66, 167), (42, 167), (121, 167), (167, 283), (167, 228), (26, 167), (2, 167), (167, 173), (81, 167), (136, 167), (147, 167), (134, 167), (167, 194), (4, 167), (83, 167), (94, 167), (160, 167), (138, 167), (167, 322), (167, 267), (167, 331), (32, 167), (8, 167), (98, 167), (167, 340), (56, 167), (45, 167), (111, 167), (166, 167), (5, 167), (167, 205), (167, 278), (167, 223), (167, 342), (113, 167), (62, 167), (73, 167), (77, 167), (167, 189), (75, 167), (167, 326), (130, 167), (167, 225), (35, 167), (90, 167), (167, 289), (156, 167), (0, 167), (167, 182), (167, 191), (167, 310), (28, 167), (107, 167), (96, 167), (162, 167), (167, 273), (17, 167), (1, 167), (167, 175), (58, 167), (34, 167), (167, 257), (167, 202), (167, 321), (167, 266), (167, 211), (167, 339), (71, 167), (167, 177), (20, 167), (167, 296), (86, 167), (152, 167), (141, 167), (167, 259), (48, 167), (24, 167), (114, 167), (13, 167), (167, 243), (167, 188), (167, 197), (37, 167), (127, 167), (167, 325), (10, 167), (76, 167), (131, 167), (167, 227), (167, 181), (167, 300), (167, 190), (167, 254), (133, 167), (167, 199), (167, 263), (3, 167), (148, 167), (146, 167), (167, 220), (167, 348), (167, 174), (40, 167), (84, 167), (106, 167), (167, 238), (16, 167), (167, 302), (167, 247), (167, 192), (55, 167), (167, 320), (108, 167), (163, 167), (167, 213), (57, 167), (44, 167), (167, 222), (167, 341), (167, 295), (167, 304), (167, 249), (167, 313), (74, 167), (167, 206), (151, 167), (140, 167), (129, 167), (167, 215), (167, 279), (167, 288), (167, 297), (167, 242), (87, 167), (23, 167), (91, 167), (12, 167), (102, 167), (167, 208), (167, 272), (167, 217), (167, 281), (167, 226), (167, 345), (25, 167), (115, 167), (167, 235), (159, 167), (167, 299), (167, 244), (64, 167), (167, 308), (29, 167)}",154,119735,0.3165473937988281
Graph_350_45807_0,350,45807,240,"{(221, 236), (221, 300), (221, 245), (146, 221), (221, 309), (221, 254), (16, 221), (82, 221), (172, 221), (150, 221), (221, 336), (55, 221), (31, 221), (221, 229), (221, 293), (163, 221), (221, 238), (221, 302), (221, 247), (33, 221), (112, 221), (88, 221), (99, 221), (221, 311), (123, 221), (44, 221), (167, 221), (178, 221), (221, 256), (221, 320), (193, 221), (125, 221), (221, 286), (221, 231), (61, 221), (140, 221), (129, 221), (50, 221), (206, 221), (221, 304), (10, 221), (221, 313), (63, 221), (153, 221), (142, 221), (208, 221), (12, 221), (91, 221), (89, 221), (67, 221), (221, 224), (212, 221), (78, 221), (221, 279), (221, 288), (221, 233), (102, 221), (168, 221), (221, 297), (221, 343), (221, 242), (221, 306), (221, 251), (221, 315), (25, 221), (115, 221), (170, 221), (29, 221), (40, 221), (84, 221), (174, 221), (119, 221), (221, 226), (221, 290), (121, 221), (187, 221), (176, 221), (221, 317), (2, 221), (81, 221), (57, 221), (136, 221), (147, 221), (202, 221), (68, 221), (6, 221), (221, 274), (221, 338), (221, 283), (221, 228), (70, 221), (160, 221), (221, 292), (204, 221), (215, 221), (221, 301), (19, 221), (8, 221), (74, 221), (221, 310), (98, 221), (219, 221), (221, 246), (164, 221), (30, 221), (217, 221), (221, 267), (111, 221), (87, 221), (177, 221), (100, 221), (221, 276), (221, 340), (166, 221), (221, 285), (60, 221), (36, 221), (126, 221), (221, 294), (181, 221), (47, 221), (179, 221), (117, 221), (104, 221), (183, 221), (194, 221), (221, 324), (128, 221), (221, 269), (77, 221), (53, 221), (143, 221), (221, 278), (221, 223), (221, 342), (221, 287), (221, 232), (221, 296), (130, 221), (0, 221), (90, 221), (101, 221), (156, 221), (145, 221), (200, 221), (211, 221), (11, 221), (221, 253), (39, 221), (15, 221), (221, 262), (221, 271), (221, 280), (221, 225), (158, 221), (221, 289), (28, 221), (83, 221), (173, 221), (94, 221), (32, 221), (43, 221), (221, 264), (120, 221), (221, 328), (175, 221), (221, 273), (221, 337), (221, 282), (69, 221), (80, 221), (221, 346), (45, 221), (34, 221), (135, 221), (221, 291), (124, 221), (56, 221), (221, 227), (190, 221), (221, 248), (221, 312), (113, 221), (203, 221), (192, 221), (221, 321), (221, 266), (18, 221), (97, 221), (73, 221), (152, 221), (22, 221), (221, 348), (205, 221), (9, 221), (75, 221), (165, 221), (221, 241), (209, 221), (221, 305), (221, 250), (35, 221), (103, 221), (24, 221), (169, 221), (13, 221), (114, 221), (79, 221), (221, 259), (221, 268), (221, 332), (221, 341), (14, 221), (37, 221), (105, 221), (92, 221), (171, 221), (127, 221), (76, 221), (221, 298), (52, 221), (41, 221), (197, 221), (186, 221), (1, 221), (221, 316), (221, 261), (221, 325), (221, 270), (144, 221), (109, 221), (210, 221), (188, 221), (199, 221), (133, 221), (3, 221), (93, 221), (58, 221), (148, 221), (214, 221)}",240,196920,0.67822265625
Graph_350_45807_1,350,45807,238,"{(163, 338), (163, 164), (126, 163), (163, 283), (163, 347), (113, 163), (7, 163), (62, 163), (163, 185), (73, 163), (163, 194), (163, 313), (22, 163), (77, 163), (163, 322), (163, 203), (163, 267), (143, 163), (163, 331), (163, 276), (9, 163), (163, 340), (75, 163), (163, 221), (163, 349), (24, 163), (101, 163), (156, 163), (163, 178), (163, 242), (39, 163), (163, 187), (163, 251), (163, 196), (163, 205), (163, 324), (37, 163), (163, 269), (158, 163), (163, 333), (163, 214), (163, 278), (163, 342), (52, 163), (41, 163), (96, 163), (107, 163), (162, 163), (1, 163), (17, 163), (163, 180), (163, 244), (163, 189), (163, 308), (54, 163), (163, 253), (109, 163), (120, 163), (163, 317), (163, 198), (163, 262), (163, 326), (3, 163), (80, 163), (163, 271), (69, 163), (163, 280), (163, 344), (163, 173), (16, 163), (71, 163), (137, 163), (163, 301), (163, 182), (163, 310), (20, 163), (31, 163), (97, 163), (86, 163), (163, 319), (141, 163), (163, 200), (163, 328), (163, 273), (163, 337), (33, 163), (44, 163), (154, 163), (163, 175), (163, 239), (114, 163), (103, 163), (163, 248), (163, 312), (163, 321), (163, 266), (163, 330), (50, 163), (127, 163), (116, 163), (10, 163), (163, 223), (76, 163), (65, 163), (163, 287), (163, 232), (163, 177), (163, 296), (163, 241), (163, 186), (163, 305), (163, 195), (12, 163), (163, 323), (89, 163), (78, 163), (144, 163), (93, 163), (148, 163), (163, 225), (25, 163), (163, 234), (163, 179), (163, 298), (163, 188), (29, 163), (40, 163), (163, 252), (84, 163), (150, 163), (106, 163), (95, 163), (155, 163), (163, 325), (55, 163), (42, 163), (108, 163), (163, 227), (163, 172), (163, 291), (46, 163), (68, 163), (163, 190), (6, 163), (163, 309), (163, 318), (70, 163), (125, 163), (30, 163), (19, 163), (85, 163), (163, 339), (140, 163), (163, 284), (151, 163), (163, 165), (74, 163), (163, 174), (163, 293), (129, 163), (163, 238), (163, 247), (163, 275), (163, 311), (21, 163), (87, 163), (142, 163), (153, 163), (163, 204), (102, 163), (91, 163), (157, 163), (163, 268), (163, 213), (163, 332), (163, 277), (163, 222), (51, 163), (163, 167), (163, 286), (163, 231), (163, 176), (163, 295), (163, 240), (38, 163), (163, 304), (104, 163), (115, 163), (159, 163), (163, 265), (64, 163), (53, 163), (119, 163), (163, 197), (163, 215), (163, 343), (11, 163), (66, 163), (163, 288), (121, 163), (163, 297), (26, 163), (163, 306), (81, 163), (136, 163), (147, 163), (163, 199), (163, 263), (163, 208), (28, 163), (163, 272), (83, 163), (94, 163), (149, 163), (138, 163), (160, 163), (163, 336), (163, 217), (163, 345), (163, 226), (32, 163), (163, 290), (98, 163), (163, 235), (43, 163), (163, 299), (163, 256), (56, 163), (163, 201), (111, 163), (100, 163), (163, 320), (163, 210), (163, 329), (5, 163), (163, 274), (60, 163), (163, 219)}",238,195041,0.6735274791717529
Graph_350_61075_0,350,61075,349,"{(0, 158), (0, 5), (0, 243), (0, 14), (0, 252), (0, 23), (0, 261), (0, 270), (0, 279), (0, 108), (0, 117), (0, 126), (0, 135), (0, 144), (0, 229), (0, 238), (0, 9), (0, 247), (0, 256), (0, 265), (0, 94), (0, 103), (0, 112), (0, 121), (0, 130), (0, 224), (0, 233), (0, 242), (0, 251), (0, 260), (0, 89), (0, 98), (0, 107), (0, 345), (0, 116), (0, 125), (0, 210), (0, 219), (0, 228), (0, 237), (0, 246), (0, 75), (0, 84), (0, 93), (0, 102), (0, 340), (0, 111), (0, 349), (0, 205), (0, 214), (0, 223), (0, 232), (0, 241), (0, 70), (0, 79), (0, 88), (0, 326), (0, 97), (0, 335), (0, 106), (0, 344), (0, 191), (0, 200), (0, 209), (0, 218), (0, 227), (0, 56), (0, 65), (0, 74), (0, 83), (0, 321), (0, 92), (0, 330), (0, 339), (0, 348), (0, 186), (0, 195), (0, 204), (0, 213), (0, 222), (0, 51), (0, 60), (0, 69), (0, 307), (0, 78), (0, 316), (0, 87), (0, 325), (0, 334), (0, 343), (0, 172), (0, 181), (0, 190), (0, 199), (0, 208), (0, 37), (0, 46), (0, 55), (0, 64), (0, 302), (0, 73), (0, 311), (0, 320), (0, 329), (0, 338), (0, 167), (0, 176), (0, 185), (0, 194), (0, 203), (0, 32), (0, 41), (0, 50), (0, 288), (0, 59), (0, 297), (0, 68), (0, 306), (0, 315), (0, 324), (0, 153), (0, 162), (0, 171), (0, 180), (0, 189), (0, 18), (0, 27), (0, 36), (0, 274), (0, 45), (0, 283), (0, 54), (0, 292), (0, 301), (0, 310), (0, 139), (0, 148), (0, 157), (0, 166), (0, 175), (0, 4), (0, 13), (0, 22), (0, 31), (0, 269), (0, 40), (0, 278), (0, 287), (0, 296), (0, 305), (0, 134), (0, 143), (0, 152), (0, 161), (0, 170), (0, 8), (0, 17), (0, 255), (0, 26), (0, 264), (0, 35), (0, 273), (0, 282), (0, 291), (0, 120), (0, 129), (0, 138), (0, 147), (0, 156), (0, 3), (0, 12), (0, 250), (0, 21), (0, 259), (0, 268), (0, 277), (0, 286), (0, 115), (0, 124), (0, 133), (0, 142), (0, 151), (0, 236), (0, 7), (0, 245), (0, 16), (0, 254), (0, 263), (0, 272), (0, 101), (0, 110), (0, 119), (0, 128), (0, 137), (0, 231), (0, 2), (0, 240), (0, 249), (0, 258), (0, 267), (0, 96), (0, 105), (0, 114), (0, 123), (0, 132), (0, 217), (0, 226), (0, 235), (0, 244), (0, 253), (0, 82), (0, 91), (0, 100), (0, 109), (0, 347), (0, 118), (0, 212), (0, 221), (0, 230), (0, 239), (0, 248), (0, 77), (0, 86), (0, 95), (0, 333), (0, 104), (0, 342), (0, 113), (0, 198), (0, 207), (0, 216), (0, 225), (0, 234), (0, 63), (0, 72), (0, 81), (0, 319), (0, 90), (0, 328), (0, 99), (0, 337), (0, 346), (0, 184), (0, 193), (0, 202), (0, 211), (0, 220), (0, 49), (0, 58), (0, 67), (0, 76), (0, 314), (0, 85), (0, 323), (0, 332), (0, 341), (0, 179), (0, 188), (0, 197), (0, 206), (0, 215), (0, 44), (0, 53), (0, 62), (0, 300), (0, 71), (0, 309), (0, 80), (0, 318), (0, 327), (0, 336), (0, 165), (0, 174), (0, 183), (0, 192), (0, 201), (0, 30), (0, 39), (0, 48), (0, 57), (0, 295), (0, 66), (0, 304), (0, 313), (0, 322), (0, 331), (0, 160), (0, 169), (0, 178), (0, 187), (0, 196), (0, 25), (0, 34), (0, 43), (0, 281), (0, 52), (0, 290), (0, 61), (0, 299), (0, 308), (0, 317), (0, 146), (0, 155), (0, 164), (0, 173), (0, 182), (0, 11), (0, 20), (0, 29), (0, 38), (0, 276), (0, 47), (0, 285), (0, 294), (0, 303), (0, 312), (0, 141), (0, 150), (0, 159), (0, 168), (0, 177), (0, 6), (0, 15), (0, 24), (0, 262), (0, 33), (0, 271), (0, 42), (0, 280), (0, 289), (0, 298), (0, 127), (0, 136), (0, 145), (0, 154), (0, 163), (0, 1), (0, 10), (0, 19), (0, 257), (0, 28), (0, 266), (0, 275), (0, 284), (0, 293), (0, 122), (0, 131), (0, 140), (0, 149)}",349,305375,1.317298412322998
Graph_350_61075_1,350,61075,349,"{(0, 158), (0, 5), (0, 243), (0, 14), (0, 252), (0, 23), (0, 261), (0, 270), (0, 279), (0, 108), (0, 117), (0, 126), (0, 135), (0, 144), (0, 229), (0, 238), (0, 9), (0, 247), (0, 256), (0, 265), (0, 94), (0, 103), (0, 112), (0, 121), (0, 130), (0, 224), (0, 233), (0, 242), (0, 251), (0, 260), (0, 89), (0, 98), (0, 107), (0, 345), (0, 116), (0, 125), (0, 210), (0, 219), (0, 228), (0, 237), (0, 246), (0, 75), (0, 84), (0, 93), (0, 102), (0, 340), (0, 111), (0, 349), (0, 205), (0, 214), (0, 223), (0, 232), (0, 241), (0, 70), (0, 79), (0, 88), (0, 326), (0, 97), (0, 335), (0, 106), (0, 344), (0, 191), (0, 200), (0, 209), (0, 218), (0, 227), (0, 56), (0, 65), (0, 74), (0, 83), (0, 321), (0, 92), (0, 330), (0, 339), (0, 348), (0, 186), (0, 195), (0, 204), (0, 213), (0, 222), (0, 51), (0, 60), (0, 69), (0, 307), (0, 78), (0, 316), (0, 87), (0, 325), (0, 334), (0, 343), (0, 172), (0, 181), (0, 190), (0, 199), (0, 208), (0, 37), (0, 46), (0, 55), (0, 64), (0, 302), (0, 73), (0, 311), (0, 320), (0, 329), (0, 338), (0, 167), (0, 176), (0, 185), (0, 194), (0, 203), (0, 32), (0, 41), (0, 50), (0, 288), (0, 59), (0, 297), (0, 68), (0, 306), (0, 315), (0, 324), (0, 153), (0, 162), (0, 171), (0, 180), (0, 189), (0, 18), (0, 27), (0, 36), (0, 274), (0, 45), (0, 283), (0, 54), (0, 292), (0, 301), (0, 310), (0, 139), (0, 148), (0, 157), (0, 166), (0, 175), (0, 4), (0, 13), (0, 22), (0, 31), (0, 269), (0, 40), (0, 278), (0, 287), (0, 296), (0, 305), (0, 134), (0, 143), (0, 152), (0, 161), (0, 170), (0, 8), (0, 17), (0, 255), (0, 26), (0, 264), (0, 35), (0, 273), (0, 282), (0, 291), (0, 120), (0, 129), (0, 138), (0, 147), (0, 156), (0, 3), (0, 12), (0, 250), (0, 21), (0, 259), (0, 268), (0, 277), (0, 286), (0, 115), (0, 124), (0, 133), (0, 142), (0, 151), (0, 236), (0, 7), (0, 245), (0, 16), (0, 254), (0, 263), (0, 272), (0, 101), (0, 110), (0, 119), (0, 128), (0, 137), (0, 231), (0, 2), (0, 240), (0, 249), (0, 258), (0, 267), (0, 96), (0, 105), (0, 114), (0, 123), (0, 132), (0, 217), (0, 226), (0, 235), (0, 244), (0, 253), (0, 82), (0, 91), (0, 100), (0, 109), (0, 347), (0, 118), (0, 212), (0, 221), (0, 230), (0, 239), (0, 248), (0, 77), (0, 86), (0, 95), (0, 333), (0, 104), (0, 342), (0, 113), (0, 198), (0, 207), (0, 216), (0, 225), (0, 234), (0, 63), (0, 72), (0, 81), (0, 319), (0, 90), (0, 328), (0, 99), (0, 337), (0, 346), (0, 184), (0, 193), (0, 202), (0, 211), (0, 220), (0, 49), (0, 58), (0, 67), (0, 76), (0, 314), (0, 85), (0, 323), (0, 332), (0, 341), (0, 179), (0, 188), (0, 197), (0, 206), (0, 215), (0, 44), (0, 53), (0, 62), (0, 300), (0, 71), (0, 309), (0, 80), (0, 318), (0, 327), (0, 336), (0, 165), (0, 174), (0, 183), (0, 192), (0, 201), (0, 30), (0, 39), (0, 48), (0, 57), (0, 295), (0, 66), (0, 304), (0, 313), (0, 322), (0, 331), (0, 160), (0, 169), (0, 178), (0, 187), (0, 196), (0, 25), (0, 34), (0, 43), (0, 281), (0, 52), (0, 290), (0, 61), (0, 299), (0, 308), (0, 317), (0, 146), (0, 155), (0, 164), (0, 173), (0, 182), (0, 11), (0, 20), (0, 29), (0, 38), (0, 276), (0, 47), (0, 285), (0, 294), (0, 303), (0, 312), (0, 141), (0, 150), (0, 159), (0, 168), (0, 177), (0, 6), (0, 15), (0, 24), (0, 262), (0, 33), (0, 271), (0, 42), (0, 280), (0, 289), (0, 298), (0, 127), (0, 136), (0, 145), (0, 154), (0, 163), (0, 1), (0, 10), (0, 19), (0, 257), (0, 28), (0, 266), (0, 275), (0, 284), (0, 293), (0, 122), (0, 131), (0, 140), (0, 149)}",349,305375,1.3069853782653809
Graph_400_9976_0,400,9976,30,"{(81, 323), (81, 140), (81, 204), (73, 81), (81, 268), (77, 81), (81, 332), (81, 222), (81, 347), (81, 356), (81, 121), (81, 185), (81, 310), (57, 81), (81, 145), (81, 160), (81, 398), (81, 102), (37, 81), (70, 81), (81, 358), (81, 242), (81, 306), (76, 81), (65, 81), (81, 376), (81, 192), (81, 107), (25, 81), (81, 259)}",30,24465,0.031673431396484375
Graph_400_9976_1,400,9976,35,"{(16, 145), (16, 325), (16, 47), (16, 349), (16, 53), (16, 59), (16, 62), (16, 367), (16, 74), (16, 138), (16, 321), (16, 86), (16, 31), (16, 339), (16, 278), (16, 165), (16, 223), (16, 107), (9, 16), (16, 296), (16, 119), (16, 58), (16, 363), (16, 186), (16, 271), (16, 158), (16, 362), (16, 121), (16, 182), (16, 365), (16, 255), (16, 313), (16, 258), (16, 377), (16, 133)}",35,28630,0.029417037963867188
Graph_400_19951_0,400,19951,74,"{(81, 323), (81, 262), (81, 140), (71, 81), (7, 81), (81, 204), (81, 91), (81, 335), (81, 268), (73, 81), (81, 332), (77, 81), (81, 283), (81, 222), (81, 347), (81, 112), (81, 356), (81, 115), (81, 240), (81, 182), (81, 121), (81, 368), (81, 185), (66, 81), (81, 310), (81, 194), (57, 81), (81, 145), (81, 264), (81, 203), (81, 389), (81, 93), (81, 212), (6, 81), (81, 160), (81, 398), (81, 224), (81, 102), (81, 282), (37, 81), (59, 81), (81, 108), (81, 111), (70, 81), (81, 175), (81, 361), (81, 300), (81, 181), (81, 245), (81, 178), (74, 81), (81, 242), (81, 358), (81, 306), (76, 81), (65, 81), (81, 376), (81, 192), (81, 324), (81, 263), (81, 153), (81, 333), (45, 81), (81, 339), (81, 104), (81, 235), (81, 354), (58, 81), (81, 107), (51, 81), (81, 302), (25, 81), (81, 259), (81, 317)}",74,61975,0.09980559349060059
Graph_400_19951_1,400,19951,74,"{(189, 387), (189, 271), (134, 189), (189, 204), (189, 399), (189, 338), (180, 189), (189, 228), (189, 347), (149, 189), (30, 189), (85, 189), (162, 189), (32, 189), (189, 249), (189, 258), (189, 316), (63, 189), (21, 189), (54, 189), (87, 189), (189, 267), (175, 189), (189, 392), (189, 218), (189, 398), (189, 215), (177, 189), (80, 189), (189, 346), (124, 189), (157, 189), (5, 189), (189, 285), (189, 236), (189, 303), (189, 367), (189, 306), (113, 189), (189, 370), (16, 189), (189, 254), (49, 189), (189, 199), (137, 189), (189, 379), (29, 189), (189, 202), (189, 373), (189, 312), (189, 266), (189, 324), (86, 189), (97, 189), (189, 391), (189, 269), (55, 189), (189, 272), (77, 189), (189, 284), (189, 329), (189, 287), (11, 189), (66, 189), (132, 189), (154, 189), (189, 241), (176, 189), (79, 189), (90, 189), (15, 189), (189, 253), (189, 384), (189, 262)}",74,61975,0.0943453311920166
Graph_400_39901_0,400,39901,168,"{(189, 265), (189, 274), (189, 338), (50, 189), (189, 228), (127, 189), (105, 189), (171, 189), (10, 189), (65, 189), (189, 374), (63, 189), (189, 203), (189, 267), (78, 189), (133, 189), (189, 340), (189, 285), (189, 367), (189, 196), (29, 189), (189, 260), (150, 189), (189, 269), (189, 214), (55, 189), (189, 397), (189, 223), (189, 287), (189, 232), (42, 189), (46, 189), (57, 189), (112, 189), (123, 189), (178, 189), (189, 253), (6, 189), (189, 317), (72, 189), (189, 262), (189, 198), (189, 207), (189, 271), (4, 189), (189, 280), (189, 399), (125, 189), (180, 189), (30, 189), (85, 189), (151, 189), (140, 189), (189, 246), (189, 255), (189, 200), (189, 264), (21, 189), (87, 189), (189, 383), (142, 189), (189, 209), (189, 392), (189, 218), (189, 346), (157, 189), (49, 189), (115, 189), (170, 189), (159, 189), (189, 202), (189, 266), (53, 189), (189, 211), (189, 284), (11, 189), (66, 189), (121, 189), (189, 241), (176, 189), (26, 189), (189, 314), (189, 204), (189, 332), (189, 277), (189, 396), (134, 189), (28, 189), (94, 189), (83, 189), (149, 189), (160, 189), (189, 234), (32, 189), (43, 189), (164, 189), (189, 371), (189, 197), (189, 316), (189, 261), (189, 325), (189, 334), (45, 189), (56, 189), (189, 398), (34, 189), (5, 189), (126, 189), (189, 236), (189, 355), (189, 245), (189, 254), (189, 373), (189, 318), (7, 189), (62, 189), (73, 189), (139, 189), (189, 327), (183, 189), (189, 391), (128, 189), (22, 189), (77, 189), (143, 189), (189, 366), (79, 189), (90, 189), (145, 189), (156, 189), (101, 189), (189, 384), (189, 329), (189, 222), (189, 286), (189, 350), (162, 189), (189, 359), (189, 249), (122, 189), (54, 189), (109, 189), (175, 189), (189, 215), (80, 189), (189, 279), (124, 189), (189, 352), (189, 297), (189, 306), (189, 251), (189, 370), (16, 189), (189, 379), (137, 189), (20, 189), (86, 189), (189, 208), (189, 272), (189, 345), (189, 354), (189, 244), (154, 189), (165, 189), (189, 308), (189, 372), (48, 189), (169, 189)}",168,148596,0.4257030487060547
Graph_400_39901_1,400,39901,169,"{(52, 104), (104, 325), (104, 151), (104, 270), (104, 215), (104, 398), (104, 343), (104, 233), (14, 104), (80, 104), (58, 104), (104, 135), (104, 254), (104, 199), (104, 318), (104, 263), (104, 382), (104, 281), (16, 104), (82, 104), (104, 354), (31, 104), (20, 104), (104, 183), (104, 192), (104, 137), (104, 256), (104, 320), (104, 265), (44, 104), (104, 329), (104, 155), (104, 274), (104, 210), (88, 104), (33, 104), (48, 104), (104, 112), (104, 121), (104, 240), (104, 185), (50, 104), (104, 139), (104, 258), (61, 104), (104, 313), (104, 203), (104, 148), (104, 386), (104, 212), (104, 331), (104, 276), (104, 395), (104, 340), (104, 349), (63, 104), (104, 178), (104, 187), (27, 104), (104, 315), (93, 104), (104, 379), (104, 205), (104, 260), (104, 388), (104, 214), (25, 104), (29, 104), (95, 104), (55, 104), (104, 189), (104, 253), (104, 372), (104, 198), (104, 326), (104, 271), (2, 104), (104, 164), (6, 104), (104, 109), (72, 104), (104, 228), (104, 182), (104, 301), (104, 127), (104, 365), (104, 191), (70, 104), (104, 255), (104, 319), (8, 104), (104, 328), (104, 221), (104, 166), (104, 285), (104, 111), (21, 104), (104, 294), (87, 104), (104, 239), (104, 303), (104, 129), (104, 248), (47, 104), (104, 193), (91, 104), (104, 376), (104, 321), (104, 385), (51, 104), (38, 104), (104, 223), (104, 287), (104, 351), (104, 296), (104, 241), (104, 360), (104, 323), (66, 104), (104, 152), (26, 104), (104, 280), (104, 344), (104, 289), (104, 124), (104, 188), (104, 307), (104, 252), (104, 371), (104, 380), (83, 104), (32, 104), (43, 104), (104, 209), (104, 154), (104, 218), (104, 282), (104, 227), (104, 346), (104, 291), (104, 300), (104, 364), (5, 104), (104, 138), (104, 147), (104, 266), (104, 156), (104, 275), (104, 220), (104, 110), (62, 104), (77, 104), (104, 131), (104, 195), (75, 104), (104, 149), (104, 268), (13, 104), (104, 332), (79, 104), (104, 277), (90, 104), (104, 396), (104, 231), (104, 350), (39, 104), (104, 359), (104, 304), (92, 104)}",169,149565,0.4418652057647705
Graph_400_59851_0,400,59851,279,"{(97, 127), (97, 365), (97, 191), (97, 255), (97, 374), (13, 97), (97, 319), (97, 145), (97, 264), (97, 383), (97, 209), (97, 328), (97, 200), (97, 273), (97, 392), (97, 337), (97, 166), (92, 97), (97, 230), (97, 175), (97, 239), (41, 97), (97, 184), (97, 129), (96, 97), (52, 97), (97, 303), (97, 138), (97, 257), (97, 376), (97, 202), (1, 97), (97, 321), (97, 266), (97, 385), (97, 330), (54, 97), (97, 159), (97, 104), (14, 97), (97, 168), (69, 97), (97, 113), (97, 232), (3, 97), (97, 177), (97, 287), (97, 296), (97, 241), (97, 360), (97, 186), (97, 131), (97, 250), (97, 369), (97, 195), (97, 314), (97, 378), (97, 323), (16, 97), (97, 387), (20, 97), (86, 97), (97, 161), (97, 106), (97, 225), (97, 289), (97, 115), (97, 353), (97, 179), (97, 298), (97, 124), (97, 243), (97, 307), (44, 97), (33, 97), (97, 371), (97, 316), (88, 97), (97, 252), (97, 380), (48, 97), (97, 154), (97, 99), (97, 218), (97, 163), (97, 108), (97, 227), (97, 346), (97, 172), (97, 291), (97, 117), (97, 355), (97, 181), (97, 300), (97, 245), (97, 364), (97, 309), (97, 254), (10, 97), (65, 97), (97, 373), (76, 97), (97, 382), (63, 97), (97, 147), (97, 211), (97, 156), (97, 275), (12, 97), (97, 339), (67, 97), (78, 97), (97, 110), (97, 348), (97, 174), (97, 293), (97, 119), (97, 238), (97, 357), (97, 183), (97, 302), (93, 97), (27, 97), (97, 366), (97, 375), (25, 97), (40, 97), (29, 97), (95, 97), (84, 97), (97, 213), (97, 332), (97, 158), (97, 277), (97, 341), (97, 167), (55, 97), (97, 112), (97, 231), (97, 286), (97, 295), (97, 240), (97, 359), (42, 97), (2, 97), (68, 97), (46, 97), (97, 133), (97, 197), (97, 142), (97, 206), (6, 97), (97, 151), (97, 215), (97, 334), (97, 279), (97, 398), (97, 224), (97, 169), (4, 97), (70, 97), (97, 352), (97, 297), (97, 361), (97, 306), (8, 97), (19, 97), (74, 97), (97, 370), (30, 97), (85, 97), (97, 135), (97, 199), (97, 144), (97, 263), (97, 272), (97, 391), (97, 217), (87, 97), (97, 336), (97, 281), (97, 98), (97, 226), (97, 345), (97, 171), (36, 97), (97, 235), (47, 97), (97, 299), (91, 97), (97, 363), (51, 97), (97, 192), (97, 137), (97, 256), (49, 97), (97, 201), (97, 320), (97, 384), (97, 210), (97, 329), (97, 155), (97, 274), (97, 393), (97, 219), (64, 97), (97, 338), (97, 283), (53, 97), (97, 228), (97, 347), (97, 164), (97, 292), (97, 121), (11, 97), (0, 97), (66, 97), (97, 130), (97, 249), (97, 194), (97, 313), (97, 258), (97, 377), (15, 97), (26, 97), (81, 97), (97, 322), (97, 386), (9, 97), (97, 331), (97, 157), (97, 148), (97, 340), (97, 285), (97, 349), (28, 97), (97, 114), (97, 178), (97, 123), (97, 242), (32, 97), (97, 132), (97, 251), (97, 196), (97, 315), (97, 141), (97, 379), (97, 324), (97, 214), (97, 333), (97, 278), (97, 342), (34, 97), (56, 97), (5, 97), (60, 97), (97, 116), (97, 125), (97, 244), (97, 189), (97, 134), (97, 372), (97, 198), (97, 317), (97, 143), (97, 381), (97, 207), (97, 326), (7, 97), (97, 390), (62, 97), (97, 216), (97, 280), (97, 399), (77, 97), (97, 173), (97, 237), (75, 97), (97, 301)}",279,262260,1.030243158340454
Graph_400_59851_1,400,59851,271,"{(32, 211), (122, 211), (98, 211), (211, 213), (211, 332), (43, 211), (211, 396), (34, 211), (211, 234), (111, 211), (190, 211), (211, 298), (45, 211), (211, 243), (56, 211), (60, 211), (211, 371), (211, 261), (211, 380), (211, 325), (211, 270), (211, 389), (211, 269), (192, 211), (179, 211), (203, 211), (18, 211), (7, 211), (62, 211), (141, 211), (117, 211), (139, 211), (73, 211), (152, 211), (22, 211), (211, 236), (77, 211), (211, 245), (211, 364), (211, 309), (211, 254), (9, 211), (211, 373), (75, 211), (165, 211), (211, 263), (209, 211), (211, 382), (211, 327), (13, 211), (211, 336), (24, 211), (90, 211), (35, 211), (169, 211), (211, 229), (37, 211), (92, 211), (171, 211), (211, 366), (158, 211), (211, 311), (211, 256), (211, 375), (52, 211), (131, 211), (107, 211), (211, 384), (197, 211), (211, 250), (1, 211), (211, 393), (211, 222), (54, 211), (120, 211), (188, 211), (211, 350), (210, 211), (175, 211), (211, 240), (211, 359), (3, 211), (199, 211), (58, 211), (148, 211), (211, 249), (211, 368), (211, 313), (124, 211), (211, 304), (14, 211), (211, 322), (211, 386), (201, 211), (16, 211), (71, 211), (150, 211), (172, 211), (137, 211), (211, 279), (211, 295), (211, 224), (211, 343), (211, 215), (31, 211), (20, 211), (86, 211), (211, 233), (211, 288), (211, 297), (211, 251), (211, 370), (211, 379), (33, 211), (44, 211), (99, 211), (167, 211), (189, 211), (154, 211), (178, 211), (88, 211), (48, 211), (211, 217), (114, 211), (103, 211), (211, 290), (211, 354), (211, 299), (191, 211), (211, 308), (50, 211), (140, 211), (105, 211), (206, 211), (195, 211), (116, 211), (10, 211), (76, 211), (65, 211), (211, 338), (63, 211), (211, 283), (208, 211), (211, 347), (184, 211), (211, 292), (12, 211), (23, 211), (89, 211), (211, 301), (211, 246), (211, 365), (78, 211), (211, 310), (168, 211), (211, 374), (27, 211), (93, 211), (25, 211), (170, 211), (146, 211), (211, 331), (84, 211), (174, 211), (95, 211), (106, 211), (211, 294), (211, 239), (211, 358), (55, 211), (42, 211), (108, 211), (187, 211), (176, 211), (211, 260), (211, 324), (2, 211), (46, 211), (211, 388), (123, 211), (202, 211), (68, 211), (147, 211), (211, 397), (211, 223), (211, 342), (6, 211), (211, 214), (211, 287), (211, 232), (211, 351), (211, 296), (211, 360), (4, 211), (59, 211), (160, 211), (125, 211), (204, 211), (70, 211), (180, 211), (30, 211), (211, 253), (19, 211), (8, 211), (129, 211), (74, 211), (211, 262), (211, 326), (211, 271), (211, 390), (211, 399), (211, 225), (211, 344), (211, 289), (21, 211), (211, 353), (87, 211), (166, 211), (153, 211), (177, 211), (211, 362), (155, 211), (47, 211), (126, 211), (102, 211), (181, 211), (91, 211), (83, 211), (211, 255), (51, 211), (211, 264), (211, 383), (211, 392), (211, 218), (49, 211), (211, 337), (104, 211), (194, 211), (159, 211), (211, 346), (38, 211), (211, 291), (211, 282), (211, 355), (64, 211), (119, 211), (211, 312), (211, 376), (211, 321), (211, 266), (121, 211), (132, 211), (156, 211), (211, 394), (211, 220), (15, 211), (26, 211), (81, 211), (211, 284), (211, 339), (211, 348), (134, 211), (211, 241), (28, 211), (17, 211), (94, 211), (162, 211), (138, 211), (211, 314), (211, 378), (211, 323)}",271,253656,1.0040204524993896
Graph_400_79800_0,400,79800,399,"{(0, 158), (0, 396), (0, 5), (0, 243), (0, 14), (0, 252), (0, 23), (0, 261), (0, 270), (0, 279), (0, 108), (0, 117), (0, 126), (0, 364), (0, 135), (0, 373), (0, 144), (0, 382), (0, 391), (0, 229), (0, 238), (0, 9), (0, 247), (0, 256), (0, 265), (0, 94), (0, 103), (0, 112), (0, 121), (0, 359), (0, 130), (0, 368), (0, 377), (0, 386), (0, 395), (0, 224), (0, 233), (0, 242), (0, 251), (0, 260), (0, 89), (0, 98), (0, 107), (0, 345), (0, 116), (0, 354), (0, 125), (0, 363), (0, 372), (0, 381), (0, 210), (0, 219), (0, 228), (0, 237), (0, 246), (0, 75), (0, 84), (0, 93), (0, 102), (0, 340), (0, 111), (0, 349), (0, 358), (0, 367), (0, 376), (0, 205), (0, 214), (0, 223), (0, 232), (0, 241), (0, 70), (0, 79), (0, 88), (0, 326), (0, 97), (0, 335), (0, 106), (0, 344), (0, 353), (0, 362), (0, 191), (0, 200), (0, 209), (0, 218), (0, 227), (0, 56), (0, 65), (0, 74), (0, 83), (0, 321), (0, 92), (0, 330), (0, 339), (0, 348), (0, 357), (0, 186), (0, 195), (0, 204), (0, 213), (0, 222), (0, 51), (0, 60), (0, 69), (0, 307), (0, 78), (0, 316), (0, 87), (0, 325), (0, 334), (0, 343), (0, 172), (0, 181), (0, 190), (0, 199), (0, 208), (0, 37), (0, 46), (0, 55), (0, 64), (0, 302), (0, 73), (0, 311), (0, 320), (0, 329), (0, 338), (0, 167), (0, 176), (0, 185), (0, 194), (0, 203), (0, 32), (0, 41), (0, 50), (0, 288), (0, 59), (0, 297), (0, 68), (0, 306), (0, 315), (0, 324), (0, 153), (0, 162), (0, 171), (0, 180), (0, 189), (0, 18), (0, 27), (0, 36), (0, 274), (0, 45), (0, 283), (0, 54), (0, 292), (0, 301), (0, 310), (0, 139), (0, 148), (0, 157), (0, 166), (0, 175), (0, 4), (0, 13), (0, 22), (0, 31), (0, 269), (0, 40), (0, 278), (0, 287), (0, 296), (0, 305), (0, 134), (0, 143), (0, 152), (0, 390), (0, 161), (0, 399), (0, 170), (0, 8), (0, 17), (0, 255), (0, 26), (0, 264), (0, 35), (0, 273), (0, 282), (0, 291), (0, 120), (0, 129), (0, 138), (0, 147), (0, 385), (0, 156), (0, 394), (0, 3), (0, 12), (0, 250), (0, 21), (0, 259), (0, 268), (0, 277), (0, 286), (0, 115), (0, 124), (0, 133), (0, 371), (0, 142), (0, 380), (0, 151), (0, 389), (0, 398), (0, 236), (0, 7), (0, 245), (0, 16), (0, 254), (0, 263), (0, 272), (0, 101), (0, 110), (0, 119), (0, 128), (0, 366), (0, 137), (0, 375), (0, 384), (0, 393), (0, 231), (0, 2), (0, 240), (0, 249), (0, 258), (0, 267), (0, 96), (0, 105), (0, 114), (0, 352), (0, 123), (0, 361), (0, 132), (0, 370), (0, 379), (0, 388), (0, 217), (0, 226), (0, 235), (0, 244), (0, 253), (0, 82), (0, 91), (0, 100), (0, 109), (0, 347), (0, 118), (0, 356), (0, 365), (0, 374), (0, 383), (0, 212), (0, 221), (0, 230), (0, 239), (0, 248), (0, 77), (0, 86), (0, 95), (0, 333), (0, 104), (0, 342), (0, 113), (0, 351), (0, 360), (0, 369), (0, 198), (0, 207), (0, 216), (0, 225), (0, 234), (0, 63), (0, 72), (0, 81), (0, 319), (0, 90), (0, 328), (0, 99), (0, 337), (0, 346), (0, 355), (0, 184), (0, 193), (0, 202), (0, 211), (0, 220), (0, 49), (0, 58), (0, 67), (0, 76), (0, 314), (0, 85), (0, 323), (0, 332), (0, 341), (0, 350), (0, 179), (0, 188), (0, 197), (0, 206), (0, 215), (0, 44), (0, 53), (0, 62), (0, 300), (0, 71), (0, 309), (0, 80), (0, 318), (0, 327), (0, 336), (0, 165), (0, 174), (0, 183), (0, 192), (0, 201), (0, 30), (0, 39), (0, 48), (0, 57), (0, 295), (0, 66), (0, 304), (0, 313), (0, 322), (0, 331), (0, 160), (0, 169), (0, 178), (0, 187), (0, 196), (0, 25), (0, 34), (0, 43), (0, 281), (0, 52), (0, 290), (0, 61), (0, 299), (0, 308), (0, 317), (0, 146), (0, 155), (0, 164), (0, 173), (0, 182), (0, 11), (0, 20), (0, 29), (0, 38), (0, 276), (0, 47), (0, 285), (0, 294), (0, 303), (0, 312), (0, 141), (0, 150), (0, 159), (0, 397), (0, 168), (0, 177), (0, 6), (0, 15), (0, 24), (0, 262), (0, 33), (0, 271), (0, 42), (0, 280), (0, 289), (0, 298), (0, 127), (0, 136), (0, 145), (0, 154), (0, 392), (0, 163), (0, 1), (0, 10), (0, 19), (0, 257), (0, 28), (0, 266), (0, 275), (0, 284), (0, 293), (0, 122), (0, 131), (0, 140), (0, 378), (0, 149), (0, 387)}",399,399000,1.9492738246917725
Graph_400_79800_1,400,79800,399,"{(0, 158), (0, 396), (0, 5), (0, 243), (0, 14), (0, 252), (0, 23), (0, 261), (0, 270), (0, 279), (0, 108), (0, 117), (0, 126), (0, 364), (0, 135), (0, 373), (0, 144), (0, 382), (0, 391), (0, 229), (0, 238), (0, 9), (0, 247), (0, 256), (0, 265), (0, 94), (0, 103), (0, 112), (0, 121), (0, 359), (0, 130), (0, 368), (0, 377), (0, 386), (0, 395), (0, 224), (0, 233), (0, 242), (0, 251), (0, 260), (0, 89), (0, 98), (0, 107), (0, 345), (0, 116), (0, 354), (0, 125), (0, 363), (0, 372), (0, 381), (0, 210), (0, 219), (0, 228), (0, 237), (0, 246), (0, 75), (0, 84), (0, 93), (0, 102), (0, 340), (0, 111), (0, 349), (0, 358), (0, 367), (0, 376), (0, 205), (0, 214), (0, 223), (0, 232), (0, 241), (0, 70), (0, 79), (0, 88), (0, 326), (0, 97), (0, 335), (0, 106), (0, 344), (0, 353), (0, 362), (0, 191), (0, 200), (0, 209), (0, 218), (0, 227), (0, 56), (0, 65), (0, 74), (0, 83), (0, 321), (0, 92), (0, 330), (0, 339), (0, 348), (0, 357), (0, 186), (0, 195), (0, 204), (0, 213), (0, 222), (0, 51), (0, 60), (0, 69), (0, 307), (0, 78), (0, 316), (0, 87), (0, 325), (0, 334), (0, 343), (0, 172), (0, 181), (0, 190), (0, 199), (0, 208), (0, 37), (0, 46), (0, 55), (0, 64), (0, 302), (0, 73), (0, 311), (0, 320), (0, 329), (0, 338), (0, 167), (0, 176), (0, 185), (0, 194), (0, 203), (0, 32), (0, 41), (0, 50), (0, 288), (0, 59), (0, 297), (0, 68), (0, 306), (0, 315), (0, 324), (0, 153), (0, 162), (0, 171), (0, 180), (0, 189), (0, 18), (0, 27), (0, 36), (0, 274), (0, 45), (0, 283), (0, 54), (0, 292), (0, 301), (0, 310), (0, 139), (0, 148), (0, 157), (0, 166), (0, 175), (0, 4), (0, 13), (0, 22), (0, 31), (0, 269), (0, 40), (0, 278), (0, 287), (0, 296), (0, 305), (0, 134), (0, 143), (0, 152), (0, 390), (0, 161), (0, 399), (0, 170), (0, 8), (0, 17), (0, 255), (0, 26), (0, 264), (0, 35), (0, 273), (0, 282), (0, 291), (0, 120), (0, 129), (0, 138), (0, 147), (0, 385), (0, 156), (0, 394), (0, 3), (0, 12), (0, 250), (0, 21), (0, 259), (0, 268), (0, 277), (0, 286), (0, 115), (0, 124), (0, 133), (0, 371), (0, 142), (0, 380), (0, 151), (0, 389), (0, 398), (0, 236), (0, 7), (0, 245), (0, 16), (0, 254), (0, 263), (0, 272), (0, 101), (0, 110), (0, 119), (0, 128), (0, 366), (0, 137), (0, 375), (0, 384), (0, 393), (0, 231), (0, 2), (0, 240), (0, 249), (0, 258), (0, 267), (0, 96), (0, 105), (0, 114), (0, 352), (0, 123), (0, 361), (0, 132), (0, 370), (0, 379), (0, 388), (0, 217), (0, 226), (0, 235), (0, 244), (0, 253), (0, 82), (0, 91), (0, 100), (0, 109), (0, 347), (0, 118), (0, 356), (0, 365), (0, 374), (0, 383), (0, 212), (0, 221), (0, 230), (0, 239), (0, 248), (0, 77), (0, 86), (0, 95), (0, 333), (0, 104), (0, 342), (0, 113), (0, 351), (0, 360), (0, 369), (0, 198), (0, 207), (0, 216), (0, 225), (0, 234), (0, 63), (0, 72), (0, 81), (0, 319), (0, 90), (0, 328), (0, 99), (0, 337), (0, 346), (0, 355), (0, 184), (0, 193), (0, 202), (0, 211), (0, 220), (0, 49), (0, 58), (0, 67), (0, 76), (0, 314), (0, 85), (0, 323), (0, 332), (0, 341), (0, 350), (0, 179), (0, 188), (0, 197), (0, 206), (0, 215), (0, 44), (0, 53), (0, 62), (0, 300), (0, 71), (0, 309), (0, 80), (0, 318), (0, 327), (0, 336), (0, 165), (0, 174), (0, 183), (0, 192), (0, 201), (0, 30), (0, 39), (0, 48), (0, 57), (0, 295), (0, 66), (0, 304), (0, 313), (0, 322), (0, 331), (0, 160), (0, 169), (0, 178), (0, 187), (0, 196), (0, 25), (0, 34), (0, 43), (0, 281), (0, 52), (0, 290), (0, 61), (0, 299), (0, 308), (0, 317), (0, 146), (0, 155), (0, 164), (0, 173), (0, 182), (0, 11), (0, 20), (0, 29), (0, 38), (0, 276), (0, 47), (0, 285), (0, 294), (0, 303), (0, 312), (0, 141), (0, 150), (0, 159), (0, 397), (0, 168), (0, 177), (0, 6), (0, 15), (0, 24), (0, 262), (0, 33), (0, 271), (0, 42), (0, 280), (0, 289), (0, 298), (0, 127), (0, 136), (0, 145), (0, 154), (0, 392), (0, 163), (0, 1), (0, 10), (0, 19), (0, 257), (0, 28), (0, 266), (0, 275), (0, 284), (0, 293), (0, 122), (0, 131), (0, 140), (0, 378), (0, 149), (0, 387)}",399,399000,2.020568370819092
Graph_450_12629_0,450,12629,36,"{(81, 323), (71, 81), (81, 140), (73, 81), (81, 152), (64, 81), (81, 283), (81, 402), (81, 347), (81, 280), (81, 115), (81, 298), (81, 121), (81, 127), (81, 307), (81, 432), (81, 429), (81, 380), (81, 145), (48, 81), (81, 447), (81, 105), (81, 398), (37, 81), (50, 81), (81, 181), (81, 129), (81, 434), (81, 306), (81, 437), (81, 333), (81, 278), (45, 81), (81, 107), (58, 81), (81, 317)}",36,33066,0.02683854103088379
Graph_450_12629_1,450,12629,40,"{(314, 354), (314, 360), (92, 314), (213, 314), (83, 314), (4, 314), (149, 314), (107, 314), (76, 314), (314, 384), (314, 448), (314, 335), (314, 344), (23, 314), (111, 314), (314, 417), (296, 314), (47, 314), (60, 314), (302, 314), (181, 314), (313, 314), (300, 314), (73, 314), (178, 314), (280, 314), (150, 314), (183, 314), (106, 314), (306, 314), (238, 314), (141, 314), (218, 314), (264, 314), (314, 385), (262, 314), (295, 314), (297, 314), (26, 314), (211, 314)}",40,36820,0.04413175582885742
Graph_450_25257_0,450,25257,83,"{(81, 140), (73, 81), (22, 81), (81, 112), (81, 432), (81, 142), (81, 206), (81, 325), (81, 398), (81, 105), (37, 81), (81, 352), (81, 434), (81, 263), (81, 153), (81, 409), (81, 235), (81, 354), (58, 81), (14, 81), (71, 81), (81, 283), (81, 402), (81, 347), (81, 121), (81, 194), (81, 203), (48, 81), (81, 331), (81, 404), (50, 81), (81, 178), (81, 123), (81, 306), (81, 388), (81, 333), (81, 278), (81, 406), (81, 107), (51, 81), (81, 116), (81, 317), (81, 445), (81, 271), (81, 335), (81, 408), (81, 301), (81, 127), (81, 429), (81, 319), (81, 145), (81, 447), (59, 81), (81, 166), (81, 111), (81, 129), (81, 131), (81, 323), (81, 152), (64, 81), (81, 280), (81, 106), (81, 115), (81, 298), (81, 307), (0, 81), (66, 81), (81, 380), (81, 389), (81, 154), (81, 282), (81, 181), (81, 309), (32, 81), (81, 437), (81, 382), (81, 446), (81, 211), (81, 275), (45, 81), (81, 339), (81, 403), (81, 348)}",83,78186,0.14081454277038574
Graph_450_25257_1,450,25257,86,"{(35, 143), (35, 88), (35, 216), (35, 161), (35, 179), (35, 298), (35, 426), (35, 264), (35, 337), (35, 163), (35, 282), (35, 355), (35, 421), (35, 366), (14, 35), (35, 149), (35, 387), (35, 332), (35, 277), (16, 35), (35, 396), (35, 252), (35, 87), (35, 444), (35, 270), (35, 334), (35, 398), (35, 126), (35, 318), (35, 144), (35, 391), (35, 336), (35, 345), (35, 46), (35, 55), (12, 35), (35, 64), (35, 247), (35, 73), (35, 311), (27, 35), (35, 256), (25, 35), (35, 274), (35, 283), (29, 35), (35, 411), (35, 240), (35, 185), (35, 304), (35, 249), (35, 368), (35, 267), (35, 331), (35, 50), (35, 59), (35, 297), (4, 35), (35, 68), (35, 379), (35, 205), (35, 98), (35, 235), (35, 70), (35, 189), (35, 363), (35, 427), (35, 372), (35, 100), (35, 219), (35, 109), (35, 301), (35, 127), (35, 255), (35, 374), (35, 438), (0, 35), (35, 221), (35, 47), (35, 56), (35, 422), (35, 248), (35, 257), (35, 385), (35, 287), (35, 406)}",86,81141,0.14741277694702148
Graph_450_50513_0,450,50513,175,"{(189, 265), (189, 274), (189, 338), (189, 402), (171, 189), (189, 356), (10, 189), (189, 420), (65, 189), (76, 189), (189, 374), (63, 189), (189, 203), (189, 267), (133, 189), (189, 340), (189, 285), (189, 404), (189, 294), (148, 189), (189, 303), (189, 431), (189, 196), (95, 189), (189, 260), (172, 189), (189, 324), (189, 269), (189, 214), (189, 278), (189, 397), (189, 223), (189, 342), (189, 287), (189, 232), (189, 296), (189, 415), (108, 189), (46, 189), (57, 189), (189, 317), (72, 189), (189, 262), (189, 326), (189, 390), (4, 189), (125, 189), (180, 189), (189, 408), (85, 189), (151, 189), (140, 189), (189, 246), (189, 200), (189, 383), (87, 189), (189, 447), (142, 189), (189, 392), (189, 218), (36, 189), (189, 346), (102, 189), (49, 189), (38, 189), (104, 189), (159, 189), (189, 202), (189, 440), (189, 266), (189, 211), (189, 449), (189, 275), (174, 189), (189, 394), (119, 189), (189, 284), (189, 412), (11, 189), (66, 189), (121, 189), (189, 241), (176, 189), (189, 250), (189, 314), (189, 259), (189, 378), (189, 204), (189, 442), (189, 387), (189, 332), (189, 396), (189, 405), (28, 189), (83, 189), (94, 189), (160, 189), (149, 189), (189, 234), (43, 189), (189, 362), (164, 189), (189, 371), (189, 261), (189, 325), (189, 444), (189, 334), (45, 189), (34, 189), (111, 189), (56, 189), (177, 189), (5, 189), (126, 189), (189, 227), (189, 236), (189, 355), (189, 245), (189, 364), (189, 190), (189, 373), (189, 199), (189, 318), (7, 189), (139, 189), (189, 446), (117, 189), (143, 189), (130, 189), (189, 357), (189, 421), (35, 189), (189, 366), (24, 189), (79, 189), (156, 189), (189, 430), (90, 189), (145, 189), (39, 189), (189, 329), (189, 448), (158, 189), (189, 222), (189, 350), (189, 414), (162, 189), (189, 359), (189, 249), (122, 189), (189, 322), (54, 189), (14, 189), (189, 215), (80, 189), (189, 352), (189, 416), (189, 251), (189, 370), (189, 434), (82, 189), (189, 379), (137, 189), (189, 208), (189, 272), (189, 281), (189, 244), (154, 189), (165, 189), (189, 308), (189, 372), (189, 427), (189, 436), (48, 189), (169, 189)}",175,172900,0.5593152046203613
Graph_450_50513_1,450,50513,195,"{(243, 300), (243, 364), (243, 309), (243, 373), (243, 318), (75, 243), (243, 382), (243, 391), (13, 243), (11, 243), (24, 243), (90, 243), (243, 400), (156, 243), (243, 336), (39, 243), (243, 293), (243, 366), (243, 311), (213, 243), (243, 256), (243, 375), (52, 243), (41, 243), (96, 243), (243, 265), (118, 243), (243, 329), (175, 243), (241, 243), (243, 359), (3, 243), (80, 243), (69, 243), (124, 243), (135, 243), (190, 243), (243, 432), (243, 423), (243, 322), (243, 441), (243, 386), (243, 331), (31, 243), (7, 243), (141, 243), (231, 243), (218, 243), (243, 416), (243, 434), (205, 243), (243, 443), (9, 243), (99, 243), (154, 243), (209, 243), (48, 243), (243, 345), (243, 290), (243, 354), (243, 299), (243, 418), (243, 363), (243, 427), (243, 372), (37, 243), (171, 243), (182, 243), (226, 243), (10, 243), (76, 243), (65, 243), (243, 274), (243, 338), (243, 347), (89, 243), (78, 243), (243, 246), (144, 243), (243, 365), (243, 301), (243, 429), (243, 438), (214, 243), (201, 243), (243, 276), (29, 243), (16, 243), (243, 404), (150, 243), (161, 243), (243, 294), (243, 413), (243, 358), (55, 243), (243, 422), (163, 243), (57, 243), (68, 243), (123, 243), (46, 243), (178, 243), (233, 243), (6, 243), (243, 287), (243, 415), (243, 360), (243, 424), (70, 243), (243, 433), (191, 243), (8, 243), (30, 243), (85, 243), (19, 243), (151, 243), (129, 243), (195, 243), (243, 280), (243, 289), (243, 408), (243, 353), (63, 243), (153, 243), (91, 243), (157, 243), (212, 243), (243, 255), (243, 319), (243, 392), (49, 243), (38, 243), (243, 282), (243, 401), (170, 243), (243, 346), (236, 243), (225, 243), (53, 243), (119, 243), (243, 419), (185, 243), (174, 243), (243, 312), (243, 257), (243, 385), (132, 243), (198, 243), (243, 449), (187, 243), (121, 243), (176, 243), (243, 339), (15, 243), (81, 243), (243, 284), (26, 243), (243, 421), (134, 243), (94, 243), (83, 243), (215, 243), (243, 259), (243, 378), (243, 442), (43, 243), (164, 243), (243, 332), (243, 277), (243, 396), (243, 341), (243, 350), (243, 414), (56, 243), (21, 243), (100, 243), (166, 243), (177, 243), (232, 243), (5, 243), (60, 243), (243, 435), (243, 261), (243, 380), (243, 325), (243, 444), (243, 270), (243, 389), (243, 334), (113, 243), (243, 398), (179, 243), (234, 243), (73, 243), (117, 243)}",195,194610,0.6207420825958252
Graph_450_75769_0,450,75769,306,"{(96, 104), (96, 223), (79, 96), (25, 96), (96, 287), (96, 232), (96, 113), (96, 351), (96, 296), (96, 122), (96, 193), (96, 360), (96, 186), (64, 96), (96, 424), (53, 96), (96, 369), (96, 195), (96, 305), (11, 96), (96, 259), (96, 323), (96, 442), (96, 387), (66, 96), (42, 96), (96, 97), (96, 216), (96, 161), (96, 106), (15, 96), (2, 96), (96, 170), (96, 234), (96, 353), (96, 179), (96, 298), (96, 417), (96, 243), (96, 362), (96, 426), (96, 252), (96, 371), (96, 316), (96, 435), (96, 380), (96, 444), (4, 96), (83, 96), (94, 96), (96, 389), (96, 145), (96, 154), (43, 96), (8, 96), (96, 218), (96, 99), (96, 163), (96, 346), (67, 96), (96, 410), (96, 117), (96, 181), (96, 419), (96, 245), (96, 309), (96, 254), (34, 96), (45, 96), (96, 373), (96, 382), (96, 446), (5, 96), (60, 96), (96, 147), (96, 211), (96, 156), (96, 339), (96, 165), (96, 284), (96, 110), (96, 403), (96, 348), (96, 174), (96, 293), (96, 412), (96, 119), (96, 238), (62, 96), (96, 302), (38, 96), (96, 247), (96, 421), (96, 366), (96, 311), (96, 357), (73, 96), (96, 375), (77, 96), (96, 140), (96, 204), (75, 96), (96, 268), (96, 213), (96, 277), (96, 103), (35, 96), (96, 167), (90, 96), (96, 341), (96, 405), (0, 96), (96, 176), (96, 112), (24, 96), (96, 240), (96, 359), (96, 231), (96, 295), (96, 368), (96, 432), (96, 133), (92, 96), (96, 142), (96, 206), (41, 96), (17, 96), (96, 270), (96, 215), (96, 334), (96, 160), (96, 279), (96, 105), (96, 398), (96, 343), (96, 169), (96, 233), (96, 352), (96, 416), (96, 425), (96, 434), (96, 126), (96, 190), (14, 96), (96, 135), (80, 96), (58, 96), (69, 96), (96, 263), (96, 327), (96, 153), (96, 391), (96, 217), (96, 98), (96, 336), (96, 400), (96, 226), (96, 290), (82, 96), (71, 96), (96, 299), (96, 418), (96, 363), (7, 96), (18, 96), (96, 128), (96, 256), (96, 320), (96, 146), (96, 265), (96, 329), (96, 448), (96, 274), (96, 393), (96, 219), (9, 96), (88, 96), (96, 164), (96, 402), (96, 228), (96, 347), (96, 292), (96, 411), (96, 356), (13, 96), (96, 420), (96, 121), (96, 130), (96, 313), (96, 139), (96, 258), (96, 203), (50, 96), (96, 441), (96, 267), (96, 386), (61, 96), (96, 331), (96, 148), (96, 177), (96, 276), (96, 221), (76, 96), (65, 96), (96, 123), (96, 242), (96, 187), (96, 306), (96, 132), (96, 251), (96, 370), (78, 96), (96, 315), (89, 96), (96, 260), (96, 379), (54, 96), (27, 96), (96, 443), (93, 96), (96, 388), (96, 269), (96, 214), (3, 96), (96, 278), (96, 397), (96, 406), (96, 107), (96, 171), (40, 96), (16, 96), (96, 235), (84, 96), (95, 96), (96, 244), (96, 189), (96, 134), (96, 253), (96, 372), (96, 198), (96, 317), (96, 436), (96, 143), (96, 381), (96, 207), (96, 326), (96, 262), (96, 271), (96, 445), (96, 335), (96, 399), (96, 344), (96, 100), (33, 96), (57, 96), (68, 96), (46, 96), (96, 109), (96, 173), (96, 118), (72, 96), (96, 237), (96, 301), (96, 246), (96, 365), (96, 310), (96, 429), (96, 136), (96, 374), (70, 96), (96, 200), (96, 438), (96, 264), (96, 255), (96, 209), (96, 447), (96, 392), (30, 96), (74, 96), (85, 96), (96, 401), (96, 102), (96, 166), (96, 111), (96, 230), (96, 175), (96, 358), (87, 96), (96, 422), (96, 248), (96, 367), (96, 303), (96, 312), (96, 431), (96, 257), (96, 376), (96, 202), (36, 96), (96, 440), (96, 266), (96, 385), (47, 96), (96, 330), (96, 321), (96, 394), (51, 96)}",306,322371,1.4685184955596924
Graph_450_75769_1,450,75769,309,"{(201, 386), (201, 395), (201, 413), (191, 201), (180, 201), (85, 201), (74, 201), (201, 251), (201, 260), (201, 269), (153, 201), (201, 287), (47, 201), (36, 201), (181, 201), (201, 381), (115, 201), (104, 201), (201, 390), (201, 399), (201, 408), (201, 246), (201, 255), (201, 282), (134, 201), (28, 201), (17, 201), (201, 367), (201, 376), (201, 385), (201, 394), (201, 232), (126, 201), (201, 250), (201, 259), (201, 268), (183, 201), (194, 201), (77, 201), (201, 353), (9, 201), (201, 371), (201, 380), (145, 201), (156, 201), (201, 389), (201, 227), (201, 245), (107, 201), (118, 201), (201, 348), (80, 201), (201, 357), (201, 366), (201, 375), (201, 384), (201, 213), (20, 201), (201, 231), (201, 249), (99, 201), (88, 201), (201, 334), (201, 343), (50, 201), (201, 361), (201, 370), (201, 208), (201, 217), (23, 201), (201, 226), (201, 235), (148, 201), (201, 329), (201, 338), (201, 347), (110, 201), (201, 356), (201, 365), (42, 201), (201, 203), (201, 230), (4, 201), (151, 201), (129, 201), (201, 315), (201, 333), (201, 342), (201, 351), (91, 201), (201, 445), (170, 201), (159, 201), (201, 216), (53, 201), (64, 201), (201, 310), (121, 201), (132, 201), (26, 201), (201, 328), (201, 337), (201, 346), (83, 201), (94, 201), (201, 202), (201, 440), (201, 211), (201, 449), (45, 201), (190, 201), (201, 305), (201, 314), (201, 323), (18, 201), (143, 201), (75, 201), (201, 435), (201, 444), (200, 201), (37, 201), (201, 300), (201, 309), (201, 318), (201, 421), (201, 430), (201, 439), (201, 448), (192, 201), (86, 201), (201, 277), (201, 313), (165, 201), (48, 201), (193, 201), (201, 398), (201, 407), (105, 201), (201, 425), (10, 201), (201, 272), (184, 201), (201, 281), (89, 201), (67, 201), (201, 290), (78, 201), (201, 299), (146, 201), (40, 201), (201, 393), (201, 402), (201, 411), (201, 420), (108, 201), (201, 258), (201, 276), (201, 294), (59, 201), (201, 379), (201, 388), (21, 201), (201, 397), (201, 406), (157, 201), (201, 253), (201, 262), (201, 271), (201, 280), (119, 201), (187, 201), (198, 201), (201, 383), (201, 392), (201, 401), (201, 410), (149, 201), (201, 239), (138, 201), (201, 248), (43, 201), (32, 201), (201, 257), (201, 266), (201, 275), (111, 201), (201, 369), (201, 378), (179, 201), (73, 201), (201, 396), (201, 225), (130, 201), (201, 252), (35, 201), (201, 261), (24, 201), (13, 201), (92, 201), (201, 355), (201, 373), (201, 382), (122, 201), (201, 391), (201, 220), (201, 229), (201, 238), (201, 256), (16, 201), (152, 201), (201, 341), (141, 201), (201, 350), (201, 359), (103, 201), (201, 206), (201, 215), (201, 224), (201, 233), (201, 242), (171, 201), (65, 201), (201, 345), (201, 354), (106, 201), (95, 201), (84, 201), (201, 228), (201, 237), (163, 201), (46, 201), (57, 201), (68, 201), (201, 331), (201, 340), (125, 201), (19, 201), (201, 205), (201, 214), (87, 201), (112, 201), (201, 308), (38, 201), (49, 201), (201, 335), (201, 344), (174, 201), (0, 201), (11, 201), (201, 447), (147, 201), (201, 303), (201, 312), (98, 201), (201, 321), (201, 339), (155, 201), (177, 201), (60, 201), (201, 424), (201, 433), (201, 204), (117, 201), (139, 201), (22, 201), (201, 289), (201, 307), (196, 201), (101, 201), (79, 201), (90, 201), (201, 325), (158, 201), (201, 419), (41, 201), (186, 201), (197, 201), (201, 437), (120, 201), (3, 201), (14, 201), (201, 302), (71, 201), (82, 201), (201, 405), (201, 423), (44, 201), (201, 441), (169, 201), (201, 270), (201, 279), (201, 288), (201, 297), (201, 306), (131, 201), (63, 201), (201, 400), (199, 201), (188, 201), (201, 418), (201, 427), (201, 436), (25, 201), (172, 201), (150, 201), (161, 201), (201, 283), (55, 201), (123, 201)}",309,325995,1.493922472000122
Graph_450_101025_0,450,101025,449,"{(0, 158), (0, 396), (0, 405), (0, 414), (0, 5), (0, 243), (0, 14), (0, 252), (0, 23), (0, 261), (0, 270), (0, 279), (0, 108), (0, 117), (0, 126), (0, 364), (0, 135), (0, 373), (0, 144), (0, 382), (0, 391), (0, 400), (0, 229), (0, 238), (0, 9), (0, 247), (0, 256), (0, 265), (0, 94), (0, 103), (0, 112), (0, 121), (0, 359), (0, 130), (0, 368), (0, 377), (0, 386), (0, 395), (0, 224), (0, 233), (0, 242), (0, 251), (0, 260), (0, 89), (0, 98), (0, 107), (0, 345), (0, 116), (0, 354), (0, 125), (0, 363), (0, 372), (0, 381), (0, 210), (0, 219), (0, 228), (0, 237), (0, 246), (0, 75), (0, 84), (0, 93), (0, 102), (0, 340), (0, 111), (0, 349), (0, 358), (0, 367), (0, 376), (0, 205), (0, 214), (0, 223), (0, 232), (0, 241), (0, 70), (0, 79), (0, 88), (0, 326), (0, 97), (0, 335), (0, 106), (0, 344), (0, 353), (0, 362), (0, 191), (0, 200), (0, 209), (0, 218), (0, 227), (0, 56), (0, 65), (0, 74), (0, 83), (0, 321), (0, 92), (0, 330), (0, 339), (0, 348), (0, 357), (0, 186), (0, 195), (0, 204), (0, 442), (0, 213), (0, 222), (0, 51), (0, 60), (0, 69), (0, 307), (0, 78), (0, 316), (0, 87), (0, 325), (0, 334), (0, 343), (0, 172), (0, 181), (0, 190), (0, 199), (0, 437), (0, 208), (0, 446), (0, 37), (0, 46), (0, 55), (0, 64), (0, 302), (0, 73), (0, 311), (0, 320), (0, 329), (0, 338), (0, 167), (0, 176), (0, 185), (0, 423), (0, 194), (0, 432), (0, 203), (0, 441), (0, 32), (0, 41), (0, 50), (0, 288), (0, 59), (0, 297), (0, 68), (0, 306), (0, 315), (0, 324), (0, 153), (0, 162), (0, 171), (0, 409), (0, 180), (0, 418), (0, 189), (0, 427), (0, 436), (0, 445), (0, 18), (0, 27), (0, 36), (0, 274), (0, 45), (0, 283), (0, 54), (0, 292), (0, 301), (0, 310), (0, 139), (0, 148), (0, 157), (0, 166), (0, 404), (0, 175), (0, 413), (0, 422), (0, 4), (0, 431), (0, 13), (0, 440), (0, 22), (0, 31), (0, 269), (0, 40), (0, 278), (0, 287), (0, 296), (0, 305), (0, 134), (0, 143), (0, 152), (0, 390), (0, 161), (0, 399), (0, 170), (0, 408), (0, 417), (0, 426), (0, 8), (0, 17), (0, 255), (0, 26), (0, 264), (0, 35), (0, 273), (0, 282), (0, 291), (0, 120), (0, 129), (0, 138), (0, 147), (0, 385), (0, 156), (0, 394), (0, 403), (0, 412), (0, 421), (0, 3), (0, 12), (0, 250), (0, 21), (0, 259), (0, 268), (0, 277), (0, 286), (0, 115), (0, 124), (0, 133), (0, 371), (0, 142), (0, 380), (0, 151), (0, 389), (0, 398), (0, 407), (0, 236), (0, 7), (0, 245), (0, 16), (0, 254), (0, 263), (0, 272), (0, 101), (0, 110), (0, 119), (0, 128), (0, 366), (0, 137), (0, 375), (0, 384), (0, 393), (0, 402), (0, 231), (0, 2), (0, 240), (0, 249), (0, 258), (0, 267), (0, 96), (0, 105), (0, 114), (0, 352), (0, 123), (0, 361), (0, 132), (0, 370), (0, 379), (0, 388), (0, 217), (0, 226), (0, 235), (0, 244), (0, 253), (0, 82), (0, 91), (0, 100), (0, 109), (0, 347), (0, 118), (0, 356), (0, 365), (0, 374), (0, 383), (0, 212), (0, 221), (0, 230), (0, 239), (0, 248), (0, 77), (0, 86), (0, 95), (0, 333), (0, 104), (0, 342), (0, 113), (0, 351), (0, 360), (0, 369), (0, 198), (0, 207), (0, 216), (0, 225), (0, 234), (0, 63), (0, 72), (0, 81), (0, 319), (0, 90), (0, 328), (0, 99), (0, 337), (0, 346), (0, 355), (0, 184), (0, 193), (0, 202), (0, 211), (0, 449), (0, 220), (0, 49), (0, 58), (0, 67), (0, 76), (0, 314), (0, 85), (0, 323), (0, 332), (0, 341), (0, 350), (0, 179), (0, 188), (0, 197), (0, 435), (0, 206), (0, 444), (0, 215), (0, 44), (0, 53), (0, 62), (0, 300), (0, 71), (0, 309), (0, 80), (0, 318), (0, 327), (0, 336), (0, 165), (0, 174), (0, 183), (0, 192), (0, 430), (0, 201), (0, 439), (0, 448), (0, 30), (0, 39), (0, 48), (0, 57), (0, 295), (0, 66), (0, 304), (0, 313), (0, 322), (0, 331), (0, 160), (0, 169), (0, 178), (0, 416), (0, 187), (0, 425), (0, 196), (0, 434), (0, 443), (0, 25), (0, 34), (0, 43), (0, 281), (0, 52), (0, 290), (0, 61), (0, 299), (0, 308), (0, 317), (0, 146), (0, 155), (0, 164), (0, 173), (0, 411), (0, 182), (0, 420), (0, 429), (0, 438), (0, 11), (0, 20), (0, 447), (0, 29), (0, 38), (0, 276), (0, 47), (0, 285), (0, 294), (0, 303), (0, 312), (0, 141), (0, 150), (0, 159), (0, 397), (0, 168), (0, 406), (0, 177), (0, 415), (0, 424), (0, 6), (0, 433), (0, 15), (0, 24), (0, 262), (0, 33), (0, 271), (0, 42), (0, 280), (0, 289), (0, 298), (0, 127), (0, 136), (0, 145), (0, 154), (0, 392), (0, 163), (0, 401), (0, 410), (0, 419), (0, 428), (0, 1), (0, 10), (0, 19), (0, 257), (0, 28), (0, 266), (0, 275), (0, 284), (0, 293), (0, 122), (0, 131), (0, 140), (0, 378), (0, 149), (0, 387)}",449,505125,2.839229106903076
Graph_450_101025_1,450,101025,449,"{(0, 158), (0, 396), (0, 405), (0, 414), (0, 5), (0, 243), (0, 14), (0, 252), (0, 23), (0, 261), (0, 270), (0, 279), (0, 108), (0, 117), (0, 126), (0, 364), (0, 135), (0, 373), (0, 144), (0, 382), (0, 391), (0, 400), (0, 229), (0, 238), (0, 9), (0, 247), (0, 256), (0, 265), (0, 94), (0, 103), (0, 112), (0, 121), (0, 359), (0, 130), (0, 368), (0, 377), (0, 386), (0, 395), (0, 224), (0, 233), (0, 242), (0, 251), (0, 260), (0, 89), (0, 98), (0, 107), (0, 345), (0, 116), (0, 354), (0, 125), (0, 363), (0, 372), (0, 381), (0, 210), (0, 219), (0, 228), (0, 237), (0, 246), (0, 75), (0, 84), (0, 93), (0, 102), (0, 340), (0, 111), (0, 349), (0, 358), (0, 367), (0, 376), (0, 205), (0, 214), (0, 223), (0, 232), (0, 241), (0, 70), (0, 79), (0, 88), (0, 326), (0, 97), (0, 335), (0, 106), (0, 344), (0, 353), (0, 362), (0, 191), (0, 200), (0, 209), (0, 218), (0, 227), (0, 56), (0, 65), (0, 74), (0, 83), (0, 321), (0, 92), (0, 330), (0, 339), (0, 348), (0, 357), (0, 186), (0, 195), (0, 204), (0, 442), (0, 213), (0, 222), (0, 51), (0, 60), (0, 69), (0, 307), (0, 78), (0, 316), (0, 87), (0, 325), (0, 334), (0, 343), (0, 172), (0, 181), (0, 190), (0, 199), (0, 437), (0, 208), (0, 446), (0, 37), (0, 46), (0, 55), (0, 64), (0, 302), (0, 73), (0, 311), (0, 320), (0, 329), (0, 338), (0, 167), (0, 176), (0, 185), (0, 423), (0, 194), (0, 432), (0, 203), (0, 441), (0, 32), (0, 41), (0, 50), (0, 288), (0, 59), (0, 297), (0, 68), (0, 306), (0, 315), (0, 324), (0, 153), (0, 162), (0, 171), (0, 409), (0, 180), (0, 418), (0, 189), (0, 427), (0, 436), (0, 445), (0, 18), (0, 27), (0, 36), (0, 274), (0, 45), (0, 283), (0, 54), (0, 292), (0, 301), (0, 310), (0, 139), (0, 148), (0, 157), (0, 166), (0, 404), (0, 175), (0, 413), (0, 422), (0, 4), (0, 431), (0, 13), (0, 440), (0, 22), (0, 31), (0, 269), (0, 40), (0, 278), (0, 287), (0, 296), (0, 305), (0, 134), (0, 143), (0, 152), (0, 390), (0, 161), (0, 399), (0, 170), (0, 408), (0, 417), (0, 426), (0, 8), (0, 17), (0, 255), (0, 26), (0, 264), (0, 35), (0, 273), (0, 282), (0, 291), (0, 120), (0, 129), (0, 138), (0, 147), (0, 385), (0, 156), (0, 394), (0, 403), (0, 412), (0, 421), (0, 3), (0, 12), (0, 250), (0, 21), (0, 259), (0, 268), (0, 277), (0, 286), (0, 115), (0, 124), (0, 133), (0, 371), (0, 142), (0, 380), (0, 151), (0, 389), (0, 398), (0, 407), (0, 236), (0, 7), (0, 245), (0, 16), (0, 254), (0, 263), (0, 272), (0, 101), (0, 110), (0, 119), (0, 128), (0, 366), (0, 137), (0, 375), (0, 384), (0, 393), (0, 402), (0, 231), (0, 2), (0, 240), (0, 249), (0, 258), (0, 267), (0, 96), (0, 105), (0, 114), (0, 352), (0, 123), (0, 361), (0, 132), (0, 370), (0, 379), (0, 388), (0, 217), (0, 226), (0, 235), (0, 244), (0, 253), (0, 82), (0, 91), (0, 100), (0, 109), (0, 347), (0, 118), (0, 356), (0, 365), (0, 374), (0, 383), (0, 212), (0, 221), (0, 230), (0, 239), (0, 248), (0, 77), (0, 86), (0, 95), (0, 333), (0, 104), (0, 342), (0, 113), (0, 351), (0, 360), (0, 369), (0, 198), (0, 207), (0, 216), (0, 225), (0, 234), (0, 63), (0, 72), (0, 81), (0, 319), (0, 90), (0, 328), (0, 99), (0, 337), (0, 346), (0, 355), (0, 184), (0, 193), (0, 202), (0, 211), (0, 449), (0, 220), (0, 49), (0, 58), (0, 67), (0, 76), (0, 314), (0, 85), (0, 323), (0, 332), (0, 341), (0, 350), (0, 179), (0, 188), (0, 197), (0, 435), (0, 206), (0, 444), (0, 215), (0, 44), (0, 53), (0, 62), (0, 300), (0, 71), (0, 309), (0, 80), (0, 318), (0, 327), (0, 336), (0, 165), (0, 174), (0, 183), (0, 192), (0, 430), (0, 201), (0, 439), (0, 448), (0, 30), (0, 39), (0, 48), (0, 57), (0, 295), (0, 66), (0, 304), (0, 313), (0, 322), (0, 331), (0, 160), (0, 169), (0, 178), (0, 416), (0, 187), (0, 425), (0, 196), (0, 434), (0, 443), (0, 25), (0, 34), (0, 43), (0, 281), (0, 52), (0, 290), (0, 61), (0, 299), (0, 308), (0, 317), (0, 146), (0, 155), (0, 164), (0, 173), (0, 411), (0, 182), (0, 420), (0, 429), (0, 438), (0, 11), (0, 20), (0, 447), (0, 29), (0, 38), (0, 276), (0, 47), (0, 285), (0, 294), (0, 303), (0, 312), (0, 141), (0, 150), (0, 159), (0, 397), (0, 168), (0, 406), (0, 177), (0, 415), (0, 424), (0, 6), (0, 433), (0, 15), (0, 24), (0, 262), (0, 33), (0, 271), (0, 42), (0, 280), (0, 289), (0, 298), (0, 127), (0, 136), (0, 145), (0, 154), (0, 392), (0, 163), (0, 401), (0, 410), (0, 419), (0, 428), (0, 1), (0, 10), (0, 19), (0, 257), (0, 28), (0, 266), (0, 275), (0, 284), (0, 293), (0, 122), (0, 131), (0, 140), (0, 378), (0, 149), (0, 387)}",449,505125,2.872015953063965
Graph_500_15594_0,500,15594,41,"{(81, 140), (81, 91), (81, 204), (81, 152), (77, 81), (81, 332), (64, 81), (81, 347), (81, 286), (81, 292), (81, 475), (81, 115), (81, 173), (81, 298), (81, 484), (81, 182), (81, 121), (81, 127), (81, 426), (81, 185), (81, 301), (81, 136), (81, 380), (81, 145), (81, 105), (81, 465), (81, 398), (70, 81), (50, 81), (81, 489), (65, 81), (81, 376), (81, 205), (81, 333), (81, 275), (45, 81), (81, 409), (81, 354), (58, 81), (81, 485), (81, 192)}",41,41861,0.04745626449584961
Graph_500_15594_1,500,15594,40,"{(96, 345), (96, 290), (96, 110), (96, 232), (96, 351), (96, 418), (40, 96), (95, 96), (96, 119), (96, 360), (96, 494), (77, 96), (96, 137), (96, 442), (66, 96), (42, 96), (96, 216), (96, 112), (15, 96), (13, 96), (96, 414), (96, 298), (72, 96), (96, 121), (96, 263), (17, 96), (96, 215), (96, 465), (96, 163), (96, 349), (96, 413), (96, 111), (96, 245), (21, 96), (96, 318), (47, 96), (80, 96), (96, 324), (60, 96), (93, 96)}",40,40820,0.04528188705444336
Graph_500_31188_0,500,31188,99,"{(437, 452), (362, 437), (417, 437), (56, 437), (177, 437), (166, 437), (243, 437), (432, 437), (179, 437), (234, 437), (368, 437), (437, 454), (117, 437), (194, 437), (339, 437), (328, 437), (22, 437), (262, 437), (396, 437), (90, 437), (145, 437), (222, 437), (437, 447), (211, 437), (213, 437), (224, 437), (347, 437), (334, 437), (413, 437), (424, 437), (107, 437), (1, 437), (437, 440), (122, 437), (437, 449), (230, 437), (437, 442), (388, 437), (437, 451), (337, 437), (392, 437), (20, 437), (97, 437), (152, 437), (273, 437), (416, 437), (405, 437), (365, 437), (182, 437), (226, 437), (237, 437), (303, 437), (292, 437), (250, 437), (305, 437), (384, 437), (27, 437), (146, 437), (201, 437), (401, 437), (84, 437), (172, 437), (150, 437), (271, 437), (361, 437), (55, 437), (414, 437), (374, 437), (418, 437), (246, 437), (30, 437), (437, 489), (74, 437), (402, 437), (195, 437), (285, 437), (406, 437), (87, 437), (364, 437), (419, 437), (23, 437), (437, 491), (170, 437), (370, 437), (53, 437), (132, 437), (176, 437), (187, 437), (242, 437), (387, 437), (136, 437), (437, 459), (160, 437), (138, 437), (215, 437), (437, 495), (259, 437), (32, 437), (219, 437)}",99,103950,0.20838427543640137
Graph_500_31188_1,500,31188,93,"{(58, 239), (69, 239), (239, 476), (71, 239), (20, 239), (239, 277), (141, 239), (231, 239), (239, 396), (152, 239), (239, 405), (239, 469), (239, 478), (189, 239), (61, 239), (239, 364), (131, 239), (239, 400), (67, 239), (89, 239), (144, 239), (239, 302), (239, 366), (239, 430), (236, 239), (84, 239), (161, 239), (239, 393), (42, 239), (239, 304), (239, 368), (239, 313), (202, 239), (239, 496), (239, 450), (191, 239), (19, 239), (239, 324), (239, 388), (142, 239), (47, 239), (239, 281), (102, 239), (239, 308), (239, 372), (239, 491), (239, 317), (239, 381), (115, 239), (194, 239), (238, 239), (239, 347), (239, 246), (66, 239), (222, 239), (176, 239), (239, 374), (26, 239), (136, 239), (239, 340), (239, 404), (94, 239), (138, 239), (149, 239), (228, 239), (239, 431), (239, 440), (34, 239), (111, 239), (239, 397), (239, 241), (239, 433), (239, 497), (179, 239), (234, 239), (218, 239), (239, 399), (239, 344), (239, 408), (239, 362), (196, 239), (156, 239), (145, 239), (239, 264), (239, 328), (239, 282), (239, 465), (239, 291), (239, 410), (213, 239), (239, 483), (1, 239), (175, 239)}",93,97371,0.19968628883361816
