graph,nodes,edges,min_cut,edges_to_remove,solutions_tested,basic_operations,time_elapsed
Graph_25_38_0,25,38,1,"{(10, 13)}",50,1079,0.0
Graph_25_38_1,25,38,1,"{(2, 13)}",50,1079,0.0
Graph_25_76_0,25,76,1,"{(11, 17)}",50,1383,0.0
Graph_25_76_1,25,76,4,"{(8, 13), (13, 20), (10, 13), (2, 13)}",50,1383,0.0
Graph_25_151_0,25,151,8,"{(6, 18), (6, 14), (2, 6), (6, 10), (5, 6), (6, 16), (6, 9), (6, 22)}",50,1983,0.0
Graph_25_151_1,25,151,7,"{(5, 21), (1, 5), (5, 20), (4, 5), (5, 16), (2, 5), (5, 18)}",50,1983,0.0
Graph_25_226_0,25,226,15,"{(14, 24), (13, 14), (3, 14), (10, 14), (14, 17), (14, 23), (6, 14), (1, 14), (14, 19), (14, 22), (14, 18), (11, 14), (14, 15), (12, 14), (7, 14)}",75,3887,0.001020193099975586
Graph_25_226_1,25,226,14,"{(8, 24), (14, 24), (20, 24), (15, 24), (5, 24), (6, 24), (11, 24), (18, 24), (21, 24), (0, 24), (12, 24), (7, 24), (2, 24), (13, 24)}",50,2583,0.0
Graph_25_300_0,25,300,24,"{(15, 24), (6, 24), (4, 24), (0, 24), (17, 24), (19, 24), (8, 24), (10, 24), (1, 24), (21, 24), (12, 24), (23, 24), (3, 24), (14, 24), (5, 24), (16, 24), (7, 24), (18, 24), (20, 24), (22, 24), (9, 24), (11, 24), (2, 24), (13, 24)}",50,3175,0.007908821105957031
Graph_25_300_1,25,300,24,"{(7, 23), (18, 23), (20, 23), (22, 23), (0, 23), (11, 23), (9, 23), (2, 23), (13, 23), (15, 23), (6, 23), (23, 24), (17, 23), (4, 23), (19, 23), (8, 23), (10, 23), (1, 23), (21, 23), (12, 23), (14, 23), (3, 23), (5, 23), (16, 23)}",50,3175,0.0
Graph_50_154_0,50,154,4,"{(17, 28), (28, 41), (28, 31), (16, 28)}",150,6073,0.000997781753540039
Graph_50_154_1,50,154,3,"{(6, 23), (23, 33), (23, 46)}",150,6073,0.0
Graph_50_307_0,50,307,6,"{(28, 33), (21, 28), (16, 28), (17, 28), (28, 41), (28, 31)}",150,7909,0.0005934238433837891
Graph_50_307_1,50,307,8,"{(6, 31), (31, 43), (31, 46), (31, 36), (9, 31), (4, 31), (24, 31), (8, 31)}",150,7909,0.00377655029296875
Graph_50_613_0,50,613,18,"{(5, 31), (5, 37), (5, 40), (5, 24), (1, 5), (5, 8), (5, 14), (5, 27), (5, 33), (5, 13), (5, 42), (5, 41), (5, 10), (5, 26), (5, 35), (5, 48), (3, 5), (5, 18)}",100,7704,0.0038793087005615234
Graph_50_613_1,50,613,16,"{(7, 49), (7, 36), (7, 42), (7, 26), (3, 7), (7, 16), (7, 32), (7, 9), (7, 12), (7, 25), (7, 31), (7, 37), (7, 47), (7, 18), (4, 7), (7, 30)}",100,7704,0.0022253990173339844
Graph_50_919_0,50,919,30,"{(1, 31), (12, 31), (23, 31), (5, 31), (25, 31), (16, 31), (7, 31), (18, 31), (29, 31), (20, 31), (31, 34), (31, 43), (31, 46), (9, 31), (11, 31), (13, 31), (24, 31), (26, 31), (15, 31), (6, 31), (31, 33), (31, 39), (31, 36), (31, 42), (4, 31), (31, 45), (17, 31), (31, 48), (28, 31), (8, 31)}",100,10152,0.003007173538208008
Graph_50_919_1,50,919,30,"{(16, 26), (7, 26), (18, 26), (26, 27), (26, 39), (26, 36), (20, 26), (26, 42), (26, 45), (9, 26), (0, 26), (11, 26), (2, 26), (13, 26), (15, 26), (26, 32), (6, 26), (26, 38), (26, 44), (26, 41), (26, 47), (17, 26), (8, 26), (10, 26), (1, 26), (26, 28), (23, 26), (14, 26), (3, 26), (5, 26)}",100,10152,0.004006385803222656
Graph_50_1225_0,50,1225,49,"{(27, 47), (25, 47), (16, 47), (38, 47), (18, 47), (40, 47), (7, 47), (29, 47), (31, 47), (20, 47), (22, 47), (47, 49), (9, 47), (42, 47), (0, 47), (11, 47), (33, 47), (44, 47), (2, 47), (24, 47), (13, 47), (35, 47), (46, 47), (26, 47), (15, 47), (6, 47), (39, 47), (4, 47), (37, 47), (17, 47), (28, 47), (47, 48), (30, 47), (8, 47), (19, 47), (41, 47), (10, 47), (43, 47), (32, 47), (14, 47), (1, 47), (21, 47), (12, 47), (23, 47), (34, 47), (45, 47), (3, 47), (36, 47), (5, 47)}",100,12600,0.00659942626953125
Graph_50_1225_1,50,1225,49,"{(27, 47), (25, 47), (16, 47), (38, 47), (7, 47), (40, 47), (29, 47), (18, 47), (20, 47), (31, 47), (22, 47), (3, 47), (47, 49), (9, 47), (42, 47), (0, 47), (44, 47), (11, 47), (33, 47), (2, 47), (35, 47), (13, 47), (46, 47), (24, 47), (26, 47), (15, 47), (6, 47), (39, 47), (4, 47), (37, 47), (28, 47), (47, 48), (17, 47), (30, 47), (8, 47), (19, 47), (41, 47), (10, 47), (43, 47), (32, 47), (1, 47), (21, 47), (12, 47), (45, 47), (23, 47), (34, 47), (14, 47), (36, 47), (5, 47)}",100,12600,0.006882905960083008
Graph_75_347_0,75,347,2,"{(25, 56), (53, 56)}",150,8851,0.0023598670959472656
Graph_75_347_1,75,347,2,"{(21, 64), (21, 34)}",225,13314,0.003919124603271484
Graph_75_694_0,75,694,12,"{(35, 59), (24, 59), (46, 59), (8, 59), (19, 59), (53, 59), (48, 59), (59, 64), (51, 59), (34, 59), (56, 59), (45, 59)}",300,23329,0.008819103240966797
Graph_75_694_1,75,694,10,"{(21, 71), (16, 71), (38, 71), (59, 71), (18, 71), (40, 71), (71, 74), (36, 71), (32, 71), (65, 71)}",225,17478,0.007786989212036133
Graph_75_1388_0,75,1388,26,"{(67, 71), (69, 71), (58, 71), (25, 71), (7, 71), (40, 71), (20, 71), (64, 71), (53, 71), (22, 71), (55, 71), (42, 71), (0, 71), (44, 71), (2, 71), (24, 71), (46, 71), (15, 71), (39, 71), (17, 71), (61, 71), (50, 71), (30, 71), (52, 71), (19, 71), (43, 71)}",150,17179,0.00499415397644043
Graph_75_1388_1,75,1388,25,"{(0, 39), (11, 39), (15, 39), (26, 39), (39, 42), (39, 60), (39, 57), (4, 39), (28, 39), (39, 41), (21, 39), (39, 53), (39, 56), (12, 39), (39, 68), (39, 71), (39, 46), (22, 39), (39, 49), (20, 39), (39, 58), (39, 55), (39, 61), (39, 67), (39, 64)}",150,17179,0.004047393798828125
Graph_75_2082_0,75,2082,47,"{(53, 66), (55, 66), (9, 66), (42, 66), (0, 66), (11, 66), (33, 66), (44, 66), (2, 66), (24, 66), (46, 66), (57, 66), (66, 69), (66, 72), (26, 66), (6, 66), (39, 66), (4, 66), (17, 66), (50, 66), (28, 66), (61, 66), (8, 66), (30, 66), (52, 66), (10, 66), (43, 66), (29, 66), (66, 74), (63, 66), (21, 66), (23, 66), (12, 66), (3, 66), (47, 66), (36, 66), (58, 66), (5, 66), (60, 66), (51, 66), (66, 70), (25, 66), (66, 67), (66, 73), (49, 66), (7, 66), (40, 66)}",150,22731,0.005835771560668945
Graph_75_2082_1,75,2082,46,"{(27, 47), (27, 53), (2, 27), (27, 50), (27, 56), (15, 27), (27, 59), (27, 68), (27, 71), (27, 28), (17, 27), (27, 31), (27, 37), (27, 34), (27, 46), (27, 43), (27, 49), (27, 52), (27, 55), (27, 61), (27, 64), (27, 70), (21, 27), (27, 67), (27, 73), (12, 27), (23, 27), (3, 27), (14, 27), (27, 30), (11, 27), (27, 33), (27, 39), (27, 36), (27, 42), (27, 45), (27, 54), (27, 63), (7, 27), (18, 27), (27, 66), (22, 27), (27, 32), (27, 35), (9, 27), (0, 27)}",150,22731,0.004079580307006836
Graph_75_2775_0,75,2775,74,"{(39, 73), (72, 73), (4, 73), (37, 73), (70, 73), (59, 73), (17, 73), (28, 73), (50, 73), (61, 73), (8, 73), (52, 73), (19, 73), (30, 73), (41, 73), (10, 73), (32, 73), (43, 73), (65, 73), (1, 73), (63, 73), (21, 73), (54, 73), (73, 74), (12, 73), (45, 73), (67, 73), (23, 73), (34, 73), (14, 73), (3, 73), (36, 73), (47, 73), (56, 73), (5, 73), (27, 73), (60, 73), (58, 73), (69, 73), (51, 73), (25, 73), (16, 73), (38, 73), (71, 73), (49, 73), (18, 73), (29, 73), (40, 73), (15, 73), (7, 73), (62, 73), (31, 73), (20, 73), (64, 73), (53, 73), (22, 73), (55, 73), (9, 73), (42, 73), (0, 73), (33, 73), (11, 73), (44, 73), (66, 73), (2, 73), (13, 73), (24, 73), (57, 73), (68, 73), (35, 73), (26, 73), (48, 73), (46, 73), (6, 73)}",150,28275,0.005987882614135742
Graph_75_2775_1,75,2775,74,"{(63, 74), (21, 74), (54, 74), (12, 74), (34, 74), (45, 74), (56, 74), (67, 74), (14, 74), (36, 74), (47, 74), (69, 74), (3, 74), (5, 74), (51, 74), (60, 74), (27, 74), (58, 74), (23, 74), (25, 74), (16, 74), (38, 74), (71, 74), (49, 74), (7, 74), (29, 74), (18, 74), (40, 74), (62, 74), (73, 74), (20, 74), (31, 74), (53, 74), (64, 74), (22, 74), (55, 74), (9, 74), (42, 74), (11, 74), (0, 74), (33, 74), (44, 74), (66, 74), (2, 74), (13, 74), (24, 74), (46, 74), (57, 74), (68, 74), (15, 74), (26, 74), (35, 74), (48, 74), (72, 74), (6, 74), (39, 74), (4, 74), (37, 74), (70, 74), (59, 74), (28, 74), (17, 74), (50, 74), (61, 74), (8, 74), (30, 74), (52, 74), (19, 74), (41, 74), (10, 74), (32, 74), (65, 74), (43, 74), (1, 74)}",150,28275,0.007986783981323242
Graph_100_619_0,100,619,4,"{(12, 94), (70, 94), (14, 94), (1, 94)}",200,15552,0.004743099212646484
Graph_100_619_1,100,619,4,"{(6, 85), (6, 14), (6, 26), (6, 25)}",300,23378,0.005457878112792969
Graph_100_1238_0,100,1238,15,"{(15, 79), (78, 79), (51, 79), (79, 88), (26, 79), (25, 79), (42, 79), (79, 83), (79, 89), (79, 92), (44, 79), (69, 79), (29, 79), (62, 79), (41, 79)}",300,30806,0.006937742233276367
Graph_100_1238_1,100,1238,13,"{(8, 94), (8, 62), (8, 68), (8, 42), (8, 55), (8, 10), (8, 74), (8, 93), (8, 32), (8, 99), (8, 12), (8, 41), (0, 8)}",300,30806,0.004661083221435547
Graph_100_2476_0,100,2476,37,"{(22, 63), (63, 80), (63, 89), (63, 95), (33, 63), (13, 63), (35, 63), (15, 63), (48, 63), (2, 63), (26, 63), (6, 63), (63, 73), (59, 63), (63, 79), (63, 85), (4, 63), (37, 63), (63, 88), (8, 63), (52, 63), (17, 63), (63, 97), (43, 63), (63, 66), (54, 63), (63, 69), (23, 63), (34, 63), (36, 63), (62, 63), (63, 90), (63, 93), (63, 96), (40, 63), (16, 63), (63, 68)}",200,30408,0.006961822509765625
Graph_100_2476_1,100,2476,35,"{(48, 82), (82, 87), (72, 82), (82, 93), (82, 99), (17, 82), (4, 82), (50, 82), (30, 82), (74, 82), (10, 82), (65, 82), (76, 82), (1, 82), (63, 82), (12, 82), (21, 82), (67, 82), (69, 82), (80, 82), (5, 82), (51, 82), (38, 82), (29, 82), (82, 91), (82, 85), (82, 94), (64, 82), (82, 97), (22, 82), (26, 82), (44, 82), (9, 82), (0, 82), (15, 82)}",200,30408,0.0036025047302246094
Graph_100_3713_0,100,3713,62,"{(26, 79), (16, 26), (26, 85), (26, 30), (26, 76), (26, 91), (26, 39), (26, 97), (26, 36), (20, 26), (26, 42), (26, 45), (22, 26), (26, 51), (26, 54), (26, 57), (26, 63), (9, 26), (26, 66), (26, 60), (11, 26), (26, 75), (26, 72), (26, 78), (13, 26), (24, 26), (26, 84), (15, 26), (26, 90), (26, 29), (6, 26), (4, 26), (26, 56), (17, 26), (26, 59), (8, 26), (26, 68), (19, 26), (26, 71), (26, 83), (26, 89), (26, 28), (26, 86), (26, 92), (26, 37), (26, 95), (26, 40), (26, 46), (26, 98), (23, 26), (26, 43), (26, 49), (14, 26), (3, 26), (26, 58), (26, 52), (26, 55), (5, 26), (26, 64), (26, 70), (26, 67), (25, 26)}",200,40304,0.0
Graph_100_3713_1,100,3713,64,"{(9, 51), (42, 51), (51, 56), (35, 51), (11, 51), (0, 51), (33, 51), (51, 65), (51, 62), (48, 51), (51, 68), (51, 74), (2, 51), (6, 51), (39, 51), (51, 77), (13, 51), (26, 51), (51, 80), (51, 71), (51, 83), (51, 92), (51, 95), (4, 51), (37, 51), (50, 51), (19, 51), (41, 51), (17, 51), (10, 51), (32, 51), (8, 51), (51, 58), (43, 51), (1, 51), (51, 52), (51, 70), (51, 73), (51, 82), (45, 51), (21, 51), (51, 85), (51, 88), (14, 51), (12, 51), (36, 51), (51, 94), (5, 51), (51, 54), (51, 60), (51, 63), (25, 51), (51, 72), (29, 51), (51, 75), (49, 51), (51, 81), (16, 51), (51, 78), (7, 51), (31, 51), (38, 51), (51, 87), (51, 90)}",300,60506,0.00829315185546875
Graph_100_4950_0,100,4950,99,"{(15, 94), (26, 94), (81, 94), (28, 94), (17, 94), (83, 94), (4, 94), (32, 94), (43, 94), (45, 94), (34, 94), (56, 94), (5, 94), (94, 96), (60, 94), (7, 94), (18, 94), (62, 94), (73, 94), (22, 94), (77, 94), (94, 98), (75, 94), (35, 94), (0, 94), (79, 94), (13, 94), (24, 94), (90, 94), (39, 94), (37, 94), (92, 94), (41, 94), (52, 94), (1, 94), (54, 94), (14, 94), (3, 94), (58, 94), (69, 94), (80, 94), (16, 94), (71, 94), (82, 94), (20, 94), (31, 94), (86, 94), (44, 94), (33, 94), (9, 94), (88, 94), (48, 94), (61, 94), (50, 94), (10, 94), (65, 94), (76, 94), (63, 94), (12, 94), (23, 94), (67, 94), (89, 94), (78, 94), (27, 94), (93, 94), (29, 94), (40, 94), (84, 94), (55, 94), (42, 94), (94, 95), (2, 94), (68, 94), (46, 94), (57, 94), (6, 94), (72, 94), (59, 94), (70, 94), (8, 94), (19, 94), (74, 94), (85, 94), (94, 97), (30, 94), (21, 94), (87, 94), (36, 94), (47, 94), (91, 94), (94, 99), (51, 94), (49, 94), (25, 94), (38, 94), (53, 94), (64, 94), (11, 94), (66, 94)}",200,50200,0.015756845474243164
Graph_100_4950_1,100,4950,99,"{(35, 97), (13, 97), (90, 97), (24, 97), (79, 97), (39, 97), (37, 97), (92, 97), (41, 97), (52, 97), (96, 97), (1, 97), (54, 97), (3, 97), (14, 97), (58, 97), (80, 97), (69, 97), (16, 97), (71, 97), (82, 97), (31, 97), (20, 97), (86, 97), (33, 97), (44, 97), (88, 97), (48, 97), (97, 99), (50, 97), (61, 97), (10, 97), (65, 97), (76, 97), (63, 97), (12, 97), (23, 97), (67, 97), (78, 97), (89, 97), (27, 97), (93, 97), (25, 97), (29, 97), (40, 97), (95, 97), (84, 97), (55, 97), (42, 97), (2, 97), (46, 97), (57, 97), (68, 97), (6, 97), (72, 97), (4, 97), (59, 97), (70, 97), (30, 97), (8, 97), (85, 97), (19, 97), (74, 97), (21, 97), (97, 98), (87, 97), (36, 97), (47, 97), (91, 97), (51, 97), (38, 97), (49, 97), (53, 97), (64, 97), (0, 97), (11, 97), (66, 97), (15, 97), (26, 97), (81, 97), (17, 97), (28, 97), (83, 97), (94, 97), (32, 97), (43, 97), (34, 97), (45, 97), (56, 97), (5, 97), (60, 97), (7, 97), (18, 97), (62, 97), (73, 97), (22, 97), (77, 97), (9, 97), (75, 97)}",200,50200,0.0010027885437011719
Graph_125_969_0,125,969,8,"{(24, 94), (74, 94), (64, 94), (94, 122), (1, 94), (94, 115), (37, 94), (28, 94)}",375,36253,0.00756382942199707
Graph_125_969_1,125,969,8,"{(59, 71), (44, 71), (17, 71), (7, 71), (18, 71), (55, 71), (71, 111), (71, 88)}",250,24127,0.005013227462768555
Graph_125_1938_0,125,1938,21,"{(6, 85), (6, 30), (6, 106), (6, 45), (6, 124), (6, 75), (6, 17), (6, 23), (6, 84), (6, 26), (6, 32), (3, 6), (6, 44), (6, 111), (6, 114), (6, 53), (6, 83), (6, 22), (6, 104), (6, 107), (6, 55)}",375,47881,0.010132312774658203
Graph_125_1938_1,125,1938,21,"{(4, 49), (4, 113), (4, 58), (4, 64), (4, 67), (4, 6), (4, 21), (4, 97), (4, 48), (4, 115), (4, 20), (4, 23), (4, 96), (4, 102), (4, 56), (4, 7), (4, 71), (4, 13), (4, 77), (4, 31), (4, 104)}",250,31879,0.008346796035766602
Graph_125_3876_0,125,3876,50,"{(26, 85), (26, 30), (26, 27), (26, 39), (26, 97), (26, 36), (20, 26), (26, 100), (22, 26), (26, 51), (26, 109), (26, 63), (26, 121), (9, 26), (26, 66), (26, 124), (0, 26), (26, 75), (11, 26), (26, 69), (26, 72), (26, 87), (26, 96), (6, 26), (26, 35), (26, 105), (26, 111), (26, 56), (26, 65), (26, 68), (8, 26), (1, 26), (26, 28), (26, 37), (26, 95), (26, 34), (26, 40), (26, 98), (23, 26), (26, 49), (26, 107), (26, 113), (3, 26), (26, 58), (14, 26), (26, 119), (26, 64), (26, 67), (26, 73), (25, 26)}",250,47383,0.0029420852661132812
Graph_125_3876_1,125,3876,48,"{(33, 97), (33, 36), (13, 33), (33, 42), (33, 39), (33, 103), (33, 54), (33, 51), (33, 121), (33, 60), (33, 124), (33, 72), (17, 33), (19, 33), (33, 90), (33, 35), (33, 99), (33, 44), (33, 96), (33, 108), (33, 50), (33, 56), (33, 114), (33, 53), (33, 59), (21, 33), (33, 120), (12, 33), (33, 71), (3, 33), (27, 33), (33, 77), (33, 83), (33, 89), (33, 95), (33, 98), (33, 104), (33, 43), (33, 113), (33, 52), (29, 33), (33, 46), (33, 61), (31, 33), (33, 82), (9, 33), (33, 88), (33, 94)}",250,47383,0.017148971557617188
Graph_125_5813_0,125,5813,81,"{(50, 116), (61, 116), (105, 116), (10, 116), (76, 116), (63, 116), (23, 116), (12, 116), (89, 116), (78, 116), (67, 116), (27, 116), (116, 118), (93, 116), (25, 116), (40, 116), (95, 116), (106, 116), (55, 116), (110, 116), (116, 120), (42, 116), (57, 116), (112, 116), (6, 116), (72, 116), (4, 116), (70, 116), (74, 116), (87, 116), (36, 116), (47, 116), (91, 116), (102, 116), (116, 124), (51, 116), (49, 116), (38, 116), (104, 116), (64, 116), (116, 117), (0, 116), (66, 116), (15, 116), (81, 116), (17, 116), (28, 116), (83, 116), (32, 116), (34, 116), (56, 116), (111, 116), (60, 116), (7, 116), (18, 116), (73, 116), (77, 116), (35, 116), (24, 116), (90, 116), (101, 116), (79, 116), (37, 116), (92, 116), (52, 116), (116, 119), (96, 116), (1, 116), (54, 116), (3, 116), (80, 116), (58, 116), (116, 121), (16, 116), (86, 116), (97, 116), (116, 123), (44, 116), (99, 116), (48, 116), (103, 116)}",250,62879,0.017732620239257812
Graph_125_5813_1,125,5813,80,"{(13, 106), (24, 106), (79, 106), (90, 106), (101, 106), (39, 106), (92, 106), (106, 123), (106, 107), (106, 116), (14, 106), (58, 106), (69, 106), (16, 106), (71, 106), (82, 106), (20, 106), (31, 106), (106, 118), (103, 106), (106, 111), (106, 120), (61, 106), (105, 106), (65, 106), (76, 106), (63, 106), (106, 113), (12, 106), (67, 106), (106, 122), (78, 106), (27, 106), (93, 106), (40, 106), (84, 106), (95, 106), (55, 106), (42, 106), (2, 106), (46, 106), (68, 106), (106, 108), (72, 106), (59, 106), (30, 106), (8, 106), (74, 106), (85, 106), (106, 110), (21, 106), (106, 119), (36, 106), (47, 106), (91, 106), (102, 106), (106, 112), (64, 106), (0, 106), (66, 106), (15, 106), (26, 106), (81, 106), (17, 106), (28, 106), (83, 106), (94, 106), (32, 106), (43, 106), (98, 106), (34, 106), (56, 106), (100, 106), (45, 106), (5, 106), (60, 106), (7, 106), (18, 106), (22, 106), (106, 121)}",250,62879,0.015664339065551758
Graph_125_7750_0,125,7750,124,"{(23, 123), (12, 123), (67, 123), (89, 123), (78, 123), (27, 123), (93, 123), (25, 123), (29, 123), (40, 123), (84, 123), (95, 123), (106, 123), (55, 123), (110, 123), (42, 123), (108, 123), (2, 123), (46, 123), (68, 123), (57, 123), (112, 123), (6, 123), (72, 123), (4, 123), (59, 123), (70, 123), (19, 123), (30, 123), (74, 123), (85, 123), (8, 123), (21, 123), (87, 123), (36, 123), (47, 123), (91, 123), (102, 123), (51, 123), (49, 123), (38, 123), (115, 123), (104, 123), (53, 123), (64, 123), (119, 123), (11, 123), (0, 123), (66, 123), (121, 123), (15, 123), (26, 123), (81, 123), (17, 123), (28, 123), (83, 123), (94, 123), (32, 123), (43, 123), (98, 123), (56, 123), (34, 123), (100, 123), (111, 123), (45, 123), (5, 123), (60, 123), (123, 124), (113, 123), (7, 123), (18, 123), (62, 123), (73, 123), (117, 123), (22, 123), (77, 123), (9, 123), (75, 123), (35, 123), (13, 123), (24, 123), (79, 123), (90, 123), (101, 123), (39, 123), (37, 123), (92, 123), (41, 123), (52, 123), (96, 123), (107, 123), (118, 123), (1, 123), (122, 123), (54, 123), (109, 123), (120, 123), (14, 123), (3, 123), (69, 123), (58, 123), (80, 123), (16, 123), (71, 123), (82, 123), (20, 123), (31, 123), (86, 123), (97, 123), (33, 123), (44, 123), (88, 123), (99, 123), (48, 123), (103, 123), (114, 123), (50, 123), (61, 123), (105, 123), (116, 123), (10, 123), (65, 123), (76, 123), (63, 123)}",250,78375,0.031517982482910156
Graph_125_7750_1,125,7750,124,"{(4, 119), (59, 119), (70, 119), (30, 119), (8, 119), (19, 119), (74, 119), (85, 119), (98, 119), (21, 119), (111, 119), (87, 119), (47, 119), (36, 119), (49, 119), (38, 119), (115, 119), (104, 119), (117, 119), (77, 119), (53, 119), (64, 119), (11, 119), (0, 119), (66, 119), (101, 119), (15, 119), (26, 119), (119, 121), (17, 119), (96, 119), (94, 119), (28, 119), (83, 119), (107, 119), (118, 119), (32, 119), (43, 119), (119, 123), (34, 119), (45, 119), (100, 119), (56, 119), (5, 119), (60, 119), (113, 119), (7, 119), (97, 119), (62, 119), (18, 119), (73, 119), (86, 119), (22, 119), (9, 119), (75, 119), (13, 119), (35, 119), (24, 119), (79, 119), (90, 119), (103, 119), (114, 119), (39, 119), (37, 119), (92, 119), (76, 119), (41, 119), (52, 119), (1, 119), (54, 119), (119, 120), (109, 119), (3, 119), (14, 119), (69, 119), (80, 119), (58, 119), (93, 119), (16, 119), (106, 119), (71, 119), (82, 119), (20, 119), (110, 119), (31, 119), (119, 122), (33, 119), (112, 119), (99, 119), (44, 119), (88, 119), (72, 119), (48, 119), (119, 124), (61, 119), (50, 119), (105, 119), (116, 119), (10, 119), (65, 119), (63, 119), (12, 119), (102, 119), (91, 119), (78, 119), (89, 119), (23, 119), (67, 119), (51, 119), (27, 119), (25, 119), (29, 119), (40, 119), (84, 119), (95, 119), (55, 119), (42, 119), (108, 119), (2, 119), (81, 119), (46, 119), (57, 119), (68, 119), (6, 119)}",250,78375,0.022650718688964844
Graph_150_1397_0,150,1397,10,"{(51, 144), (51, 83), (51, 82), (44, 51), (51, 72), (15, 51), (48, 51), (51, 142), (51, 116), (51, 112)}",600,69302,0.014388799667358398
Graph_150_1397_1,150,1397,10,"{(22, 53), (52, 53), (53, 133), (53, 98), (53, 70), (53, 134), (53, 124), (53, 86), (12, 53), (7, 53)}",450,51939,0.004866361618041992
Graph_150_2794_0,150,2794,24,"{(47, 53), (53, 136), (16, 53), (53, 102), (53, 108), (7, 53), (18, 53), (22, 53), (53, 56), (53, 123), (53, 135), (53, 80), (42, 53), (53, 144), (44, 53), (53, 86), (53, 98), (26, 53), (53, 70), (53, 128), (53, 134), (53, 140), (19, 53), (53, 124)}",300,45752,0.0
Graph_150_2794_1,150,2794,24,"{(76, 98), (76, 113), (61, 76), (52, 76), (76, 143), (76, 140), (76, 94), (76, 100), (23, 76), (69, 76), (15, 76), (76, 81), (76, 148), (76, 87), (71, 76), (40, 76), (62, 76), (73, 76), (76, 138), (11, 76), (33, 76), (24, 76), (76, 83), (76, 147)}",450,68703,0.013861417770385742
Graph_150_5588_0,150,5588,59,"{(9, 39), (9, 45), (9, 103), (9, 109), (9, 42), (4, 9), (9, 112), (9, 118), (9, 115), (9, 63), (9, 127), (9, 78), (9, 142), (9, 26), (9, 145), (9, 84), (9, 148), (9, 38), (9, 96), (9, 102), (9, 41), (9, 108), (9, 114), (9, 59), (9, 117), (5, 9), (9, 65), (9, 71), (9, 16), (9, 13), (9, 132), (9, 28), (9, 147), (9, 92), (9, 31), (9, 95), (9, 34), (9, 40), (9, 98), (9, 37), (9, 104), (9, 101), (9, 46), (9, 110), (9, 116), (9, 113), (9, 119), (9, 58), (9, 128), (9, 73), (0, 9), (9, 15), (9, 134), (2, 9), (9, 79), (9, 140), (9, 18), (9, 149), (9, 97)}",300,68104,0.016479969024658203
Graph_150_5588_1,150,5588,60,"{(31, 124), (31, 69), (1, 31), (31, 139), (31, 72), (31, 84), (31, 136), (31, 148), (31, 90), (31, 35), (5, 31), (27, 31), (31, 50), (31, 114), (31, 123), (31, 141), (16, 31), (31, 80), (31, 138), (7, 31), (18, 31), (19, 31), (31, 147), (31, 92), (31, 37), (31, 95), (31, 101), (22, 31), (31, 49), (31, 46), (31, 58), (30, 31), (31, 61), (0, 31), (31, 64), (31, 70), (31, 125), (31, 128), (31, 134), (31, 73), (31, 131), (31, 82), (6, 31), (31, 143), (31, 149), (31, 94), (31, 33), (31, 91), (31, 97), (31, 103), (31, 42), (31, 100), (4, 31), (31, 106), (31, 109), (31, 54), (31, 112), (8, 31), (31, 63), (31, 60)}",450,102231,0.02781963348388672
Graph_150_8382_0,150,8382,93,"{(4, 9), (9, 63), (8, 9), (9, 127), (9, 72), (9, 17), (9, 81), (9, 26), (9, 145), (9, 56), (9, 65), (9, 10), (9, 138), (9, 28), (9, 147), (9, 92), (9, 113), (9, 58), (9, 122), (9, 67), (9, 12), (0, 9), (9, 140), (9, 85), (9, 149), (9, 42), (9, 115), (9, 78), (9, 142), (9, 108), (9, 53), (9, 117), (5, 9), (9, 126), (9, 71), (9, 16), (9, 144), (9, 37), (9, 101), (9, 46), (9, 110), (9, 119), (9, 128), (9, 73), (9, 30), (9, 39), (9, 103), (9, 48), (9, 112), (9, 57), (9, 121), (9, 66), (9, 130), (1, 9), (9, 23), (9, 96), (9, 41), (9, 105), (9, 50), (9, 114), (9, 59), (9, 123), (9, 25), (9, 34), (9, 98), (9, 43), (9, 52), (9, 116), (9, 125), (9, 18), (9, 45), (9, 109), (9, 118), (9, 11), (9, 84), (9, 148), (9, 38), (9, 102), (9, 111), (9, 68), (9, 13), (9, 132), (9, 77), (9, 86), (9, 31), (9, 95), (9, 40), (9, 104), (9, 15), (9, 134), (2, 9), (9, 79), (9, 97)}",300,90456,0.02196478843688965
Graph_150_8382_1,150,8382,96,"{(120, 129), (80, 129), (45, 129), (129, 146), (31, 129), (7, 129), (86, 129), (97, 129), (88, 129), (129, 130), (75, 129), (129, 139), (48, 129), (13, 129), (129, 148), (24, 129), (103, 129), (114, 129), (37, 129), (105, 129), (116, 129), (127, 129), (10, 129), (76, 129), (129, 141), (67, 129), (54, 129), (78, 129), (3, 129), (93, 129), (14, 129), (129, 143), (95, 129), (106, 129), (84, 129), (55, 129), (110, 129), (108, 129), (46, 129), (57, 129), (6, 129), (74, 129), (85, 129), (129, 138), (87, 129), (36, 129), (47, 129), (12, 129), (91, 129), (51, 129), (129, 131), (25, 129), (115, 129), (104, 129), (64, 129), (119, 129), (129, 133), (66, 129), (42, 129), (2, 129), (81, 129), (4, 129), (94, 129), (70, 129), (59, 129), (32, 129), (8, 129), (30, 129), (43, 129), (129, 147), (21, 129), (100, 129), (111, 129), (5, 129), (60, 129), (126, 129), (113, 129), (129, 140), (62, 129), (129, 149), (38, 129), (49, 129), (128, 129), (117, 129), (22, 129), (0, 129), (11, 129), (90, 129), (129, 142), (39, 129), (92, 129), (41, 129), (28, 129), (52, 129), (17, 129), (122, 129)}",450,135759,0.032233476638793945
Graph_150_11175_0,150,11175,149,"{(15, 149), (26, 149), (81, 149), (136, 149), (147, 149), (134, 149), (132, 149), (17, 149), (28, 149), (83, 149), (94, 149), (138, 149), (11, 149), (32, 149), (43, 149), (98, 149), (34, 149), (56, 149), (100, 149), (45, 149), (111, 149), (5, 149), (60, 149), (126, 149), (113, 149), (18, 149), (7, 149), (73, 149), (62, 149), (128, 149), (117, 149), (139, 149), (22, 149), (77, 149), (143, 149), (9, 149), (75, 149), (130, 149), (13, 149), (24, 149), (35, 149), (79, 149), (90, 149), (145, 149), (101, 149), (39, 149), (37, 149), (92, 149), (41, 149), (52, 149), (96, 149), (118, 149), (107, 149), (1, 149), (122, 149), (54, 149), (109, 149), (120, 149), (3, 149), (14, 149), (80, 149), (58, 149), (135, 149), (69, 149), (124, 149), (16, 149), (71, 149), (82, 149), (137, 149), (31, 149), (20, 149), (86, 149), (97, 149), (141, 149), (33, 149), (44, 149), (99, 149), (88, 149), (48, 149), (103, 149), (114, 149), (50, 149), (61, 149), (105, 149), (116, 149), (127, 149), (10, 149), (65, 149), (76, 149), (131, 149), (63, 149), (12, 149), (23, 149), (67, 149), (78, 149), (144, 149), (133, 149), (89, 149), (27, 149), (93, 149), (148, 149), (25, 149), (146, 149), (29, 149), (40, 149), (84, 149), (95, 149), (106, 149), (55, 149), (110, 149), (42, 149), (108, 149), (2, 149), (46, 149), (57, 149), (112, 149), (123, 149), (68, 149), (6, 149), (72, 149), (4, 149), (59, 149), (70, 149), (125, 149), (19, 149), (30, 149), (74, 149), (85, 149), (129, 149), (140, 149), (8, 149), (21, 149), (87, 149), (142, 149), (36, 149), (47, 149), (102, 149), (91, 149), (51, 149), (38, 149), (49, 149), (104, 149), (115, 149), (53, 149), (64, 149), (119, 149), (0, 149), (66, 149), (121, 149)}",300,112800,0.03957724571228027
Graph_150_11175_1,150,11175,149,"{(147, 149), (34, 147), (135, 147), (111, 147), (45, 147), (56, 147), (100, 147), (5, 147), (60, 147), (113, 147), (7, 147), (18, 147), (62, 147), (141, 147), (128, 147), (139, 147), (73, 147), (117, 147), (22, 147), (77, 147), (9, 147), (75, 147), (130, 147), (24, 147), (13, 147), (79, 147), (90, 147), (145, 147), (101, 147), (35, 147), (39, 147), (37, 147), (92, 147), (41, 147), (131, 147), (118, 147), (107, 147), (52, 147), (96, 147), (1, 147), (43, 147), (54, 147), (109, 147), (120, 147), (3, 147), (14, 147), (58, 147), (80, 147), (124, 147), (69, 147), (16, 147), (147, 148), (71, 147), (137, 147), (82, 147), (20, 147), (110, 147), (31, 147), (86, 147), (97, 147), (44, 147), (33, 147), (88, 147), (99, 147), (48, 147), (103, 147), (114, 147), (50, 147), (140, 147), (116, 147), (127, 147), (61, 147), (105, 147), (10, 147), (76, 147), (65, 147), (63, 147), (12, 147), (23, 147), (89, 147), (67, 147), (144, 147), (133, 147), (78, 147), (27, 147), (93, 147), (25, 147), (146, 147), (40, 147), (29, 147), (84, 147), (95, 147), (106, 147), (55, 147), (42, 147), (108, 147), (2, 147), (57, 147), (68, 147), (112, 147), (123, 147), (136, 147), (46, 147), (6, 147), (72, 147), (4, 147), (59, 147), (70, 147), (125, 147), (8, 147), (19, 147), (85, 147), (74, 147), (129, 147), (30, 147), (21, 147), (87, 147), (142, 147), (36, 147), (126, 147), (91, 147), (102, 147), (47, 147), (51, 147), (38, 147), (49, 147), (115, 147), (104, 147), (53, 147), (143, 147), (64, 147), (119, 147), (0, 147), (11, 147), (66, 147), (121, 147), (132, 147), (26, 147), (15, 147), (81, 147), (134, 147), (17, 147), (28, 147), (83, 147), (94, 147), (138, 147), (32, 147), (122, 147), (98, 147)}",300,112800,0.030663251876831055
Graph_175_1904_0,175,1904,13,"{(23, 162), (86, 162), (124, 162), (136, 162), (15, 162), (72, 162), (44, 162), (88, 162), (116, 162), (138, 162), (133, 162), (71, 162), (47, 162)}",525,70448,0.016613483428955078
Graph_175_1904_1,175,1904,12,"{(51, 140), (51, 101), (11, 51), (51, 65), (33, 51), (36, 51), (7, 51), (48, 51), (41, 51), (51, 129), (51, 87), (51, 133)}",525,70448,0.020104646682739258
Graph_175_3807_0,175,3807,29,"{(53, 72), (27, 53), (47, 53), (53, 133), (53, 139), (53, 87), (53, 151), (16, 53), (53, 108), (18, 53), (22, 53), (53, 132), (53, 83), (0, 53), (44, 53), (53, 86), (53, 153), (53, 98), (48, 53), (53, 150), (53, 113), (53, 116), (4, 53), (53, 70), (53, 134), (53, 79), (8, 53), (53, 158), (53, 173)}",525,93284,0.017105579376220703
Graph_175_3807_1,175,3807,29,"{(24, 76), (76, 101), (76, 119), (37, 76), (17, 76), (74, 76), (1, 76), (76, 140), (76, 155), (76, 88), (76, 158), (76, 161), (23, 76), (60, 76), (76, 78), (25, 76), (76, 148), (16, 76), (71, 76), (20, 76), (53, 76), (76, 169), (76, 166), (76, 138), (0, 76), (33, 76), (13, 76), (68, 76), (76, 147)}",350,62131,0.002090930938720703
Graph_175_7613_0,175,7613,70,"{(4, 49), (49, 81), (19, 49), (49, 145), (41, 49), (10, 49), (43, 49), (49, 154), (49, 160), (1, 49), (49, 96), (49, 102), (49, 108), (49, 163), (49, 120), (49, 59), (23, 49), (34, 49), (49, 126), (49, 65), (49, 71), (49, 129), (49, 80), (5, 49), (49, 144), (49, 83), (49, 147), (49, 86), (49, 150), (49, 95), (49, 101), (49, 159), (49, 165), (49, 104), (25, 49), (49, 107), (49, 168), (18, 49), (49, 171), (49, 110), (31, 49), (49, 64), (49, 70), (49, 128), (49, 134), (49, 73), (49, 76), (49, 82), (49, 146), (49, 79), (49, 143), (49, 88), (11, 49), (49, 97), (49, 155), (0, 49), (49, 106), (15, 49), (49, 103), (49, 54), (6, 49), (49, 112), (49, 51), (49, 57), (49, 63), (49, 66), (37, 49), (49, 133), (49, 139), (49, 78)}",350,92579,0.020783185958862305
Graph_175_7613_1,175,7613,68,"{(43, 150), (43, 156), (8, 43), (43, 101), (43, 162), (43, 159), (43, 165), (43, 110), (43, 168), (43, 174), (43, 58), (43, 55), (43, 125), (43, 70), (21, 43), (43, 128), (43, 73), (43, 137), (23, 43), (43, 76), (43, 143), (14, 43), (36, 43), (43, 91), (5, 43), (43, 94), (43, 158), (43, 100), (43, 106), (43, 45), (43, 164), (43, 109), (43, 48), (43, 115), (43, 173), (43, 112), (43, 63), (43, 121), (43, 60), (43, 127), (43, 72), (43, 130), (31, 43), (43, 69), (43, 136), (43, 133), (43, 78), (43, 84), (43, 81), (43, 96), (9, 43), (43, 160), (43, 99), (43, 44), (0, 43), (43, 102), (43, 166), (43, 105), (43, 56), (26, 43), (43, 120), (15, 43), (6, 43), (43, 68), (39, 43), (43, 80), (37, 43), (43, 86)}",350,92579,0.02231121063232422
Graph_175_11419_0,175,11419,116,"{(4, 9), (8, 9), (9, 63), (9, 81), (9, 26), (9, 35), (9, 154), (9, 163), (9, 56), (9, 120), (9, 10), (9, 19), (9, 138), (9, 83), (9, 147), (9, 156), (9, 49), (9, 113), (9, 58), (9, 67), (9, 12), (0, 9), (9, 131), (9, 76), (9, 140), (9, 85), (9, 42), (9, 115), (9, 60), (9, 69), (9, 133), (9, 78), (9, 108), (9, 53), (9, 117), (5, 9), (9, 62), (9, 126), (9, 16), (7, 9), (9, 37), (9, 46), (9, 110), (9, 119), (9, 64), (9, 128), (9, 73), (9, 137), (9, 30), (9, 39), (9, 158), (9, 103), (9, 48), (9, 167), (9, 112), (9, 57), (9, 66), (9, 130), (9, 23), (9, 87), (9, 32), (9, 151), (9, 96), (9, 41), (9, 160), (9, 50), (3, 9), (9, 114), (9, 59), (9, 123), (9, 34), (9, 153), (9, 98), (9, 43), (9, 162), (9, 107), (9, 52), (9, 171), (9, 116), (9, 61), (9, 125), (9, 18), (9, 82), (9, 27), (9, 100), (9, 45), (9, 164), (9, 109), (9, 54), (9, 173), (9, 11), (9, 75), (9, 20), (9, 139), (9, 84), (9, 148), (9, 38), (9, 102), (9, 47), (9, 111), (9, 68), (9, 13), (9, 132), (9, 77), (9, 31), (9, 150), (9, 95), (9, 40), (9, 159), (9, 15), (9, 134), (2, 9), (9, 79), (9, 88), (9, 152), (9, 97)}",350,123027,0.03136754035949707
Graph_175_11419_1,175,11419,111,"{(109, 129), (129, 162), (120, 129), (129, 171), (58, 129), (34, 129), (45, 129), (80, 129), (71, 129), (82, 129), (129, 146), (7, 129), (86, 129), (129, 164), (9, 129), (88, 129), (75, 129), (129, 130), (129, 139), (48, 129), (24, 129), (13, 129), (103, 129), (35, 129), (114, 129), (129, 148), (129, 157), (37, 129), (105, 129), (116, 129), (65, 129), (76, 129), (129, 141), (129, 159), (67, 129), (89, 129), (27, 129), (3, 129), (93, 129), (129, 143), (129, 152), (16, 129), (95, 129), (55, 129), (20, 129), (129, 173), (108, 129), (129, 136), (46, 129), (33, 129), (112, 129), (6, 129), (72, 129), (125, 129), (74, 129), (85, 129), (129, 138), (36, 129), (23, 129), (91, 129), (102, 129), (129, 131), (25, 129), (104, 129), (40, 129), (119, 129), (29, 129), (129, 170), (129, 133), (66, 129), (42, 129), (121, 129), (26, 129), (2, 129), (81, 129), (129, 172), (59, 129), (70, 129), (43, 129), (30, 129), (19, 129), (129, 156), (56, 129), (21, 129), (100, 129), (129, 165), (129, 174), (5, 129), (60, 129), (126, 129), (113, 129), (129, 140), (73, 129), (49, 129), (128, 129), (117, 129), (129, 158), (77, 129), (11, 129), (90, 129), (129, 142), (39, 129), (15, 129), (129, 151), (129, 160), (129, 169), (41, 129), (17, 129), (28, 129), (107, 129), (129, 144)}",525,184628,0.0450434684753418
Graph_175_15225_0,175,15225,174,"{(4, 174), (83, 174), (70, 174), (138, 174), (149, 174), (160, 174), (59, 174), (94, 174), (43, 174), (8, 174), (19, 174), (98, 174), (164, 174), (30, 174), (32, 174), (56, 174), (21, 174), (100, 174), (111, 174), (166, 174), (155, 174), (5, 174), (60, 174), (126, 174), (113, 174), (73, 174), (38, 174), (49, 174), (117, 174), (128, 174), (62, 174), (139, 174), (22, 174), (77, 174), (143, 174), (130, 174), (0, 174), (11, 174), (101, 174), (79, 174), (90, 174), (145, 174), (156, 174), (39, 174), (15, 174), (92, 174), (158, 174), (41, 174), (28, 174), (96, 174), (17, 174), (162, 174), (52, 174), (107, 174), (118, 174), (173, 174), (1, 174), (122, 174), (109, 174), (120, 174), (58, 174), (45, 174), (69, 174), (135, 174), (34, 174), (80, 174), (124, 174), (82, 174), (71, 174), (137, 174), (31, 174), (7, 174), (18, 174), (86, 174), (141, 174), (152, 174), (97, 174), (9, 174), (88, 174), (99, 174), (75, 174), (154, 174), (165, 174), (48, 174), (13, 174), (103, 174), (24, 174), (35, 174), (114, 174), (169, 174), (61, 174), (37, 174), (127, 174), (105, 174), (171, 174), (116, 174), (10, 174), (65, 174), (76, 174), (131, 174), (78, 174), (54, 174), (144, 174), (67, 174), (89, 174), (133, 174), (27, 174), (3, 174), (14, 174), (93, 174), (148, 174), (146, 174), (16, 174), (84, 174), (106, 174), (150, 174), (172, 174), (95, 174), (161, 174), (55, 174), (20, 174), (110, 174), (108, 174), (163, 174), (46, 174), (33, 174), (112, 174), (57, 174), (167, 174), (44, 174), (68, 174), (123, 174), (6, 174), (72, 174), (125, 174), (85, 174), (50, 174), (140, 174), (74, 174), (129, 174), (151, 174), (87, 174), (63, 174), (153, 174), (142, 174), (36, 174), (12, 174), (102, 174), (23, 174), (157, 174), (47, 174), (91, 174), (168, 174), (51, 174), (25, 174), (104, 174), (115, 174), (159, 174), (170, 174), (53, 174), (29, 174), (119, 174), (40, 174), (64, 174), (66, 174), (42, 174), (132, 174), (121, 174), (26, 174), (2, 174), (81, 174), (136, 174), (147, 174), (134, 174)}",350,153475,0.0419008731842041
Graph_175_15225_1,175,15225,174,"{(4, 174), (94, 174), (59, 174), (70, 174), (160, 174), (83, 174), (138, 174), (149, 174), (32, 174), (8, 174), (30, 174), (98, 174), (164, 174), (19, 174), (43, 174), (56, 174), (21, 174), (100, 174), (111, 174), (155, 174), (166, 174), (5, 174), (60, 174), (126, 174), (113, 174), (62, 174), (38, 174), (73, 174), (139, 174), (128, 174), (49, 174), (117, 174), (22, 174), (77, 174), (143, 174), (130, 174), (0, 174), (101, 174), (11, 174), (79, 174), (90, 174), (145, 174), (156, 174), (39, 174), (15, 174), (92, 174), (158, 174), (41, 174), (17, 174), (107, 174), (118, 174), (28, 174), (52, 174), (96, 174), (162, 174), (173, 174), (1, 174), (122, 174), (109, 174), (120, 174), (69, 174), (34, 174), (45, 174), (58, 174), (80, 174), (124, 174), (135, 174), (71, 174), (82, 174), (137, 174), (31, 174), (7, 174), (86, 174), (97, 174), (141, 174), (18, 174), (152, 174), (9, 174), (99, 174), (75, 174), (154, 174), (88, 174), (165, 174), (48, 174), (13, 174), (114, 174), (24, 174), (35, 174), (103, 174), (169, 174), (61, 174), (37, 174), (105, 174), (116, 174), (127, 174), (171, 174), (10, 174), (76, 174), (65, 174), (131, 174), (89, 174), (54, 174), (133, 174), (144, 174), (67, 174), (78, 174), (27, 174), (3, 174), (93, 174), (14, 174), (148, 174), (146, 174), (16, 174), (84, 174), (95, 174), (150, 174), (161, 174), (172, 174), (106, 174), (55, 174), (20, 174), (110, 174), (108, 174), (163, 174), (57, 174), (33, 174), (44, 174), (46, 174), (167, 174), (68, 174), (112, 174), (123, 174), (6, 174), (72, 174), (125, 174), (74, 174), (50, 174), (129, 174), (140, 174), (151, 174), (85, 174), (87, 174), (63, 174), (142, 174), (153, 174), (36, 174), (23, 174), (102, 174), (12, 174), (47, 174), (91, 174), (157, 174), (168, 174), (51, 174), (25, 174), (115, 174), (104, 174), (170, 174), (159, 174), (53, 174), (29, 174), (119, 174), (40, 174), (64, 174), (66, 174), (42, 174), (132, 174), (121, 174), (26, 174), (2, 174), (81, 174), (136, 174), (147, 174), (134, 174)}",350,153475,0.0447537899017334
Graph_200_2488_0,200,2488,13,"{(177, 199), (153, 199), (100, 199), (30, 199), (62, 199), (36, 199), (107, 199), (15, 199), (155, 199), (176, 199), (195, 199), (93, 199), (39, 199)}",600,91756,0.01947498321533203
Graph_200_2488_1,200,2488,12,"{(103, 166), (71, 103), (100, 103), (38, 103), (103, 120), (80, 103), (34, 103), (32, 103), (98, 103), (103, 161), (103, 106), (103, 128)}",600,91756,0.009205818176269531
Graph_200_4976_0,200,4976,32,"{(53, 72), (47, 53), (53, 197), (53, 87), (53, 151), (53, 93), (53, 99), (16, 53), (53, 102), (18, 53), (22, 53), (53, 56), (53, 132), (53, 190), (53, 80), (44, 53), (53, 153), (53, 98), (48, 53), (53, 150), (26, 53), (53, 134), (53, 79), (19, 53), (41, 53), (30, 53), (52, 53), (53, 140), (53, 158), (53, 170), (53, 173), (12, 53)}",600,121612,0.03994560241699219
Graph_200_4976_1,200,4976,34,"{(2, 88), (57, 88), (88, 97), (88, 112), (88, 182), (88, 185), (88, 194), (61, 88), (10, 88), (43, 88), (88, 96), (88, 172), (21, 88), (88, 181), (87, 88), (34, 88), (88, 129), (36, 88), (88, 193), (88, 156), (88, 162), (16, 88), (49, 88), (38, 88), (18, 88), (88, 177), (53, 88), (88, 122), (88, 186), (55, 88), (77, 88), (88, 134), (42, 88), (88, 155)}",600,121612,0.027950763702392578
Graph_200_9951_0,200,9951,81,"{(9, 170), (9, 127), (9, 136), (9, 81), (9, 26), (9, 145), (9, 35), (9, 163), (9, 10), (9, 19), (9, 28), (9, 147), (9, 113), (9, 58), (9, 177), (9, 67), (9, 76), (9, 195), (9, 140), (9, 149), (9, 42), (9, 115), (9, 69), (9, 188), (9, 14), (9, 133), (9, 78), (9, 142), (9, 117), (9, 62), (9, 71), (9, 190), (9, 16), (9, 144), (7, 9), (9, 37), (9, 110), (9, 55), (9, 174), (9, 119), (9, 128), (9, 73), (9, 192), (9, 30), (9, 39), (9, 167), (9, 57), (9, 176), (9, 185), (9, 23), (9, 151), (9, 96), (9, 105), (9, 114), (9, 187), (9, 25), (9, 34), (9, 153), (9, 43), (9, 171), (9, 61), (9, 189), (9, 27), (9, 155), (9, 164), (9, 182), (9, 75), (9, 139), (9, 84), (9, 102), (9, 111), (9, 175), (9, 68), (9, 132), (9, 31), (9, 40), (9, 159), (9, 15), (2, 9), (9, 79), (9, 97)}",400,120808,0.05402874946594238
Graph_200_9951_1,200,9951,81,"{(82, 157), (150, 157), (55, 157), (31, 157), (110, 157), (157, 180), (33, 157), (44, 157), (123, 157), (99, 157), (157, 164), (50, 157), (151, 157), (140, 157), (63, 157), (153, 157), (157, 194), (12, 157), (23, 157), (78, 157), (91, 157), (102, 157), (25, 157), (119, 157), (157, 159), (42, 157), (121, 157), (147, 157), (157, 189), (6, 157), (125, 157), (19, 157), (74, 157), (100, 157), (36, 157), (126, 157), (47, 157), (49, 157), (157, 193), (117, 157), (139, 157), (128, 157), (53, 157), (11, 157), (0, 157), (66, 157), (156, 157), (26, 157), (17, 157), (157, 161), (83, 157), (94, 157), (157, 179), (157, 197), (80, 157), (45, 157), (58, 157), (137, 157), (157, 190), (7, 157), (97, 157), (62, 157), (141, 157), (152, 157), (75, 157), (157, 174), (130, 157), (35, 157), (114, 157), (13, 157), (24, 157), (103, 157), (39, 157), (37, 157), (157, 158), (131, 157), (157, 176), (157, 185), (109, 157), (14, 157), (69, 157)}",400,120808,0.03275799751281738
Graph_200_14926_0,200,14926,131,"{(43, 156), (43, 101), (43, 46), (43, 110), (43, 67), (43, 131), (23, 43), (12, 43), (43, 195), (27, 43), (43, 94), (43, 158), (43, 103), (43, 167), (25, 43), (43, 60), (40, 43), (43, 133), (43, 78), (43, 197), (43, 142), (43, 87), (43, 96), (43, 160), (43, 169), (2, 43), (43, 62), (43, 126), (43, 71), (43, 190), (43, 80), (43, 89), (43, 153), (43, 98), (43, 162), (19, 43), (43, 55), (43, 119), (43, 64), (43, 183), (43, 128), (43, 73), (43, 192), (43, 137), (43, 82), (36, 43), (43, 91), (43, 155), (43, 48), (43, 112), (43, 57), (43, 176), (43, 121), (43, 75), (43, 194), (43, 139), (43, 148), (11, 43), (26, 43), (15, 43), (43, 178), (43, 59), (43, 123), (43, 68), (43, 187), (43, 77), (43, 196), (28, 43), (32, 43), (43, 52), (43, 171), (43, 116), (43, 70), (43, 189), (34, 43), (5, 43), (43, 45), (43, 164), (43, 109), (43, 173), (43, 63), (43, 182), (7, 43), (43, 127), (43, 72), (43, 191), (22, 43), (9, 43), (43, 47), (43, 166), (35, 43), (43, 56), (43, 175), (43, 184), (43, 129), (39, 43), (43, 193), (37, 43), (43, 86), (43, 95), (41, 43), (43, 104), (43, 168), (1, 43), (43, 113), (43, 177), (43, 122), (14, 43), (3, 43), (43, 88), (43, 152), (43, 97), (43, 106), (43, 51), (43, 115), (16, 43), (43, 179), (43, 124), (20, 43), (43, 81), (43, 145), (43, 90), (43, 154), (33, 43), (43, 108), (43, 53), (43, 117), (43, 181), (43, 138), (43, 83), (43, 147)}",600,241012,0.05208396911621094
Graph_200_14926_1,200,14926,132,"{(152, 182), (141, 182), (33, 182), (44, 182), (88, 182), (99, 182), (154, 182), (103, 182), (114, 182), (169, 182), (50, 182), (61, 182), (116, 182), (127, 182), (171, 182), (182, 191), (10, 182), (131, 182), (63, 182), (23, 182), (12, 182), (67, 182), (89, 182), (133, 182), (144, 182), (27, 182), (93, 182), (182, 184), (182, 193), (25, 182), (106, 182), (84, 182), (95, 182), (110, 182), (182, 186), (163, 182), (182, 195), (46, 182), (57, 182), (112, 182), (123, 182), (68, 182), (178, 182), (6, 182), (70, 182), (125, 182), (180, 182), (19, 182), (30, 182), (8, 182), (85, 182), (151, 182), (182, 188), (87, 182), (36, 182), (47, 182), (181, 182), (168, 182), (182, 190), (51, 182), (182, 199), (49, 182), (38, 182), (104, 182), (64, 182), (53, 182), (182, 183), (182, 192), (0, 182), (11, 182), (132, 182), (176, 182), (15, 182), (26, 182), (81, 182), (136, 182), (147, 182), (134, 182), (17, 182), (28, 182), (182, 185), (160, 182), (138, 182), (32, 182), (43, 182), (164, 182), (45, 182), (111, 182), (100, 182), (166, 182), (177, 182), (155, 182), (5, 182), (126, 182), (179, 182), (73, 182), (62, 182), (139, 182), (128, 182), (22, 182), (77, 182), (143, 182), (130, 182), (13, 182), (24, 182), (101, 182), (35, 182), (156, 182), (145, 182), (39, 182), (37, 182), (158, 182), (52, 182), (107, 182), (162, 182), (173, 182), (182, 194), (54, 182), (109, 182), (120, 182), (175, 182), (14, 182), (58, 182), (69, 182), (124, 182), (135, 182), (182, 187), (16, 182), (71, 182), (82, 182), (137, 182), (31, 182)}",400,160608,0.038655996322631836
Graph_200_19900_0,200,19900,199,"{(21, 199), (87, 199), (177, 199), (142, 199), (153, 199), (36, 199), (126, 199), (91, 199), (102, 199), (47, 199), (181, 199), (51, 199), (49, 199), (38, 199), (104, 199), (115, 199), (194, 199), (159, 199), (170, 199), (183, 199), (53, 199), (64, 199), (119, 199), (143, 199), (11, 199), (0, 199), (66, 199), (132, 199), (121, 199), (176, 199), (26, 199), (15, 199), (81, 199), (134, 199), (17, 199), (28, 199), (83, 199), (173, 199), (138, 199), (160, 199), (94, 199), (149, 199), (162, 199), (32, 199), (122, 199), (98, 199), (43, 199), (34, 199), (45, 199), (111, 199), (190, 199), (166, 199), (56, 199), (100, 199), (155, 199), (5, 199), (60, 199), (113, 199), (192, 199), (179, 199), (7, 199), (18, 199), (62, 199), (73, 199), (117, 199), (139, 199), (152, 199), (128, 199), (22, 199), (77, 199), (9, 199), (75, 199), (130, 199), (196, 199), (24, 199), (35, 199), (13, 199), (79, 199), (90, 199), (101, 199), (145, 199), (156, 199), (169, 199), (39, 199), (37, 199), (92, 199), (182, 199), (158, 199), (41, 199), (131, 199), (52, 199), (197, 199), (96, 199), (107, 199), (118, 199), (186, 199), (1, 199), (54, 199), (109, 199), (120, 199), (175, 199), (188, 199), (3, 199), (14, 199), (58, 199), (69, 199), (124, 199), (148, 199), (80, 199), (135, 199), (16, 199), (82, 199), (172, 199), (71, 199), (137, 199), (20, 199), (31, 199), (97, 199), (86, 199), (141, 199), (44, 199), (33, 199), (88, 199), (99, 199), (167, 199), (189, 199), (154, 199), (165, 199), (178, 199), (48, 199), (103, 199), (114, 199), (193, 199), (50, 199), (61, 199), (127, 199), (105, 199), (116, 199), (171, 199), (195, 199), (10, 199), (76, 199), (65, 199), (63, 199), (184, 199), (12, 199), (23, 199), (89, 199), (168, 199), (133, 199), (144, 199), (67, 199), (78, 199), (157, 199), (27, 199), (93, 199), (25, 199), (146, 199), (29, 199), (40, 199), (84, 199), (174, 199), (150, 199), (95, 199), (106, 199), (161, 199), (185, 199), (55, 199), (110, 199), (42, 199), (108, 199), (187, 199), (163, 199), (198, 199), (2, 199), (46, 199), (136, 199), (112, 199), (147, 199), (57, 199), (68, 199), (123, 199), (6, 199), (72, 199), (4, 199), (59, 199), (70, 199), (125, 199), (180, 199), (191, 199), (8, 199), (19, 199), (85, 199), (30, 199), (74, 199), (129, 199), (140, 199), (151, 199), (164, 199)}",400,200400,0.04454445838928223
Graph_200_19900_1,200,19900,199,"{(128, 197), (104, 197), (115, 197), (183, 197), (194, 197), (139, 197), (77, 197), (53, 197), (64, 197), (143, 197), (196, 197), (11, 197), (0, 197), (66, 197), (145, 197), (121, 197), (132, 197), (156, 197), (197, 198), (26, 197), (15, 197), (81, 197), (158, 197), (134, 197), (17, 197), (118, 197), (83, 197), (94, 197), (28, 197), (162, 197), (173, 197), (32, 197), (43, 197), (122, 197), (175, 197), (34, 197), (56, 197), (124, 197), (45, 197), (100, 197), (111, 197), (135, 197), (190, 197), (49, 197), (5, 197), (60, 197), (113, 197), (192, 197), (18, 197), (7, 197), (62, 197), (141, 197), (152, 197), (73, 197), (117, 197), (22, 197), (9, 197), (75, 197), (154, 197), (130, 197), (165, 197), (13, 197), (103, 197), (79, 197), (90, 197), (169, 197), (24, 197), (35, 197), (101, 197), (114, 197), (39, 197), (37, 197), (92, 197), (171, 197), (182, 197), (41, 197), (131, 197), (52, 197), (186, 197), (96, 197), (107, 197), (1, 197), (184, 197), (54, 197), (144, 197), (109, 197), (188, 197), (120, 197), (133, 197), (14, 197), (93, 197), (58, 197), (69, 197), (80, 197), (148, 197), (3, 197), (197, 199), (16, 197), (82, 197), (172, 197), (137, 197), (71, 197), (150, 197), (161, 197), (31, 197), (20, 197), (97, 197), (86, 197), (110, 197), (33, 197), (44, 197), (88, 197), (178, 197), (99, 197), (123, 197), (167, 197), (189, 197), (72, 197), (48, 197), (193, 197), (191, 197), (180, 197), (50, 197), (129, 197), (151, 197), (105, 197), (127, 197), (140, 197), (61, 197), (116, 197), (195, 197), (10, 197), (65, 197), (76, 197), (63, 197), (153, 197), (12, 197), (23, 197), (89, 197), (67, 197), (78, 197), (157, 197), (168, 197), (27, 197), (25, 197), (159, 197), (146, 197), (170, 197), (29, 197), (40, 197), (84, 197), (106, 197), (174, 197), (185, 197), (95, 197), (119, 197), (55, 197), (42, 197), (108, 197), (176, 197), (163, 197), (187, 197), (2, 197), (46, 197), (57, 197), (112, 197), (68, 197), (136, 197), (147, 197), (6, 197), (4, 197), (70, 197), (138, 197), (125, 197), (160, 197), (59, 197), (149, 197), (8, 197), (19, 197), (30, 197), (74, 197), (85, 197), (98, 197), (164, 197), (21, 197), (87, 197), (166, 197), (177, 197), (142, 197), (155, 197), (47, 197), (126, 197), (36, 197), (181, 197), (91, 197), (102, 197), (51, 197), (179, 197), (38, 197)}",400,200400,0.05750107765197754
Graph_250_3891_0,250,3891,17,"{(189, 201), (189, 210), (9, 189), (151, 189), (104, 189), (23, 189), (189, 222), (2, 189), (89, 189), (189, 231), (19, 189), (112, 189), (69, 189), (31, 189), (48, 189), (141, 189), (27, 189)}",750,142817,0.08203840255737305
Graph_250_3891_1,250,3891,19,"{(120, 129), (14, 120), (58, 120), (5, 120), (120, 177), (53, 120), (120, 122), (120, 235), (120, 146), (2, 120), (120, 158), (120, 234), (120, 185), (19, 120), (120, 142), (120, 221), (67, 120), (120, 227), (89, 120)}",750,142817,0.03795742988586426
Graph_250_7782_0,250,7782,44,"{(189, 201), (189, 210), (92, 189), (158, 189), (17, 189), (189, 222), (94, 189), (116, 189), (19, 189), (171, 189), (189, 231), (151, 189), (10, 189), (189, 243), (54, 189), (23, 189), (89, 189), (133, 189), (155, 189), (69, 189), (27, 189), (93, 189), (189, 227), (126, 189), (189, 245), (104, 189), (189, 199), (128, 189), (31, 189), (48, 189), (141, 189), (9, 189), (189, 229), (189, 235), (11, 189), (44, 189), (189, 244), (189, 238), (2, 189), (24, 189), (189, 247), (112, 189), (189, 195), (39, 189)}",750,189509,0.04379868507385254
Graph_250_7782_1,250,7782,42,"{(34, 117), (102, 117), (117, 197), (117, 203), (117, 142), (117, 206), (117, 169), (49, 117), (95, 117), (38, 117), (71, 117), (18, 117), (117, 236), (117, 178), (110, 117), (117, 126), (117, 193), (117, 144), (117, 211), (79, 117), (66, 117), (117, 226), (117, 165), (35, 117), (46, 117), (13, 117), (117, 223), (117, 174), (15, 117), (117, 238), (117, 241), (4, 117), (117, 137), (117, 140), (28, 117), (32, 117), (117, 158), (117, 231), (117, 170), (117, 173), (117, 240), (117, 237)}",1000,252762,0.05750131607055664
Graph_250_15563_0,250,15563,103,"{(21, 199), (87, 199), (142, 199), (153, 199), (47, 199), (126, 199), (36, 199), (199, 232), (38, 199), (49, 199), (115, 199), (159, 199), (64, 199), (199, 225), (176, 199), (15, 199), (28, 199), (94, 199), (138, 199), (149, 199), (43, 199), (98, 199), (199, 248), (166, 199), (155, 199), (5, 199), (192, 199), (199, 241), (62, 199), (128, 199), (117, 199), (139, 199), (22, 199), (199, 204), (9, 199), (75, 199), (13, 199), (24, 199), (169, 199), (156, 199), (39, 199), (199, 206), (37, 199), (52, 199), (131, 199), (118, 199), (41, 199), (96, 199), (107, 199), (197, 199), (199, 236), (199, 245), (109, 199), (175, 199), (14, 199), (3, 199), (69, 199), (80, 199), (135, 199), (199, 220), (16, 199), (31, 199), (141, 199), (199, 222), (88, 199), (189, 199), (165, 199), (48, 199), (199, 240), (103, 199), (114, 199), (193, 199), (199, 249), (195, 199), (171, 199), (23, 199), (78, 199), (157, 199), (89, 199), (144, 199), (27, 199), (199, 208), (93, 199), (199, 244), (40, 199), (95, 199), (161, 199), (199, 201), (199, 210), (199, 219), (163, 199), (68, 199), (136, 199), (123, 199), (72, 199), (4, 199), (70, 199), (199, 212), (30, 199), (19, 199), (74, 199), (85, 199), (151, 199)}",500,188504,0.05065631866455078
Graph_250_15563_1,250,15563,103,"{(59, 238), (160, 238), (70, 238), (215, 238), (204, 238), (8, 238), (219, 238), (217, 238), (56, 238), (21, 238), (238, 245), (177, 238), (155, 238), (166, 238), (60, 238), (181, 238), (73, 238), (38, 238), (49, 238), (62, 238), (117, 238), (77, 238), (130, 238), (196, 238), (11, 238), (79, 238), (90, 238), (156, 238), (211, 238), (41, 238), (17, 238), (107, 238), (96, 238), (173, 238), (28, 238), (52, 238), (1, 238), (122, 238), (175, 238), (69, 238), (135, 238), (82, 238), (137, 238), (18, 238), (238, 244), (141, 238), (218, 238), (99, 238), (154, 238), (220, 238), (48, 238), (13, 238), (24, 238), (61, 238), (182, 238), (226, 238), (237, 238), (10, 238), (65, 238), (131, 238), (197, 238), (184, 238), (89, 238), (67, 238), (133, 238), (144, 238), (27, 238), (3, 238), (146, 238), (40, 238), (150, 238), (172, 238), (110, 238), (231, 238), (108, 238), (46, 238), (112, 238), (191, 238), (85, 238), (129, 238), (87, 238), (63, 238), (36, 238), (238, 248), (102, 238), (157, 238), (223, 238), (115, 238), (159, 238), (225, 238), (29, 238), (185, 238), (174, 238), (66, 238), (42, 238), (121, 238), (26, 238), (2, 238), (81, 238), (15, 238), (136, 238), (202, 238), (134, 238)}",750,282881,0.05163145065307617
Graph_250_23344_0,250,23344,165,"{(21, 199), (87, 199), (177, 199), (142, 199), (153, 199), (36, 199), (199, 205), (47, 199), (126, 199), (199, 232), (38, 199), (49, 199), (104, 199), (115, 199), (159, 199), (194, 199), (64, 199), (143, 199), (119, 199), (199, 207), (199, 225), (11, 199), (66, 199), (176, 199), (15, 199), (199, 246), (199, 200), (134, 199), (17, 199), (28, 199), (94, 199), (162, 199), (160, 199), (138, 199), (149, 199), (43, 199), (122, 199), (98, 199), (199, 248), (111, 199), (166, 199), (155, 199), (199, 211), (5, 199), (113, 199), (192, 199), (18, 199), (199, 241), (7, 199), (152, 199), (128, 199), (62, 199), (117, 199), (139, 199), (22, 199), (77, 199), (199, 204), (9, 199), (75, 199), (130, 199), (13, 199), (24, 199), (101, 199), (169, 199), (156, 199), (145, 199), (39, 199), (199, 206), (37, 199), (92, 199), (182, 199), (158, 199), (41, 199), (131, 199), (107, 199), (197, 199), (52, 199), (96, 199), (118, 199), (199, 227), (1, 199), (199, 236), (199, 245), (120, 199), (109, 199), (175, 199), (14, 199), (3, 199), (80, 199), (69, 199), (135, 199), (124, 199), (199, 220), (16, 199), (71, 199), (82, 199), (172, 199), (199, 247), (20, 199), (31, 199), (97, 199), (141, 199), (199, 230), (33, 199), (199, 222), (88, 199), (99, 199), (165, 199), (189, 199), (48, 199), (199, 240), (103, 199), (193, 199), (114, 199), (199, 249), (116, 199), (195, 199), (127, 199), (171, 199), (105, 199), (199, 224), (76, 199), (199, 233), (23, 199), (78, 199), (157, 199), (144, 199), (168, 199), (89, 199), (27, 199), (199, 208), (93, 199), (199, 226), (199, 235), (146, 199), (199, 244), (40, 199), (95, 199), (106, 199), (161, 199), (185, 199), (55, 199), (199, 201), (199, 210), (199, 219), (163, 199), (199, 228), (2, 199), (57, 199), (136, 199), (68, 199), (123, 199), (199, 237), (72, 199), (4, 199), (70, 199), (199, 212), (19, 199), (30, 199), (199, 221), (74, 199), (140, 199), (85, 199), (129, 199), (151, 199)}",750,376253,0.0833122730255127
Graph_250_23344_1,250,23344,166,"{(14, 175), (3, 175), (80, 175), (175, 248), (135, 175), (58, 175), (124, 175), (175, 184), (175, 202), (71, 175), (82, 175), (175, 232), (86, 175), (97, 175), (141, 175), (152, 175), (175, 177), (175, 241), (175, 186), (175, 195), (33, 175), (44, 175), (99, 175), (165, 175), (154, 175), (169, 175), (175, 225), (175, 243), (175, 188), (50, 175), (175, 197), (105, 175), (127, 175), (65, 175), (175, 227), (175, 236), (12, 175), (175, 181), (78, 175), (67, 175), (23, 175), (89, 175), (175, 190), (93, 175), (148, 175), (25, 175), (146, 175), (175, 220), (40, 175), (29, 175), (84, 175), (95, 175), (150, 175), (172, 175), (175, 238), (175, 183), (55, 175), (175, 247), (42, 175), (108, 175), (2, 175), (57, 175), (175, 213), (167, 175), (175, 222), (6, 175), (175, 231), (175, 176), (175, 185), (175, 249), (59, 175), (30, 175), (19, 175), (74, 175), (164, 175), (151, 175), (129, 175), (140, 175), (175, 206), (175, 233), (87, 175), (142, 175), (36, 175), (91, 175), (157, 175), (168, 175), (51, 175), (175, 208), (175, 217), (38, 175), (104, 175), (115, 175), (170, 175), (159, 175), (175, 226), (53, 175), (64, 175), (174, 175), (175, 192), (11, 175), (0, 175), (66, 175), (175, 201), (132, 175), (175, 210), (175, 219), (15, 175), (81, 175), (175, 228), (136, 175), (134, 175), (17, 175), (28, 175), (83, 175), (149, 175), (175, 194), (175, 203), (32, 175), (43, 175), (175, 221), (175, 230), (56, 175), (45, 175), (166, 175), (175, 187), (5, 175), (60, 175), (126, 175), (175, 205), (175, 214), (113, 175), (175, 223), (7, 175), (18, 175), (73, 175), (139, 175), (77, 175), (175, 180), (175, 244), (175, 189), (9, 175), (175, 198), (75, 175), (130, 175), (175, 207), (24, 175), (13, 175), (79, 175), (90, 175), (145, 175), (39, 175), (37, 175), (175, 246), (158, 175), (175, 191), (175, 200), (41, 175), (52, 175), (118, 175), (107, 175), (162, 175), (173, 175), (1, 175), (122, 175), (54, 175), (120, 175)}",500,250752,0.0492246150970459
Graph_250_31125_0,250,31125,249,"{(84, 249), (185, 249), (95, 249), (240, 249), (106, 249), (174, 249), (55, 249), (42, 249), (108, 249), (176, 249), (163, 249), (187, 249), (198, 249), (242, 249), (2, 249), (46, 249), (68, 249), (112, 249), (123, 249), (202, 249), (57, 249), (136, 249), (147, 249), (6, 249), (72, 249), (4, 249), (59, 249), (70, 249), (149, 249), (204, 249), (215, 249), (125, 249), (160, 249), (8, 249), (30, 249), (74, 249), (85, 249), (19, 249), (219, 249), (164, 249), (217, 249), (21, 249), (87, 249), (166, 249), (153, 249), (221, 249), (232, 249), (243, 249), (142, 249), (155, 249), (177, 249), (36, 249), (47, 249), (91, 249), (102, 249), (126, 249), (181, 249), (51, 249), (234, 249), (38, 249), (49, 249), (115, 249), (104, 249), (159, 249), (238, 249), (139, 249), (183, 249), (194, 249), (64, 249), (143, 249), (53, 249), (196, 249), (236, 249), (11, 249), (0, 249), (66, 249), (145, 249), (132, 249), (211, 249), (222, 249), (121, 249), (156, 249), (200, 249), (26, 249), (15, 249), (81, 249), (134, 249), (213, 249), (224, 249), (17, 249), (28, 249), (83, 249), (162, 249), (94, 249), (138, 249), (173, 249), (228, 249), (239, 249), (32, 249), (40, 249), (43, 249), (98, 249), (122, 249), (175, 249), (241, 249), (230, 249), (45, 249), (34, 249), (111, 249), (56, 249), (100, 249), (245, 249), (124, 249), (135, 249), (190, 249), (5, 249), (60, 249), (113, 249), (192, 249), (179, 249), (247, 249), (203, 249), (7, 249), (18, 249), (62, 249), (141, 249), (73, 249), (117, 249), (128, 249), (152, 249), (207, 249), (218, 249), (22, 249), (77, 249), (205, 249), (9, 249), (75, 249), (165, 249), (130, 249), (209, 249), (154, 249), (220, 249), (24, 249), (35, 249), (79, 249), (101, 249), (114, 249), (169, 249), (235, 249), (13, 249), (90, 249), (39, 249), (37, 249), (92, 249), (171, 249), (158, 249), (182, 249), (226, 249), (237, 249), (248, 249), (41, 249), (131, 249), (96, 249), (197, 249), (52, 249), (107, 249), (118, 249), (186, 249), (1, 249), (54, 249), (144, 249), (109, 249), (188, 249), (210, 249), (120, 249), (199, 249), (3, 249), (14, 249), (80, 249), (148, 249), (58, 249), (214, 249), (69, 249), (93, 249), (201, 249), (16, 249), (82, 249), (71, 249), (137, 249), (150, 249), (161, 249), (172, 249), (216, 249), (227, 249), (20, 249), (31, 249), (97, 249), (86, 249), (110, 249), (231, 249), (229, 249), (33, 249), (44, 249), (88, 249), (167, 249), (178, 249), (233, 249), (244, 249), (99, 249), (189, 249), (48, 249), (103, 249), (193, 249), (180, 249), (191, 249), (246, 249), (50, 249), (129, 249), (105, 249), (116, 249), (127, 249), (195, 249), (206, 249), (61, 249), (140, 249), (10, 249), (151, 249), (76, 249), (65, 249), (63, 249), (208, 249), (184, 249), (23, 249), (12, 249), (67, 249), (78, 249), (168, 249), (212, 249), (89, 249), (133, 249), (157, 249), (223, 249), (27, 249), (25, 249), (170, 249), (146, 249), (225, 249), (29, 249), (119, 249)}",500,313000,0.08062314987182617
Graph_250_31125_1,250,31125,249,"{(84, 249), (95, 249), (106, 249), (240, 249), (174, 249), (185, 249), (55, 249), (42, 249), (108, 249), (176, 249), (187, 249), (198, 249), (163, 249), (242, 249), (2, 249), (46, 249), (57, 249), (112, 249), (136, 249), (147, 249), (68, 249), (123, 249), (202, 249), (6, 249), (72, 249), (4, 249), (59, 249), (70, 249), (125, 249), (149, 249), (160, 249), (204, 249), (215, 249), (8, 249), (30, 249), (85, 249), (19, 249), (74, 249), (219, 249), (164, 249), (217, 249), (21, 249), (225, 249), (87, 249), (177, 249), (142, 249), (243, 249), (153, 249), (155, 249), (166, 249), (221, 249), (232, 249), (36, 249), (47, 249), (91, 249), (102, 249), (126, 249), (181, 249), (51, 249), (234, 249), (38, 249), (49, 249), (115, 249), (183, 249), (104, 249), (139, 249), (159, 249), (194, 249), (238, 249), (64, 249), (53, 249), (29, 249), (143, 249), (196, 249), (0, 249), (11, 249), (66, 249), (145, 249), (121, 249), (200, 249), (211, 249), (132, 249), (156, 249), (222, 249), (15, 249), (26, 249), (81, 249), (134, 249), (213, 249), (224, 249), (17, 249), (28, 249), (94, 249), (162, 249), (83, 249), (228, 249), (239, 249), (138, 249), (173, 249), (43, 249), (32, 249), (98, 249), (122, 249), (175, 249), (241, 249), (230, 249), (34, 249), (135, 249), (100, 249), (45, 249), (111, 249), (190, 249), (245, 249), (56, 249), (124, 249), (5, 249), (60, 249), (113, 249), (203, 249), (179, 249), (192, 249), (247, 249), (7, 249), (18, 249), (73, 249), (141, 249), (117, 249), (128, 249), (152, 249), (207, 249), (62, 249), (218, 249), (22, 249), (77, 249), (205, 249), (9, 249), (75, 249), (154, 249), (130, 249), (165, 249), (209, 249), (220, 249), (35, 249), (13, 249), (24, 249), (79, 249), (90, 249), (235, 249), (101, 249), (114, 249), (169, 249), (39, 249), (37, 249), (92, 249), (171, 249), (158, 249), (237, 249), (182, 249), (226, 249), (248, 249), (41, 249), (52, 249), (96, 249), (107, 249), (118, 249), (186, 249), (131, 249), (197, 249), (1, 249), (54, 249), (144, 249), (109, 249), (199, 249), (210, 249), (120, 249), (188, 249), (3, 249), (14, 249), (58, 249), (69, 249), (80, 249), (214, 249), (93, 249), (148, 249), (201, 249), (16, 249), (71, 249), (172, 249), (82, 249), (137, 249), (150, 249), (161, 249), (216, 249), (227, 249), (31, 249), (20, 249), (97, 249), (86, 249), (110, 249), (231, 249), (229, 249), (33, 249), (44, 249), (99, 249), (88, 249), (167, 249), (233, 249), (244, 249), (178, 249), (189, 249), (48, 249), (103, 249), (193, 249), (180, 249), (191, 249), (246, 249), (50, 249), (140, 249), (116, 249), (129, 249), (151, 249), (206, 249), (61, 249), (105, 249), (127, 249), (10, 249), (195, 249), (65, 249), (76, 249), (63, 249), (208, 249), (184, 249), (23, 249), (12, 249), (89, 249), (67, 249), (78, 249), (133, 249), (223, 249), (157, 249), (168, 249), (212, 249), (27, 249), (25, 249), (170, 249), (146, 249), (236, 249), (40, 249), (119, 249)}",500,313000,0.0670175552368164
Graph_300_5607_0,300,5607,20,"{(47, 59), (59, 192), (59, 152), (59, 97), (59, 219), (59, 234), (59, 246), (59, 124), (59, 200), (59, 206), (59, 184), (59, 62), (59, 245), (59, 77), (59, 263), (59, 202), (59, 153), (59, 156), (59, 278), (23, 59)}",600,136656,0.03226017951965332
Graph_300_5607_1,300,5607,23,"{(205, 286), (205, 243), (157, 205), (82, 205), (205, 291), (172, 205), (64, 205), (77, 205), (130, 205), (205, 272), (68, 205), (205, 281), (2, 205), (193, 205), (205, 241), (92, 205), (83, 205), (182, 205), (118, 205), (129, 205), (140, 205), (65, 205), (205, 219)}",600,136656,0.030256986618041992
Graph_300_11213_0,300,11213,52,"{(10, 95), (10, 220), (10, 43), (10, 107), (10, 58), (10, 241), (10, 119), (10, 64), (10, 183), (10, 134), (10, 18), (10, 21), (10, 265), (10, 204), (10, 210), (10, 88), (10, 219), (10, 271), (10, 36), (10, 103), (10, 222), (10, 280), (10, 286), (10, 228), (10, 173), (10, 243), (10, 127), (0, 10), (2, 10), (10, 84), (10, 200), (10, 206), (10, 209), (10, 96), (10, 99), (10, 266), (10, 157), (10, 44), (10, 47), (10, 50), (10, 230), (10, 114), (10, 53), (10, 184), (10, 77), (10, 16), (10, 141), (10, 199), (10, 138), (10, 83), (10, 86), (10, 211)}",900,272406,0.06779718399047852
Graph_300_11213_1,300,11213,54,"{(233, 292), (115, 233), (203, 233), (73, 233), (38, 233), (106, 233), (233, 240), (183, 233), (216, 233), (152, 233), (22, 233), (110, 233), (233, 270), (229, 233), (99, 233), (232, 233), (154, 233), (233, 282), (0, 233), (220, 233), (233, 285), (145, 233), (233, 291), (2, 233), (48, 233), (233, 239), (81, 233), (233, 297), (202, 233), (26, 233), (193, 233), (134, 233), (233, 263), (94, 233), (138, 233), (182, 233), (204, 233), (233, 275), (50, 233), (129, 233), (65, 233), (233, 284), (164, 233), (233, 281), (122, 233), (233, 238), (109, 233), (142, 233), (233, 247), (233, 256), (210, 233), (12, 233), (56, 233), (135, 233)}",900,272406,0.06706905364990234
Graph_300_22426_0,300,22426,125,"{(15, 259), (15, 85), (15, 149), (15, 158), (15, 222), (15, 167), (15, 78), (15, 32), (15, 151), (15, 96), (15, 160), (15, 224), (15, 117), (15, 62), (15, 126), (15, 71), (15, 135), (15, 80), (15, 263), (15, 208), (15, 46), (15, 55), (15, 119), (15, 64), (15, 183), (15, 247), (15, 18), (15, 256), (15, 146), (15, 265), (15, 112), (15, 121), (10, 15), (15, 66), (15, 194), (15, 258), (15, 203), (15, 148), (15, 267), (15, 212), (15, 276), (15, 59), (15, 178), (15, 123), (15, 68), (15, 141), (15, 98), (15, 43), (15, 162), (15, 226), (15, 52), (15, 171), (15, 116), (15, 235), (15, 180), (15, 125), (15, 70), (15, 189), (15, 253), (15, 262), (6, 15), (15, 91), (15, 155), (15, 100), (15, 109), (15, 54), (15, 173), (15, 118), (15, 63), (15, 127), (15, 191), (15, 255), (15, 102), (15, 221), (15, 56), (15, 175), (15, 120), (15, 239), (15, 150), (15, 95), (15, 168), (15, 287), (15, 58), (15, 296), (11, 15), (15, 250), (15, 24), (15, 33), (15, 152), (15, 271), (15, 216), (15, 42), (15, 161), (15, 225), (15, 51), (15, 234), (15, 72), (15, 17), (15, 136), (15, 81), (15, 145), (15, 273), (15, 218), (15, 282), (15, 108), (15, 227), (15, 291), (5, 15), (15, 236), (15, 19), (15, 83), (15, 202), (15, 28), (15, 147), (15, 266), (15, 211), (15, 37), (15, 101), (15, 293), (15, 238), (15, 67), (13, 15), (15, 131), (15, 76), (15, 195)}",600,271208,0.07841014862060547
Graph_300_22426_1,300,22426,130,"{(14, 239), (80, 239), (16, 239), (82, 239), (71, 239), (137, 239), (227, 239), (192, 239), (203, 239), (239, 268), (31, 239), (20, 239), (97, 239), (239, 277), (152, 239), (231, 239), (239, 286), (189, 239), (154, 239), (165, 239), (209, 239), (48, 239), (61, 239), (116, 239), (195, 239), (10, 239), (239, 245), (131, 239), (239, 254), (184, 239), (67, 239), (89, 239), (212, 239), (93, 239), (239, 256), (29, 239), (84, 239), (185, 239), (95, 239), (106, 239), (174, 239), (55, 239), (42, 239), (108, 239), (239, 295), (239, 249), (57, 239), (46, 239), (112, 239), (202, 239), (178, 239), (215, 239), (180, 239), (191, 239), (239, 288), (19, 239), (8, 239), (74, 239), (164, 239), (239, 242), (219, 239), (129, 239), (151, 239), (153, 239), (142, 239), (208, 239), (232, 239), (36, 239), (239, 290), (239, 299), (239, 244), (49, 239), (115, 239), (194, 239), (238, 239), (119, 239), (239, 292), (11, 239), (239, 246), (200, 239), (176, 239), (222, 239), (26, 239), (136, 239), (210, 239), (239, 276), (239, 285), (28, 239), (94, 239), (83, 239), (149, 239), (239, 294), (204, 239), (239, 248), (43, 239), (230, 239), (56, 239), (111, 239), (190, 239), (239, 278), (239, 287), (239, 296), (234, 239), (73, 239), (128, 239), (207, 239), (139, 239), (183, 239), (77, 239), (143, 239), (9, 239), (75, 239), (130, 239), (169, 239), (156, 239), (39, 239), (239, 273), (239, 291), (237, 239), (107, 239), (197, 239), (162, 239), (173, 239), (186, 239), (1, 239), (239, 266), (54, 239), (109, 239), (239, 275), (175, 239)}",600,271208,0.05156540870666504
Graph_300_33638_0,300,33638,201,"{(5, 172), (126, 172), (172, 258), (172, 203), (172, 267), (172, 212), (113, 172), (172, 276), (172, 221), (172, 285), (172, 230), (62, 172), (172, 294), (128, 172), (117, 172), (22, 172), (77, 172), (172, 251), (172, 196), (172, 260), (172, 205), (172, 269), (172, 214), (24, 172), (0, 172), (79, 172), (101, 172), (172, 223), (11, 172), (13, 172), (172, 287), (156, 172), (39, 172), (92, 172), (172, 253), (52, 172), (41, 172), (96, 172), (118, 172), (172, 271), (172, 216), (172, 280), (122, 172), (3, 172), (80, 172), (58, 172), (135, 172), (172, 191), (69, 172), (124, 172), (172, 255), (172, 200), (172, 282), (71, 172), (82, 172), (137, 172), (31, 172), (86, 172), (172, 175), (172, 239), (172, 184), (172, 248), (172, 193), (172, 257), (172, 202), (172, 266), (44, 172), (9, 172), (33, 172), (172, 211), (154, 172), (165, 172), (48, 172), (103, 172), (114, 172), (172, 232), (172, 296), (172, 241), (172, 186), (50, 172), (37, 172), (116, 172), (61, 172), (171, 172), (172, 204), (172, 268), (10, 172), (76, 172), (131, 172), (172, 179), (172, 298), (89, 172), (172, 243), (133, 172), (12, 172), (78, 172), (144, 172), (172, 252), (172, 188), (27, 172), (93, 172), (172, 261), (172, 270), (146, 172), (29, 172), (95, 172), (106, 172), (161, 172), (55, 172), (172, 245), (172, 190), (172, 254), (172, 199), (172, 263), (108, 172), (163, 172), (2, 172), (46, 172), (68, 172), (112, 172), (123, 172), (172, 220), (6, 172), (172, 284), (72, 172), (172, 229), (172, 174), (172, 293), (172, 238), (172, 183), (172, 192), (70, 172), (125, 172), (172, 256), (30, 172), (74, 172), (85, 172), (129, 172), (140, 172), (151, 172), (172, 277), (172, 222), (172, 231), (172, 295), (153, 172), (172, 185), (172, 249), (36, 172), (47, 172), (91, 172), (168, 172), (51, 172), (172, 206), (172, 215), (38, 172), (25, 172), (115, 172), (172, 224), (170, 172), (172, 279), (172, 288), (104, 172), (172, 233), (159, 172), (53, 172), (64, 172), (172, 242), (172, 208), (121, 172), (132, 172), (172, 272), (172, 217), (26, 172), (15, 172), (81, 172), (172, 226), (147, 172), (172, 281), (172, 290), (172, 235), (172, 299), (17, 172), (4, 172), (83, 172), (160, 172), (138, 172), (149, 172), (43, 172), (172, 265), (32, 172), (98, 172), (164, 172), (172, 274), (172, 219), (172, 228), (172, 173), (172, 292), (34, 172), (21, 172), (111, 172), (166, 172)}",600,360904,0.08394193649291992
Graph_300_33638_1,300,33638,206,"{(104, 197), (52, 104), (104, 142), (96, 104), (104, 151), (104, 215), (1, 104), (104, 160), (104, 279), (104, 169), (104, 233), (54, 104), (14, 104), (104, 126), (69, 104), (3, 104), (104, 135), (104, 254), (104, 199), (104, 263), (104, 208), (104, 153), (104, 272), (104, 217), (104, 162), (104, 281), (82, 104), (71, 104), (20, 104), (31, 104), (86, 104), (97, 104), (104, 119), (104, 128), (104, 247), (104, 192), (104, 137), (104, 256), (104, 201), (104, 265), (33, 104), (44, 104), (104, 210), (88, 104), (104, 155), (104, 274), (104, 283), (48, 104), (104, 112), (104, 176), (104, 240), (104, 185), (104, 130), (104, 194), (61, 104), (104, 139), (104, 258), (50, 104), (104, 203), (104, 148), (104, 267), (10, 104), (104, 212), (65, 104), (76, 104), (104, 276), (63, 104), (104, 105), (12, 104), (67, 104), (104, 132), (104, 141), (93, 104), (104, 260), (104, 269), (104, 214), (25, 104), (104, 278), (40, 104), (104, 107), (95, 104), (29, 104), (84, 104), (104, 171), (104, 116), (104, 235), (104, 299), (55, 104), (104, 244), (104, 189), (104, 134), (104, 198), (104, 143), (104, 262), (42, 104), (104, 207), (104, 271), (2, 104), (57, 104), (104, 164), (6, 104), (104, 109), (72, 104), (104, 228), (104, 173), (104, 237), (104, 182), (104, 246), (104, 191), (59, 104), (104, 136), (104, 255), (8, 104), (19, 104), (74, 104), (30, 104), (85, 104), (104, 221), (104, 166), (104, 285), (104, 111), (104, 230), (21, 104), (104, 294), (104, 120), (104, 239), (87, 104), (104, 184), (104, 248), (36, 104), (47, 104), (91, 104), (104, 193), (51, 104), (104, 150), (38, 104), (104, 168), (104, 113), (53, 104), (64, 104), (104, 122), (104, 241), (104, 250), (11, 104), (66, 104), (104, 152), (104, 216), (26, 104), (104, 161), (104, 106), (104, 225), (81, 104), (104, 280), (104, 289), (104, 115), (104, 298), (104, 124), (104, 243), (104, 252), (17, 104), (28, 104), (83, 104), (94, 104), (104, 145), (32, 104), (43, 104), (98, 104), (104, 209), (104, 218), (104, 163), (104, 282), (104, 108), (104, 227), (104, 236), (104, 181), (104, 245), (56, 104), (45, 104), (5, 104), (60, 104), (104, 147), (104, 266), (104, 156), (104, 275), (104, 220), (7, 104), (73, 104), (104, 174), (104, 238), (104, 195), (9, 104), (75, 104), (104, 140), (104, 268), (24, 104), (35, 104), (90, 104), (101, 104), (104, 277), (79, 104), (104, 158), (104, 286), (104, 231), (104, 295), (37, 104), (92, 104)}",900,541506,0.1143348217010498
Graph_300_44850_0,300,44850,299,"{(180, 299), (191, 299), (246, 299), (61, 299), (50, 299), (116, 299), (195, 299), (206, 299), (105, 299), (129, 299), (140, 299), (151, 299), (10, 299), (261, 299), (65, 299), (63, 299), (153, 299), (142, 299), (208, 299), (263, 299), (274, 299), (23, 299), (12, 299), (67, 299), (78, 299), (89, 299), (212, 299), (223, 299), (278, 299), (289, 299), (91, 299), (51, 299), (27, 299), (157, 299), (25, 299), (159, 299), (146, 299), (225, 299), (236, 299), (280, 299), (170, 299), (291, 299), (40, 299), (29, 299), (95, 299), (174, 299), (84, 299), (119, 299), (185, 299), (240, 299), (55, 299), (102, 299), (42, 299), (132, 299), (108, 299), (198, 299), (176, 299), (242, 299), (253, 299), (297, 299), (187, 299), (2, 299), (81, 299), (46, 299), (147, 299), (136, 299), (57, 299), (68, 299), (202, 299), (257, 299), (268, 299), (6, 299), (168, 299), (255, 299), (4, 299), (59, 299), (70, 299), (125, 299), (138, 299), (149, 299), (160, 299), (204, 299), (215, 299), (259, 299), (8, 299), (19, 299), (74, 299), (85, 299), (164, 299), (30, 299), (98, 299), (285, 299), (219, 299), (217, 299), (272, 299), (21, 299), (111, 299), (87, 299), (155, 299), (177, 299), (221, 299), (232, 299), (243, 299), (276, 299), (166, 299), (287, 299), (36, 299), (47, 299), (126, 299), (181, 299), (298, 299), (179, 299), (234, 299), (38, 299), (139, 299), (115, 299), (104, 299), (128, 299), (249, 299), (260, 299), (49, 299), (117, 299), (183, 299), (77, 299), (53, 299), (143, 299), (64, 299), (238, 299), (264, 299), (270, 299), (196, 299), (251, 299), (262, 299), (0, 299), (101, 299), (11, 299), (145, 299), (121, 299), (222, 299), (66, 299), (277, 299), (156, 299), (200, 299), (211, 299), (15, 299), (26, 299), (266, 299), (158, 299), (134, 299), (213, 299), (224, 299), (279, 299), (28, 299), (118, 299), (94, 299), (17, 299), (83, 299), (239, 299), (96, 299), (107, 299), (162, 299), (173, 299), (228, 299), (32, 299), (122, 299), (43, 299), (283, 299), (294, 299), (265, 299), (281, 299), (175, 299), (230, 299), (241, 299), (296, 299), (34, 299), (45, 299), (100, 299), (190, 299), (56, 299), (256, 299), (124, 299), (135, 299), (245, 299), (5, 299), (60, 299), (137, 299), (113, 299), (192, 299), (203, 299), (247, 299), (258, 299), (269, 299), (18, 299), (86, 299), (62, 299), (73, 299), (152, 299), (207, 299), (218, 299), (7, 299), (97, 299), (141, 299), (273, 299), (22, 299), (205, 299), (9, 299), (75, 299), (154, 299), (130, 299), (165, 299), (209, 299), (286, 299), (220, 299), (275, 299), (24, 299), (103, 299), (35, 299), (79, 299), (169, 299), (13, 299), (90, 299), (114, 299), (235, 299), (290, 299), (39, 299), (288, 299), (37, 299), (127, 299), (92, 299), (171, 299), (182, 299), (248, 299), (226, 299), (292, 299), (237, 299), (76, 299), (41, 299), (131, 299), (52, 299), (186, 299), (197, 299), (252, 299), (1, 299), (184, 299), (250, 299), (54, 299), (133, 299), (109, 299), (188, 299), (120, 299), (144, 299), (199, 299), (210, 299), (254, 299), (3, 299), (93, 299), (69, 299), (80, 299), (148, 299), (14, 299), (58, 299), (214, 299), (201, 299), (267, 299), (16, 299), (106, 299), (71, 299), (150, 299), (82, 299), (161, 299), (172, 299), (282, 299), (216, 299), (227, 299), (271, 299), (20, 299), (31, 299), (110, 299), (293, 299), (231, 299), (163, 299), (229, 299), (284, 299), (295, 299), (33, 299), (112, 299), (123, 299), (44, 299), (88, 299), (99, 299), (167, 299), (189, 299), (233, 299), (178, 299), (72, 299), (48, 299), (194, 299), (244, 299), (193, 299)}",600,450600,0.09459161758422852
Graph_300_44850_1,300,44850,299,"{(180, 299), (191, 299), (246, 299), (50, 299), (140, 299), (105, 299), (116, 299), (151, 299), (261, 299), (61, 299), (129, 299), (195, 299), (10, 299), (204, 299), (65, 299), (206, 299), (63, 299), (142, 299), (153, 299), (208, 299), (263, 299), (274, 299), (12, 299), (91, 299), (67, 299), (89, 299), (102, 299), (23, 299), (78, 299), (157, 299), (168, 299), (212, 299), (51, 299), (27, 299), (223, 299), (278, 299), (289, 299), (25, 299), (159, 299), (146, 299), (225, 299), (236, 299), (170, 299), (280, 299), (291, 299), (29, 299), (40, 299), (84, 299), (95, 299), (119, 299), (174, 299), (185, 299), (240, 299), (55, 299), (42, 299), (132, 299), (108, 299), (187, 299), (198, 299), (242, 299), (176, 299), (253, 299), (297, 299), (2, 299), (81, 299), (46, 299), (57, 299), (68, 299), (147, 299), (202, 299), (136, 299), (257, 299), (268, 299), (6, 299), (255, 299), (4, 299), (70, 299), (138, 299), (149, 299), (215, 299), (59, 299), (270, 299), (281, 299), (125, 299), (160, 299), (8, 299), (98, 299), (74, 299), (164, 299), (19, 299), (219, 299), (30, 299), (285, 299), (85, 299), (217, 299), (272, 299), (21, 299), (111, 299), (87, 299), (177, 299), (155, 299), (243, 299), (166, 299), (276, 299), (221, 299), (232, 299), (287, 299), (36, 299), (126, 299), (47, 299), (181, 299), (298, 299), (179, 299), (234, 299), (49, 299), (117, 299), (128, 299), (183, 299), (38, 299), (238, 299), (260, 299), (104, 299), (115, 299), (139, 299), (77, 299), (53, 299), (64, 299), (143, 299), (249, 299), (264, 299), (254, 299), (196, 299), (262, 299), (251, 299), (0, 299), (11, 299), (66, 299), (156, 299), (101, 299), (222, 299), (121, 299), (145, 299), (200, 299), (211, 299), (266, 299), (26, 299), (15, 299), (277, 299), (158, 299), (134, 299), (224, 299), (213, 299), (279, 299), (17, 299), (118, 299), (83, 299), (94, 299), (28, 299), (96, 299), (107, 299), (162, 299), (173, 299), (228, 299), (239, 299), (32, 299), (43, 299), (122, 299), (283, 299), (294, 299), (175, 299), (230, 299), (241, 299), (296, 299), (45, 299), (56, 299), (124, 299), (34, 299), (100, 299), (245, 299), (256, 299), (135, 299), (190, 299), (5, 299), (60, 299), (137, 299), (113, 299), (192, 299), (203, 299), (247, 299), (258, 299), (269, 299), (18, 299), (97, 299), (73, 299), (152, 299), (7, 299), (207, 299), (62, 299), (86, 299), (141, 299), (218, 299), (273, 299), (22, 299), (205, 299), (9, 299), (75, 299), (154, 299), (130, 299), (165, 299), (220, 299), (275, 299), (209, 299), (286, 299), (24, 299), (103, 299), (114, 299), (169, 299), (13, 299), (235, 299), (35, 299), (290, 299), (79, 299), (90, 299), (39, 299), (288, 299), (37, 299), (127, 299), (92, 299), (171, 299), (182, 299), (226, 299), (237, 299), (248, 299), (292, 299), (76, 299), (52, 299), (41, 299), (131, 299), (186, 299), (197, 299), (252, 299), (1, 299), (184, 299), (250, 299), (54, 299), (133, 299), (109, 299), (144, 299), (188, 299), (265, 299), (120, 299), (199, 299), (210, 299), (3, 299), (14, 299), (58, 299), (69, 299), (80, 299), (93, 299), (148, 299), (214, 299), (201, 299), (267, 299), (16, 299), (106, 299), (71, 299), (161, 299), (82, 299), (150, 299), (172, 299), (282, 299), (216, 299), (227, 299), (271, 299), (20, 299), (31, 299), (110, 299), (293, 299), (231, 299), (163, 299), (229, 299), (284, 299), (259, 299), (295, 299), (33, 299), (112, 299), (99, 299), (167, 299), (44, 299), (244, 299), (88, 299), (123, 299), (178, 299), (189, 299), (72, 299), (48, 299), (194, 299), (233, 299), (193, 299)}",600,450600,0.10204601287841797
Graph_350_7635_0,350,7635,23,"{(59, 290), (5, 59), (59, 137), (59, 149), (59, 152), (59, 103), (59, 289), (59, 295), (59, 234), (59, 292), (59, 60), (59, 322), (59, 200), (59, 273), (59, 62), (59, 312), (59, 77), (59, 263), (59, 89), (59, 156), (59, 101), (59, 223), (59, 232)}",1050,278695,0.08506059646606445
Graph_350_7635_1,350,7635,28,"{(86, 313), (86, 328), (86, 212), (86, 157), (23, 86), (86, 221), (86, 224), (86, 172), (86, 181), (86, 120), (18, 86), (73, 86), (86, 162), (86, 275), (86, 287), (75, 86), (86, 296), (86, 116), (86, 305), (68, 86), (86, 317), (86, 320), (86, 329), (86, 332), (86, 161), (86, 100), (86, 112), (86, 225)}",1050,278695,0.06005048751831055
Graph_350_15269_0,350,15269,63,"{(18, 313), (18, 252), (18, 203), (18, 87), (18, 206), (18, 145), (18, 200), (18, 209), (18, 328), (18, 154), (18, 301), (18, 212), (18, 227), (18, 172), (18, 349), (18, 175), (18, 114), (18, 53), (18, 236), (1, 18), (18, 68), (18, 187), (18, 251), (18, 196), (18, 19), (18, 202), (18, 208), (18, 147), (18, 321), (18, 333), (18, 28), (5, 18), (18, 284), (18, 168), (18, 107), (18, 226), (18, 52), (18, 290), (18, 116), (18, 235), (18, 125), (18, 238), (18, 308), (18, 134), (18, 192), (18, 311), (18, 201), (18, 204), (18, 24), (18, 207), (18, 255), (18, 216), (18, 222), (18, 335), (18, 289), (18, 228), (18, 109), (18, 118), (18, 231), (18, 57), (18, 237), (18, 121), (18, 75)}",1050,370303,0.0831294059753418
Graph_350_15269_1,350,15269,59,"{(42, 286), (42, 45), (42, 170), (42, 289), (42, 347), (42, 167), (42, 112), (42, 51), (42, 57), (42, 115), (42, 295), (42, 240), (42, 185), (42, 124), (42, 191), (42, 72), (42, 267), (42, 206), (42, 270), (42, 273), (42, 218), (42, 96), (42, 276), (42, 282), (42, 44), (42, 169), (42, 53), (42, 239), (42, 178), (42, 297), (21, 42), (42, 135), (42, 199), (42, 77), (42, 257), (42, 324), (42, 141), (42, 327), (42, 330), (42, 156), (42, 269), (42, 220), (42, 223), (42, 235), (42, 174), (42, 119), (42, 125), (29, 42), (42, 302), (42, 247), (42, 73), (42, 253), (42, 131), (42, 317), (42, 256), (42, 320), (42, 198), (42, 216), (42, 222)}",1050,370303,0.06730794906616211
Graph_350_30538_0,350,30538,144,"{(189, 265), (189, 210), (189, 338), (189, 228), (50, 189), (127, 189), (10, 189), (65, 189), (63, 189), (189, 203), (189, 267), (133, 189), (189, 340), (27, 189), (93, 189), (189, 294), (148, 189), (189, 303), (95, 189), (189, 260), (161, 189), (150, 189), (189, 269), (189, 214), (55, 189), (189, 278), (110, 189), (189, 223), (189, 342), (189, 287), (189, 232), (42, 189), (189, 296), (163, 189), (46, 189), (57, 189), (123, 189), (6, 189), (189, 198), (4, 189), (189, 344), (189, 289), (74, 189), (151, 189), (140, 189), (189, 191), (189, 255), (189, 200), (189, 264), (189, 209), (87, 189), (189, 218), (168, 189), (49, 189), (115, 189), (159, 189), (170, 189), (189, 266), (189, 211), (174, 189), (11, 189), (66, 189), (187, 189), (26, 189), (189, 204), (189, 323), (189, 268), (189, 332), (189, 277), (134, 189), (17, 189), (28, 189), (83, 189), (160, 189), (189, 234), (43, 189), (32, 189), (189, 243), (164, 189), (189, 197), (189, 316), (189, 261), (189, 325), (189, 334), (34, 189), (45, 189), (111, 189), (56, 189), (155, 189), (5, 189), (126, 189), (189, 227), (189, 245), (189, 190), (189, 309), (189, 254), (189, 199), (7, 189), (73, 189), (62, 189), (117, 189), (189, 327), (183, 189), (77, 189), (143, 189), (130, 189), (189, 293), (35, 189), (189, 192), (156, 189), (145, 189), (189, 320), (158, 189), (189, 222), (189, 231), (189, 240), (162, 189), (189, 194), (189, 313), (122, 189), (189, 322), (54, 189), (109, 189), (14, 189), (58, 189), (80, 189), (189, 279), (189, 233), (189, 306), (189, 315), (137, 189), (86, 189), (189, 208), (189, 272), (189, 281), (189, 345), (189, 290), (189, 244), (154, 189), (165, 189), (189, 308), (48, 189), (103, 189), (169, 189)}",700,368904,0.07682228088378906
Graph_350_30538_1,350,30538,154,"{(167, 265), (66, 167), (42, 167), (121, 167), (167, 283), (167, 228), (26, 167), (2, 167), (81, 167), (167, 173), (136, 167), (147, 167), (134, 167), (167, 194), (4, 167), (83, 167), (94, 167), (138, 167), (167, 322), (160, 167), (167, 267), (167, 331), (32, 167), (8, 167), (98, 167), (167, 340), (45, 167), (56, 167), (111, 167), (166, 167), (5, 167), (167, 205), (167, 278), (167, 223), (167, 342), (113, 167), (73, 167), (62, 167), (77, 167), (167, 189), (167, 326), (75, 167), (130, 167), (35, 167), (0, 167), (90, 167), (167, 225), (156, 167), (167, 289), (167, 182), (167, 191), (167, 310), (17, 167), (107, 167), (28, 167), (96, 167), (162, 167), (167, 273), (1, 167), (167, 175), (58, 167), (34, 167), (167, 257), (167, 202), (167, 321), (167, 266), (167, 211), (167, 339), (71, 167), (167, 177), (167, 296), (20, 167), (86, 167), (141, 167), (152, 167), (167, 259), (48, 167), (13, 167), (24, 167), (114, 167), (167, 243), (167, 188), (167, 197), (37, 167), (127, 167), (167, 325), (10, 167), (76, 167), (131, 167), (167, 227), (167, 181), (167, 300), (167, 190), (133, 167), (167, 254), (167, 199), (167, 263), (3, 167), (148, 167), (146, 167), (167, 220), (167, 348), (40, 167), (16, 167), (106, 167), (84, 167), (167, 174), (167, 238), (167, 302), (167, 247), (167, 192), (55, 167), (167, 320), (108, 167), (163, 167), (167, 213), (57, 167), (44, 167), (167, 222), (167, 341), (167, 295), (167, 304), (167, 249), (167, 313), (74, 167), (167, 206), (129, 167), (140, 167), (151, 167), (167, 215), (167, 279), (167, 288), (167, 297), (167, 242), (87, 167), (23, 167), (91, 167), (12, 167), (102, 167), (167, 208), (167, 272), (167, 217), (167, 281), (167, 226), (167, 345), (25, 167), (115, 167), (159, 167), (167, 235), (167, 299), (167, 244), (64, 167), (167, 308), (29, 167)}",1050,553531,0.11556005477905273
Graph_350_45807_0,350,45807,240,"{(221, 236), (221, 300), (221, 245), (146, 221), (221, 309), (221, 254), (16, 221), (82, 221), (172, 221), (150, 221), (221, 336), (55, 221), (31, 221), (221, 229), (163, 221), (221, 293), (221, 238), (221, 302), (221, 247), (33, 221), (44, 221), (99, 221), (167, 221), (88, 221), (112, 221), (123, 221), (178, 221), (221, 256), (221, 311), (221, 320), (193, 221), (125, 221), (221, 286), (221, 231), (61, 221), (140, 221), (50, 221), (206, 221), (129, 221), (221, 304), (10, 221), (221, 313), (63, 221), (142, 221), (153, 221), (208, 221), (12, 221), (91, 221), (67, 221), (168, 221), (78, 221), (89, 221), (212, 221), (221, 288), (102, 221), (221, 224), (221, 233), (221, 279), (221, 297), (221, 343), (221, 242), (221, 306), (221, 251), (221, 315), (25, 221), (115, 221), (170, 221), (40, 221), (119, 221), (29, 221), (174, 221), (84, 221), (221, 226), (221, 290), (121, 221), (176, 221), (187, 221), (221, 317), (2, 221), (81, 221), (68, 221), (147, 221), (57, 221), (136, 221), (202, 221), (6, 221), (221, 274), (221, 338), (221, 283), (221, 228), (70, 221), (160, 221), (221, 292), (215, 221), (204, 221), (221, 301), (19, 221), (98, 221), (74, 221), (221, 246), (221, 310), (8, 221), (30, 221), (164, 221), (219, 221), (217, 221), (221, 267), (100, 221), (87, 221), (166, 221), (221, 276), (111, 221), (177, 221), (221, 340), (221, 285), (60, 221), (36, 221), (126, 221), (221, 294), (47, 221), (181, 221), (179, 221), (117, 221), (104, 221), (194, 221), (128, 221), (183, 221), (221, 324), (221, 269), (77, 221), (53, 221), (221, 278), (143, 221), (221, 223), (221, 342), (221, 287), (221, 232), (221, 296), (130, 221), (0, 221), (11, 221), (90, 221), (145, 221), (156, 221), (211, 221), (200, 221), (101, 221), (221, 253), (39, 221), (15, 221), (221, 262), (221, 271), (221, 280), (221, 225), (158, 221), (221, 289), (28, 221), (94, 221), (173, 221), (83, 221), (43, 221), (32, 221), (221, 264), (120, 221), (221, 328), (175, 221), (221, 273), (221, 337), (221, 282), (80, 221), (34, 221), (135, 221), (45, 221), (221, 291), (56, 221), (69, 221), (124, 221), (190, 221), (221, 227), (221, 346), (221, 248), (221, 312), (113, 221), (192, 221), (203, 221), (221, 321), (221, 266), (18, 221), (97, 221), (73, 221), (152, 221), (22, 221), (221, 348), (205, 221), (9, 221), (75, 221), (165, 221), (221, 241), (209, 221), (221, 305), (221, 250), (35, 221), (13, 221), (79, 221), (114, 221), (169, 221), (24, 221), (103, 221), (221, 259), (221, 268), (221, 332), (221, 341), (14, 221), (37, 221), (105, 221), (92, 221), (127, 221), (171, 221), (76, 221), (41, 221), (221, 298), (52, 221), (186, 221), (197, 221), (1, 221), (221, 316), (221, 261), (221, 325), (221, 270), (133, 221), (144, 221), (199, 221), (109, 221), (188, 221), (210, 221), (3, 221), (93, 221), (58, 221), (148, 221), (214, 221)}",700,491056,0.11896681785583496
Graph_350_45807_1,350,45807,238,"{(167, 201), (189, 201), (201, 322), (201, 267), (201, 212), (201, 331), (72, 201), (201, 276), (201, 221), (201, 340), (201, 285), (201, 349), (4, 201), (59, 201), (125, 201), (19, 201), (46, 201), (74, 201), (30, 201), (140, 201), (151, 201), (129, 201), (201, 251), (201, 269), (21, 201), (87, 201), (201, 342), (142, 201), (47, 201), (36, 201), (102, 201), (91, 201), (157, 201), (168, 201), (181, 201), (201, 308), (38, 201), (49, 201), (104, 201), (201, 326), (170, 201), (201, 271), (201, 335), (201, 280), (53, 201), (64, 201), (119, 201), (201, 344), (201, 246), (0, 201), (11, 201), (66, 201), (121, 201), (123, 201), (187, 201), (201, 264), (26, 201), (201, 209), (81, 201), (136, 201), (147, 201), (201, 337), (201, 346), (201, 274), (201, 329), (28, 201), (17, 201), (149, 201), (160, 201), (68, 201), (138, 201), (201, 303), (201, 248), (201, 312), (98, 201), (201, 257), (164, 201), (201, 266), (201, 211), (201, 275), (201, 339), (45, 201), (56, 201), (155, 201), (5, 201), (60, 201), (201, 296), (126, 201), (201, 241), (201, 305), (201, 250), (201, 259), (113, 201), (201, 323), (179, 201), (201, 268), (7, 201), (18, 201), (62, 201), (117, 201), (194, 201), (22, 201), (77, 201), (201, 225), (143, 201), (201, 289), (201, 234), (201, 298), (75, 201), (130, 201), (201, 252), (201, 316), (13, 201), (35, 201), (24, 201), (79, 201), (156, 201), (145, 201), (200, 201), (90, 201), (39, 201), (201, 218), (37, 201), (201, 227), (92, 201), (201, 291), (158, 201), (201, 236), (201, 245), (107, 201), (186, 201), (118, 201), (162, 201), (197, 201), (201, 309), (1, 201), (201, 327), (54, 201), (201, 284), (14, 201), (3, 201), (69, 201), (201, 293), (58, 201), (80, 201), (124, 201), (201, 229), (201, 302), (201, 348), (201, 311), (201, 345), (16, 201), (82, 201), (137, 201), (192, 201), (201, 213), (31, 201), (86, 201), (201, 277), (141, 201), (152, 201), (201, 222), (201, 286), (201, 341), (201, 240), (201, 304), (201, 249), (201, 313), (44, 201), (88, 201), (165, 201), (48, 201), (103, 201), (193, 201), (169, 201), (201, 206), (201, 270), (201, 215), (201, 334), (201, 279), (201, 343), (201, 288), (201, 233), (201, 297), (50, 201), (105, 201), (195, 201), (171, 201), (201, 306), (116, 201), (127, 201), (182, 201), (65, 201), (76, 201), (131, 201), (201, 263), (63, 201), (201, 208), (184, 201), (201, 217), (201, 336), (201, 281), (12, 201), (201, 226), (67, 201), (89, 201), (78, 201), (133, 201), (188, 201), (201, 235), (144, 201), (199, 201), (201, 290), (27, 201), (201, 299), (93, 201), (146, 201), (201, 265), (40, 201), (201, 210), (84, 201), (106, 201), (150, 201), (161, 201), (172, 201), (201, 338), (185, 201), (201, 219), (201, 228), (55, 201), (201, 347), (110, 201), (201, 301), (108, 201), (163, 201), (2, 201), (57, 201), (112, 201)}",700,491056,0.24952030181884766
Graph_350_61075_0,350,61075,349,"{(93, 349), (267, 349), (16, 349), (172, 349), (150, 349), (161, 349), (55, 349), (229, 349), (112, 349), (123, 349), (180, 349), (191, 349), (74, 349), (85, 349), (327, 349), (316, 349), (142, 349), (153, 349), (278, 349), (289, 349), (27, 349), (104, 349), (115, 349), (346, 349), (240, 349), (297, 349), (319, 349), (308, 349), (46, 349), (57, 349), (68, 349), (202, 349), (259, 349), (281, 349), (270, 349), (188, 349), (19, 349), (8, 349), (30, 349), (164, 349), (338, 349), (87, 349), (221, 349), (232, 349), (243, 349), (126, 349), (300, 349), (49, 349), (38, 349), (183, 349), (194, 349), (328, 349), (339, 349), (77, 349), (251, 349), (262, 349), (0, 349), (11, 349), (156, 349), (145, 349), (39, 349), (213, 349), (224, 349), (118, 349), (107, 349), (96, 349), (175, 349), (69, 349), (80, 349), (311, 349), (137, 349), (273, 349), (22, 349), (205, 349), (99, 349), (330, 349), (341, 349), (235, 349), (292, 349), (303, 349), (314, 349), (52, 349), (41, 349), (186, 349), (197, 349), (254, 349), (265, 349), (3, 349), (14, 349), (148, 349), (322, 349), (333, 349), (71, 349), (82, 349), (227, 349), (216, 349), (110, 349), (284, 349), (295, 349), (33, 349), (44, 349), (189, 349), (167, 349), (178, 349), (323, 349), (72, 349), (246, 349), (151, 349), (129, 349), (140, 349), (63, 349), (208, 349), (91, 349), (102, 349), (25, 349), (159, 349), (170, 349), (53, 349), (64, 349), (306, 349), (121, 349), (132, 349), (268, 349), (257, 349), (6, 349), (94, 349), (325, 349), (336, 349), (219, 349), (276, 349), (298, 349), (287, 349), (47, 349), (36, 349), (181, 349), (238, 349), (249, 349), (260, 349), (143, 349), (317, 349), (66, 349), (211, 349), (200, 349), (222, 349), (134, 349), (279, 349), (28, 349), (17, 349), (162, 349), (173, 349), (241, 349), (230, 349), (124, 349), (135, 349), (192, 349), (203, 349), (348, 349), (86, 349), (97, 349), (9, 349), (154, 349), (165, 349), (48, 349), (290, 349), (105, 349), (116, 349), (127, 349), (347, 349), (252, 349), (1, 349), (184, 349), (89, 349), (309, 349), (320, 349), (331, 349), (58, 349), (214, 349), (146, 349), (282, 349), (271, 349), (293, 349), (20, 349), (31, 349), (88, 349), (233, 349), (244, 349), (312, 349), (301, 349), (50, 349), (61, 349), (195, 349), (206, 349), (263, 349), (274, 349), (12, 349), (23, 349), (157, 349), (168, 349), (51, 349), (225, 349), (236, 349), (119, 349), (42, 349), (176, 349), (187, 349), (198, 349), (81, 349), (255, 349), (4, 349), (138, 349), (160, 349), (149, 349), (43, 349), (285, 349), (217, 349), (100, 349), (111, 349), (342, 349), (179, 349), (304, 349), (315, 349), (130, 349), (266, 349), (277, 349), (26, 349), (15, 349), (334, 349), (345, 349), (83, 349), (210, 349), (228, 349), (239, 349), (122, 349), (296, 349), (307, 349), (56, 349), (34, 349), (45, 349), (190, 349), (335, 349), (113, 349), (247, 349), (258, 349), (269, 349), (18, 349), (7, 349), (141, 349), (152, 349), (326, 349), (75, 349), (209, 349), (220, 349), (103, 349), (114, 349), (288, 349), (37, 349), (171, 349), (182, 349), (65, 349), (76, 349), (250, 349), (144, 349), (133, 349), (201, 349), (95, 349), (84, 349), (106, 349), (337, 349), (231, 349), (163, 349), (310, 349), (299, 349), (193, 349), (125, 349), (261, 349), (10, 349), (318, 349), (329, 349), (340, 349), (67, 349), (78, 349), (212, 349), (223, 349), (280, 349), (291, 349), (40, 349), (29, 349), (174, 349), (185, 349), (108, 349), (253, 349), (242, 349), (2, 349), (136, 349), (147, 349), (70, 349), (59, 349), (215, 349), (204, 349), (98, 349), (272, 349), (21, 349), (177, 349), (155, 349), (166, 349), (60, 349), (302, 349), (234, 349), (128, 349), (117, 349), (139, 349), (264, 349), (196, 349), (101, 349), (79, 349), (90, 349), (321, 349), (332, 349), (158, 349), (283, 349), (294, 349), (32, 349), (109, 349), (120, 349), (256, 349), (245, 349), (5, 349), (313, 349), (324, 349), (62, 349), (73, 349), (207, 349), (218, 349), (275, 349), (286, 349), (35, 349), (13, 349), (24, 349), (169, 349), (343, 349), (92, 349), (248, 349), (237, 349), (226, 349), (131, 349), (305, 349), (54, 349), (199, 349), (344, 349)}",700,613200,0.21395087242126465
Graph_350_61075_1,350,61075,349,"{(108, 347), (244, 347), (233, 347), (70, 347), (301, 347), (312, 347), (206, 347), (195, 347), (263, 347), (274, 347), (23, 347), (12, 347), (157, 347), (168, 347), (302, 347), (51, 347), (225, 347), (236, 347), (119, 347), (264, 347), (42, 347), (187, 347), (176, 347), (198, 347), (321, 347), (332, 347), (81, 347), (255, 347), (4, 347), (149, 347), (138, 347), (160, 347), (294, 347), (43, 347), (32, 347), (217, 347), (100, 347), (111, 347), (5, 347), (179, 347), (62, 347), (73, 347), (130, 347), (35, 347), (266, 347), (277, 347), (92, 347), (334, 347), (228, 347), (239, 347), (122, 347), (296, 347), (307, 347), (34, 347), (190, 347), (335, 347), (258, 347), (247, 347), (269, 347), (18, 347), (7, 347), (152, 347), (141, 347), (326, 347), (75, 347), (220, 347), (209, 347), (103, 347), (114, 347), (288, 347), (37, 347), (182, 347), (171, 347), (316, 347), (327, 347), (65, 347), (76, 347), (250, 347), (133, 347), (144, 347), (289, 347), (27, 347), (201, 347), (346, 347), (84, 347), (95, 347), (106, 347), (231, 347), (163, 347), (319, 347), (57, 347), (68, 347), (46, 347), (193, 347), (125, 347), (30, 347), (261, 347), (87, 347), (318, 347), (329, 347), (212, 347), (223, 347), (291, 347), (280, 347), (29, 347), (185, 347), (174, 347), (242, 347), (253, 347), (2, 347), (136, 347), (147, 347), (59, 347), (204, 347), (215, 347), (98, 347), (272, 347), (21, 347), (177, 347), (155, 347), (166, 347), (311, 347), (60, 347), (234, 347), (117, 347), (128, 347), (139, 347), (22, 347), (196, 347), (330, 347), (341, 347), (101, 347), (79, 347), (90, 347), (158, 347), (314, 347), (52, 347), (41, 347), (283, 347), (120, 347), (109, 347), (245, 347), (256, 347), (82, 347), (71, 347), (313, 347), (324, 347), (218, 347), (207, 347), (286, 347), (275, 347), (13, 347), (24, 347), (169, 347), (343, 347), (237, 347), (226, 347), (248, 347), (131, 347), (305, 347), (54, 347), (199, 347), (210, 347), (188, 347), (344, 347), (93, 347), (347, 349), (267, 347), (16, 347), (161, 347), (150, 347), (172, 347), (306, 347), (55, 347), (229, 347), (123, 347), (112, 347), (6, 347), (180, 347), (191, 347), (325, 347), (336, 347), (85, 347), (74, 347), (142, 347), (153, 347), (36, 347), (47, 347), (278, 347), (104, 347), (115, 347), (240, 347), (347, 348), (66, 347), (297, 347), (308, 347), (202, 347), (134, 347), (270, 347), (259, 347), (281, 347), (8, 347), (19, 347), (164, 347), (338, 347), (243, 347), (232, 347), (221, 347), (126, 347), (300, 347), (49, 347), (38, 347), (183, 347), (194, 347), (328, 347), (339, 347), (77, 347), (251, 347), (262, 347), (0, 347), (11, 347), (145, 347), (156, 347), (290, 347), (39, 347), (213, 347), (224, 347), (107, 347), (96, 347), (118, 347), (1, 347), (175, 347), (309, 347), (320, 347), (331, 347), (80, 347), (58, 347), (69, 347), (137, 347), (31, 347), (20, 347), (273, 347), (205, 347), (88, 347), (99, 347), (235, 347), (50, 347), (61, 347), (292, 347), (303, 347), (186, 347), (197, 347), (254, 347), (265, 347), (14, 347), (3, 347), (148, 347), (322, 347), (333, 347), (216, 347), (227, 347), (110, 347), (284, 347), (295, 347), (33, 347), (44, 347), (189, 347), (167, 347), (178, 347), (323, 347), (72, 347), (246, 347), (140, 347), (129, 347), (151, 347), (285, 347), (63, 347), (208, 347), (342, 347), (91, 347), (102, 347), (25, 347), (159, 347), (170, 347), (304, 347), (315, 347), (53, 347), (64, 347), (121, 347), (132, 347), (26, 347), (15, 347), (257, 347), (268, 347), (345, 347), (83, 347), (94, 347), (219, 347), (45, 347), (56, 347), (276, 347), (298, 347), (287, 347), (181, 347), (113, 347), (238, 347), (249, 347), (260, 347), (143, 347), (317, 347), (211, 347), (222, 347), (200, 347), (279, 347), (28, 347), (17, 347), (162, 347), (173, 347), (230, 347), (241, 347), (124, 347), (135, 347), (203, 347), (192, 347), (337, 347), (86, 347), (97, 347), (9, 347), (154, 347), (165, 347), (299, 347), (310, 347), (48, 347), (127, 347), (105, 347), (116, 347), (10, 347), (252, 347), (184, 347), (340, 347), (67, 347), (78, 347), (89, 347), (214, 347), (146, 347), (40, 347), (282, 347), (293, 347), (271, 347)}",700,613200,0.20170164108276367
Graph_400_9976_0,400,9976,30,"{(81, 323), (81, 140), (81, 204), (73, 81), (81, 268), (77, 81), (81, 332), (81, 222), (81, 347), (81, 356), (81, 121), (81, 185), (81, 310), (57, 81), (81, 145), (81, 160), (81, 398), (81, 102), (37, 81), (70, 81), (81, 358), (81, 242), (81, 306), (65, 81), (76, 81), (81, 376), (81, 192), (81, 107), (25, 81), (81, 259)}",1200,363512,0.09878015518188477
Graph_400_9976_1,400,9976,35,"{(16, 145), (16, 325), (16, 47), (16, 349), (16, 53), (16, 59), (16, 62), (16, 367), (16, 74), (16, 138), (16, 321), (16, 86), (16, 31), (16, 339), (16, 278), (16, 165), (16, 223), (16, 107), (9, 16), (16, 296), (16, 119), (16, 58), (16, 363), (16, 186), (16, 271), (16, 158), (16, 182), (16, 362), (16, 121), (16, 365), (16, 255), (16, 313), (16, 258), (16, 377), (16, 133)}",1200,363512,0.10939621925354004
Graph_400_19951_0,400,19951,74,"{(81, 323), (81, 262), (71, 81), (81, 140), (81, 91), (81, 204), (73, 81), (81, 268), (7, 81), (81, 335), (81, 332), (77, 81), (81, 283), (81, 222), (81, 347), (81, 112), (81, 356), (81, 115), (81, 240), (81, 182), (81, 368), (81, 121), (81, 185), (66, 81), (81, 310), (81, 194), (57, 81), (81, 145), (81, 264), (81, 203), (81, 389), (81, 93), (6, 81), (81, 212), (81, 160), (81, 398), (81, 224), (81, 102), (81, 108), (37, 81), (59, 81), (70, 81), (81, 111), (81, 282), (81, 175), (81, 361), (81, 181), (81, 300), (81, 358), (81, 178), (74, 81), (81, 242), (81, 245), (81, 306), (65, 81), (76, 81), (81, 376), (81, 192), (81, 324), (81, 263), (81, 153), (81, 333), (81, 339), (45, 81), (81, 104), (81, 235), (58, 81), (81, 107), (81, 354), (51, 81), (81, 302), (25, 81), (81, 259), (81, 317)}",1200,483212,0.11792588233947754
Graph_400_19951_1,400,19951,74,"{(189, 387), (189, 271), (134, 189), (189, 399), (189, 338), (180, 189), (189, 228), (189, 347), (149, 189), (30, 189), (85, 189), (162, 189), (32, 189), (189, 249), (189, 258), (189, 316), (63, 189), (21, 189), (54, 189), (87, 189), (189, 267), (175, 189), (189, 392), (189, 218), (189, 398), (189, 215), (177, 189), (80, 189), (189, 346), (189, 285), (5, 189), (124, 189), (157, 189), (189, 391), (189, 236), (189, 303), (189, 367), (189, 306), (113, 189), (189, 370), (16, 189), (189, 254), (49, 189), (189, 199), (189, 379), (137, 189), (29, 189), (189, 202), (189, 312), (189, 373), (189, 266), (189, 324), (97, 189), (86, 189), (189, 269), (189, 329), (55, 189), (77, 189), (189, 272), (189, 284), (189, 384), (189, 287), (11, 189), (66, 189), (132, 189), (154, 189), (176, 189), (189, 241), (79, 189), (90, 189), (15, 189), (189, 253), (189, 204), (189, 262)}",1200,483212,0.18524980545043945
Graph_400_39901_0,400,39901,168,"{(189, 265), (189, 274), (189, 338), (50, 189), (189, 228), (105, 189), (127, 189), (171, 189), (10, 189), (65, 189), (189, 374), (63, 189), (189, 203), (189, 267), (78, 189), (133, 189), (189, 340), (189, 285), (189, 367), (29, 189), (189, 196), (189, 260), (150, 189), (189, 269), (189, 214), (55, 189), (189, 397), (189, 223), (189, 287), (189, 232), (42, 189), (46, 189), (57, 189), (123, 189), (112, 189), (178, 189), (189, 253), (6, 189), (189, 317), (72, 189), (189, 198), (189, 262), (189, 207), (189, 271), (4, 189), (189, 280), (189, 399), (125, 189), (180, 189), (30, 189), (85, 189), (140, 189), (151, 189), (189, 246), (189, 255), (189, 200), (21, 189), (189, 383), (87, 189), (189, 209), (142, 189), (189, 264), (189, 392), (189, 218), (189, 346), (157, 189), (49, 189), (115, 189), (159, 189), (170, 189), (189, 202), (189, 266), (53, 189), (189, 211), (189, 284), (11, 189), (66, 189), (121, 189), (189, 241), (176, 189), (26, 189), (189, 314), (189, 204), (189, 332), (189, 277), (189, 396), (134, 189), (28, 189), (83, 189), (94, 189), (149, 189), (160, 189), (189, 234), (32, 189), (43, 189), (164, 189), (189, 371), (189, 197), (189, 316), (189, 261), (189, 325), (189, 334), (34, 189), (189, 398), (45, 189), (56, 189), (5, 189), (126, 189), (189, 236), (189, 355), (189, 245), (189, 254), (189, 373), (189, 318), (7, 189), (62, 189), (73, 189), (189, 327), (128, 189), (139, 189), (183, 189), (189, 391), (22, 189), (77, 189), (143, 189), (189, 366), (90, 189), (101, 189), (145, 189), (79, 189), (156, 189), (189, 384), (189, 329), (189, 222), (189, 286), (189, 350), (162, 189), (189, 359), (189, 249), (122, 189), (54, 189), (109, 189), (175, 189), (189, 215), (80, 189), (189, 279), (124, 189), (189, 352), (189, 297), (189, 306), (189, 251), (189, 370), (16, 189), (189, 379), (137, 189), (20, 189), (86, 189), (189, 208), (189, 272), (189, 345), (189, 354), (189, 244), (154, 189), (165, 189), (189, 308), (189, 372), (48, 189), (169, 189)}",800,481608,0.2038893699645996
Graph_400_39901_1,400,39901,169,"{(52, 104), (104, 325), (104, 151), (104, 270), (104, 215), (104, 398), (104, 343), (104, 233), (14, 104), (58, 104), (80, 104), (104, 135), (104, 254), (104, 199), (104, 318), (104, 263), (104, 382), (104, 281), (16, 104), (82, 104), (104, 354), (31, 104), (20, 104), (104, 183), (104, 192), (104, 137), (104, 256), (104, 320), (104, 265), (44, 104), (104, 210), (104, 155), (33, 104), (88, 104), (104, 274), (104, 329), (48, 104), (104, 112), (104, 121), (104, 240), (104, 185), (104, 313), (61, 104), (50, 104), (104, 139), (104, 203), (104, 258), (104, 148), (104, 386), (104, 212), (104, 331), (104, 276), (104, 395), (104, 340), (104, 349), (63, 104), (104, 178), (104, 187), (27, 104), (104, 315), (93, 104), (104, 260), (104, 205), (104, 379), (104, 388), (104, 214), (25, 104), (29, 104), (95, 104), (55, 104), (104, 189), (104, 253), (104, 372), (104, 198), (104, 326), (104, 271), (2, 104), (104, 164), (6, 104), (104, 109), (72, 104), (104, 228), (104, 182), (104, 301), (104, 127), (104, 365), (104, 191), (70, 104), (104, 255), (104, 319), (8, 104), (104, 328), (104, 221), (104, 166), (104, 285), (104, 111), (21, 104), (87, 104), (104, 294), (104, 239), (104, 303), (104, 129), (104, 248), (47, 104), (104, 193), (91, 104), (104, 376), (104, 321), (104, 385), (51, 104), (38, 104), (104, 223), (104, 287), (104, 351), (104, 296), (104, 241), (104, 360), (104, 323), (66, 104), (104, 152), (26, 104), (104, 280), (104, 344), (104, 289), (104, 124), (104, 188), (104, 307), (104, 252), (104, 371), (104, 380), (83, 104), (32, 104), (43, 104), (104, 209), (104, 154), (104, 218), (104, 282), (104, 227), (104, 346), (104, 291), (104, 300), (104, 364), (5, 104), (104, 138), (104, 147), (104, 266), (104, 156), (104, 275), (104, 220), (104, 110), (62, 104), (77, 104), (104, 131), (104, 195), (75, 104), (104, 149), (104, 268), (13, 104), (104, 332), (79, 104), (90, 104), (104, 277), (104, 396), (104, 231), (104, 350), (39, 104), (104, 359), (104, 304), (92, 104)}",800,481608,0.16736078262329102
Graph_400_59851_0,400,59851,279,"{(17, 293), (28, 293), (83, 293), (94, 293), (293, 383), (138, 293), (204, 293), (215, 293), (149, 293), (293, 303), (43, 293), (32, 293), (98, 293), (164, 293), (217, 293), (293, 358), (34, 293), (45, 293), (100, 293), (293, 367), (166, 293), (56, 293), (177, 293), (232, 293), (245, 293), (5, 293), (293, 376), (60, 293), (126, 293), (113, 293), (179, 293), (293, 342), (7, 293), (18, 293), (73, 293), (117, 293), (139, 293), (183, 293), (273, 293), (238, 293), (293, 296), (22, 293), (293, 305), (77, 293), (293, 378), (196, 293), (275, 293), (286, 293), (251, 293), (13, 293), (35, 293), (90, 293), (293, 335), (145, 293), (156, 293), (293, 399), (290, 293), (101, 293), (200, 293), (293, 393), (39, 293), (293, 353), (293, 298), (293, 362), (293, 307), (37, 293), (293, 371), (92, 293), (224, 293), (292, 293), (213, 293), (52, 293), (41, 293), (118, 293), (96, 293), (162, 293), (173, 293), (228, 293), (252, 293), (293, 328), (1, 293), (293, 392), (293, 337), (122, 293), (293, 346), (293, 355), (54, 293), (109, 293), (175, 293), (265, 293), (230, 293), (14, 293), (3, 293), (58, 293), (80, 293), (124, 293), (69, 293), (135, 293), (190, 293), (214, 293), (293, 321), (293, 394), (293, 339), (71, 293), (82, 293), (137, 293), (293, 348), (203, 293), (271, 293), (247, 293), (258, 293), (269, 293), (31, 293), (282, 293), (86, 293), (97, 293), (141, 293), (293, 357), (20, 293), (152, 293), (218, 293), (205, 293), (293, 323), (33, 293), (9, 293), (99, 293), (293, 387), (165, 293), (244, 293), (220, 293), (293, 396), (293, 332), (293, 341), (48, 293), (114, 293), (293, 350), (103, 293), (169, 293), (293, 359), (50, 293), (116, 293), (127, 293), (182, 293), (105, 293), (226, 293), (237, 293), (293, 325), (261, 293), (293, 316), (65, 293), (76, 293), (131, 293), (293, 334), (186, 293), (293, 398), (197, 293), (293, 352), (63, 293), (184, 293), (250, 293), (23, 293), (89, 293), (144, 293), (188, 293), (199, 293), (289, 293), (254, 293), (293, 309), (27, 293), (293, 318), (293, 336), (146, 293), (291, 293), (267, 293), (280, 293), (40, 293), (84, 293), (95, 293), (172, 293), (106, 293), (216, 293), (150, 293), (161, 293), (227, 293), (110, 293), (293, 366), (293, 375), (42, 293), (293, 320), (108, 293), (293, 384), (293, 329), (284, 293), (2, 293), (293, 338), (46, 293), (57, 293), (123, 293), (112, 293), (167, 293), (268, 293), (189, 293), (233, 293), (257, 293), (6, 293), (193, 293), (59, 293), (125, 293), (191, 293), (293, 313), (270, 293), (281, 293), (30, 293), (293, 322), (8, 293), (74, 293), (140, 293), (85, 293), (195, 293), (206, 293), (293, 395), (219, 293), (293, 340), (285, 293), (21, 293), (87, 293), (153, 293), (287, 293), (274, 293), (293, 361), (293, 306), (47, 293), (91, 293), (293, 370), (168, 293), (293, 315), (223, 293), (293, 379), (212, 293), (51, 293), (293, 388), (293, 397), (38, 293), (49, 293), (115, 293), (25, 293), (170, 293), (249, 293), (236, 293), (104, 293), (159, 293), (225, 293), (53, 293), (293, 299), (174, 293), (185, 293), (293, 363), (264, 293), (293, 308), (293, 372), (293, 326), (0, 293), (11, 293), (66, 293), (293, 390), (121, 293), (266, 293), (242, 293), (253, 293), (277, 293), (15, 293), (26, 293), (81, 293), (147, 293), (293, 347), (293, 356), (293, 301), (293, 310), (255, 293)}",800,641208,0.19638824462890625
Graph_400_59851_1,400,59851,271,"{(32, 211), (43, 211), (98, 211), (122, 211), (211, 332), (211, 213), (211, 396), (45, 211), (56, 211), (34, 211), (111, 211), (211, 298), (190, 211), (211, 234), (211, 243), (60, 211), (211, 371), (211, 261), (211, 380), (211, 325), (211, 270), (211, 389), (192, 211), (203, 211), (179, 211), (18, 211), (7, 211), (62, 211), (141, 211), (117, 211), (139, 211), (152, 211), (73, 211), (22, 211), (211, 236), (77, 211), (211, 245), (211, 364), (211, 309), (211, 254), (9, 211), (211, 373), (75, 211), (165, 211), (211, 263), (209, 211), (211, 382), (211, 327), (35, 211), (24, 211), (13, 211), (169, 211), (90, 211), (211, 336), (211, 229), (37, 211), (92, 211), (171, 211), (158, 211), (211, 366), (211, 311), (211, 256), (211, 375), (52, 211), (131, 211), (107, 211), (197, 211), (211, 384), (211, 250), (1, 211), (211, 393), (211, 222), (54, 211), (120, 211), (199, 211), (175, 211), (210, 211), (211, 350), (211, 240), (188, 211), (3, 211), (14, 211), (58, 211), (148, 211), (124, 211), (211, 249), (211, 368), (211, 304), (211, 313), (211, 359), (211, 322), (211, 386), (201, 211), (16, 211), (71, 211), (150, 211), (137, 211), (172, 211), (211, 215), (211, 279), (211, 224), (211, 343), (211, 295), (31, 211), (20, 211), (211, 233), (86, 211), (211, 288), (211, 297), (211, 251), (211, 370), (211, 379), (44, 211), (33, 211), (88, 211), (99, 211), (167, 211), (189, 211), (154, 211), (178, 211), (48, 211), (211, 217), (103, 211), (114, 211), (211, 290), (211, 354), (211, 299), (191, 211), (211, 308), (50, 211), (140, 211), (116, 211), (206, 211), (105, 211), (195, 211), (10, 211), (76, 211), (65, 211), (211, 338), (63, 211), (211, 283), (208, 211), (184, 211), (211, 347), (211, 292), (23, 211), (12, 211), (89, 211), (78, 211), (168, 211), (211, 365), (211, 246), (211, 310), (211, 301), (211, 374), (27, 211), (93, 211), (25, 211), (170, 211), (146, 211), (211, 331), (95, 211), (106, 211), (84, 211), (174, 211), (211, 294), (211, 239), (211, 358), (55, 211), (42, 211), (108, 211), (176, 211), (187, 211), (211, 260), (2, 211), (211, 324), (68, 211), (211, 269), (211, 214), (211, 388), (46, 211), (123, 211), (211, 397), (211, 223), (147, 211), (6, 211), (202, 211), (211, 287), (211, 232), (211, 351), (211, 342), (211, 296), (211, 360), (4, 211), (59, 211), (70, 211), (160, 211), (125, 211), (180, 211), (204, 211), (30, 211), (8, 211), (19, 211), (74, 211), (129, 211), (211, 253), (211, 262), (211, 326), (211, 271), (211, 390), (211, 399), (211, 225), (211, 344), (211, 289), (21, 211), (211, 353), (87, 211), (177, 211), (153, 211), (155, 211), (166, 211), (211, 362), (47, 211), (126, 211), (91, 211), (102, 211), (181, 211), (83, 211), (211, 255), (51, 211), (211, 264), (211, 383), (211, 392), (211, 218), (38, 211), (49, 211), (104, 211), (194, 211), (159, 211), (211, 346), (211, 282), (211, 291), (211, 337), (211, 355), (64, 211), (119, 211), (211, 312), (211, 376), (211, 321), (156, 211), (121, 211), (132, 211), (211, 266), (211, 394), (211, 220), (26, 211), (211, 339), (15, 211), (81, 211), (211, 284), (211, 348), (134, 211), (211, 241), (17, 211), (28, 211), (94, 211), (162, 211), (138, 211), (211, 314), (211, 378), (211, 323)}",800,641208,0.16117429733276367
Graph_400_79800_0,400,79800,399,"{(75, 399), (220, 399), (209, 399), (354, 399), (365, 399), (103, 399), (114, 399), (288, 399), (37, 399), (182, 399), (171, 399), (316, 399), (327, 399), (65, 399), (76, 399), (250, 399), (384, 399), (395, 399), (133, 399), (144, 399), (27, 399), (201, 399), (357, 399), (346, 399), (84, 399), (95, 399), (106, 399), (231, 399), (163, 399), (46, 399), (68, 399), (57, 399), (299, 399), (193, 399), (376, 399), (125, 399), (261, 399), (10, 399), (87, 399), (318, 399), (329, 399), (340, 399), (223, 399), (212, 399), (280, 399), (291, 399), (29, 399), (40, 399), (174, 399), (185, 399), (359, 399), (253, 399), (242, 399), (387, 399), (2, 399), (398, 399), (136, 399), (147, 399), (59, 399), (70, 399), (204, 399), (215, 399), (349, 399), (360, 399), (98, 399), (272, 399), (21, 399), (155, 399), (166, 399), (177, 399), (311, 399), (60, 399), (234, 399), (379, 399), (390, 399), (368, 399), (139, 399), (128, 399), (117, 399), (22, 399), (264, 399), (196, 399), (341, 399), (352, 399), (79, 399), (90, 399), (101, 399), (158, 399), (41, 399), (52, 399), (283, 399), (294, 399), (371, 399), (109, 399), (120, 399), (256, 399), (245, 399), (82, 399), (71, 399), (324, 399), (313, 399), (207, 399), (218, 399), (275, 399), (286, 399), (13, 399), (24, 399), (35, 399), (169, 399), (343, 399), (226, 399), (237, 399), (248, 399), (382, 399), (131, 399), (305, 399), (54, 399), (188, 399), (199, 399), (210, 399), (344, 399), (93, 399), (267, 399), (16, 399), (150, 399), (172, 399), (161, 399), (306, 399), (55, 399), (229, 399), (385, 399), (363, 399), (374, 399), (112, 399), (123, 399), (6, 399), (180, 399), (191, 399), (336, 399), (85, 399), (74, 399), (393, 399), (142, 399), (153, 399), (36, 399), (47, 399), (278, 399), (289, 399), (104, 399), (115, 399), (240, 399), (66, 399), (297, 399), (319, 399), (308, 399), (202, 399), (134, 399), (259, 399), (270, 399), (281, 399), (19, 399), (30, 399), (8, 399), (164, 399), (338, 399), (221, 399), (232, 399), (243, 399), (366, 399), (377, 399), (126, 399), (300, 399), (38, 399), (49, 399), (183, 399), (194, 399), (328, 399), (339, 399), (77, 399), (262, 399), (251, 399), (396, 399), (0, 399), (11, 399), (156, 399), (145, 399), (290, 399), (39, 399), (213, 399), (224, 399), (369, 399), (347, 399), (358, 399), (96, 399), (107, 399), (118, 399), (1, 399), (175, 399), (331, 399), (58, 399), (69, 399), (80, 399), (388, 399), (137, 399), (31, 399), (273, 399), (205, 399), (88, 399), (99, 399), (330, 399), (235, 399), (61, 399), (292, 399), (314, 399), (303, 399), (197, 399), (186, 399), (254, 399), (265, 399), (14, 399), (3, 399), (148, 399), (322, 399), (333, 399), (216, 399), (227, 399), (361, 399), (110, 399), (284, 399), (295, 399), (44, 399), (33, 399), (189, 399), (167, 399), (178, 399), (323, 399), (72, 399), (246, 399), (380, 399), (391, 399), (129, 399), (151, 399), (140, 399), (285, 399), (63, 399), (208, 399), (353, 399), (364, 399), (342, 399), (91, 399), (102, 399), (25, 399), (159, 399), (170, 399), (315, 399), (53, 399), (64, 399), (372, 399), (383, 399), (132, 399), (121, 399), (26, 399), (257, 399), (268, 399), (94, 399), (83, 399), (325, 399), (219, 399), (56, 399), (298, 399), (276, 399), (287, 399), (181, 399), (113, 399), (355, 399), (249, 399), (260, 399), (238, 399), (394, 399), (143, 399), (317, 399), (211, 399), (222, 399), (200, 399), (356, 399), (279, 399), (28, 399), (17, 399), (162, 399), (173, 399), (230, 399), (241, 399), (375, 399), (386, 399), (124, 399), (135, 399), (203, 399), (192, 399), (337, 399), (348, 399), (86, 399), (97, 399), (9, 399), (154, 399), (165, 399), (310, 399), (48, 399), (367, 399), (378, 399), (105, 399), (116, 399), (127, 399), (252, 399), (184, 399), (67, 399), (89, 399), (78, 399), (309, 399), (320, 399), (214, 399), (397, 399), (146, 399), (271, 399), (293, 399), (282, 399), (20, 399), (108, 399), (350, 399), (233, 399), (244, 399), (301, 399), (312, 399), (50, 399), (195, 399), (206, 399), (263, 399), (274, 399), (12, 399), (23, 399), (168, 399), (157, 399), (302, 399), (51, 399), (225, 399), (236, 399), (370, 399), (381, 399), (119, 399), (42, 399), (176, 399), (187, 399), (198, 399), (321, 399), (332, 399), (81, 399), (255, 399), (389, 399), (4, 399), (160, 399), (138, 399), (149, 399), (32, 399), (43, 399), (217, 399), (351, 399), (362, 399), (100, 399), (111, 399), (5, 399), (179, 399), (73, 399), (62, 399), (304, 399), (130, 399), (266, 399), (277, 399), (15, 399), (92, 399), (334, 399), (345, 399), (228, 399), (239, 399), (373, 399), (122, 399), (296, 399), (307, 399), (45, 399), (34, 399), (190, 399), (335, 399), (247, 399), (258, 399), (269, 399), (392, 399), (18, 399), (7, 399), (141, 399), (152, 399), (326, 399)}",800,800800,0.2982933521270752
Graph_400_79800_1,400,79800,399,"{(186, 397), (197, 397), (23, 397), (12, 397), (265, 397), (254, 397), (148, 397), (227, 397), (216, 397), (361, 397), (110, 397), (284, 397), (295, 397), (167, 397), (178, 397), (189, 397), (323, 397), (72, 397), (246, 397), (380, 397), (391, 397), (151, 397), (129, 397), (140, 397), (285, 397), (208, 397), (342, 397), (353, 397), (364, 397), (91, 397), (102, 397), (25, 397), (159, 397), (170, 397), (304, 397), (315, 397), (64, 397), (53, 397), (372, 397), (383, 397), (132, 397), (121, 397), (277, 397), (26, 397), (15, 397), (345, 397), (334, 397), (94, 397), (83, 397), (219, 397), (307, 397), (45, 397), (56, 397), (34, 397), (276, 397), (181, 397), (113, 397), (18, 397), (7, 397), (238, 397), (260, 397), (249, 397), (394, 397), (143, 397), (75, 397), (200, 397), (211, 397), (222, 397), (356, 397), (279, 397), (17, 397), (162, 397), (173, 397), (397, 398), (241, 397), (230, 397), (375, 397), (386, 397), (135, 397), (124, 397), (192, 397), (203, 397), (348, 397), (337, 397), (86, 397), (97, 397), (231, 397), (9, 397), (154, 397), (165, 397), (299, 397), (310, 397), (48, 397), (367, 397), (378, 397), (116, 397), (127, 397), (105, 397), (261, 397), (10, 397), (184, 397), (318, 397), (329, 397), (340, 397), (89, 397), (67, 397), (78, 397), (214, 397), (146, 397), (40, 397), (29, 397), (271, 397), (359, 397), (108, 397), (2, 397), (244, 397), (233, 397), (59, 397), (70, 397), (301, 397), (195, 397), (206, 397), (263, 397), (274, 397), (157, 397), (168, 397), (302, 397), (51, 397), (225, 397), (236, 397), (370, 397), (381, 397), (119, 397), (264, 397), (42, 397), (187, 397), (198, 397), (176, 397), (332, 397), (321, 397), (81, 397), (255, 397), (389, 397), (4, 397), (160, 397), (138, 397), (149, 397), (294, 397), (283, 397), (32, 397), (43, 397), (217, 397), (362, 397), (351, 397), (100, 397), (111, 397), (256, 397), (5, 397), (179, 397), (313, 397), (324, 397), (62, 397), (73, 397), (130, 397), (35, 397), (24, 397), (13, 397), (266, 397), (343, 397), (92, 397), (228, 397), (239, 397), (373, 397), (122, 397), (54, 397), (296, 397), (190, 397), (335, 397), (269, 397), (247, 397), (258, 397), (392, 397), (141, 397), (152, 397), (326, 397), (209, 397), (220, 397), (354, 397), (365, 397), (103, 397), (114, 397), (288, 397), (37, 397), (171, 397), (182, 397), (327, 397), (316, 397), (65, 397), (76, 397), (250, 397), (384, 397), (395, 397), (144, 397), (133, 397), (278, 397), (289, 397), (27, 397), (201, 397), (357, 397), (346, 397), (106, 397), (84, 397), (95, 397), (163, 397), (297, 397), (308, 397), (319, 397), (46, 397), (57, 397), (68, 397), (193, 397), (376, 397), (125, 397), (19, 397), (8, 397), (30, 397), (338, 397), (87, 397), (212, 397), (223, 397), (49, 397), (38, 397), (280, 397), (291, 397), (174, 397), (185, 397), (242, 397), (253, 397), (387, 397), (136, 397), (147, 397), (204, 397), (215, 397), (349, 397), (360, 397), (98, 397), (272, 397), (21, 397), (177, 397), (166, 397), (155, 397), (311, 397), (60, 397), (234, 397), (368, 397), (379, 397), (390, 397), (117, 397), (128, 397), (139, 397), (273, 397), (22, 397), (196, 397), (330, 397), (341, 397), (352, 397), (90, 397), (101, 397), (79, 397), (158, 397), (303, 397), (292, 397), (314, 397), (52, 397), (41, 397), (371, 397), (109, 397), (120, 397), (14, 397), (3, 397), (245, 397), (322, 397), (333, 397), (71, 397), (82, 397), (218, 397), (207, 397), (33, 397), (44, 397), (275, 397), (286, 397), (169, 397), (226, 397), (237, 397), (248, 397), (382, 397), (131, 397), (63, 397), (305, 397), (188, 397), (199, 397), (210, 397), (344, 397), (93, 397), (267, 397), (16, 397), (150, 397), (161, 397), (172, 397), (306, 397), (55, 397), (229, 397), (363, 397), (374, 397), (385, 397), (397, 399), (123, 397), (112, 397), (257, 397), (268, 397), (6, 397), (180, 397), (191, 397), (325, 397), (336, 397), (74, 397), (85, 397), (393, 397), (142, 397), (153, 397), (287, 397), (298, 397), (36, 397), (47, 397), (355, 397), (104, 397), (115, 397), (240, 397), (317, 397), (66, 397), (202, 397), (134, 397), (28, 397), (259, 397), (270, 397), (281, 397), (164, 397), (221, 397), (243, 397), (232, 397), (366, 397), (377, 397), (126, 397), (300, 397), (194, 397), (183, 397), (328, 397), (339, 397), (77, 397), (251, 397), (262, 397), (396, 397), (0, 397), (11, 397), (145, 397), (156, 397), (290, 397), (39, 397), (213, 397), (224, 397), (369, 397), (347, 397), (358, 397), (96, 397), (107, 397), (118, 397), (252, 397), (1, 397), (61, 397), (175, 397), (320, 397), (331, 397), (309, 397), (69, 397), (58, 397), (80, 397), (388, 397), (137, 397), (293, 397), (282, 397), (31, 397), (20, 397), (205, 397), (350, 397), (88, 397), (99, 397), (235, 397), (312, 397), (50, 397)}",800,800800,0.26062440872192383
Graph_450_12629_0,450,12629,36,"{(81, 323), (71, 81), (81, 140), (73, 81), (81, 152), (64, 81), (81, 283), (81, 402), (81, 280), (81, 347), (81, 115), (81, 298), (81, 121), (81, 307), (81, 127), (81, 432), (81, 429), (81, 380), (81, 145), (48, 81), (81, 447), (81, 105), (81, 398), (37, 81), (50, 81), (81, 181), (81, 129), (81, 434), (81, 306), (81, 437), (81, 333), (81, 278), (45, 81), (81, 107), (58, 81), (81, 317)}",900,306232,0.06528258323669434
Graph_450_12629_1,450,12629,40,"{(314, 354), (314, 360), (92, 314), (4, 314), (83, 314), (213, 314), (149, 314), (107, 314), (76, 314), (314, 384), (314, 448), (314, 335), (314, 344), (23, 314), (111, 314), (314, 417), (296, 314), (47, 314), (60, 314), (302, 314), (181, 314), (313, 314), (300, 314), (73, 314), (106, 314), (178, 314), (150, 314), (183, 314), (280, 314), (306, 314), (238, 314), (141, 314), (264, 314), (218, 314), (314, 385), (262, 314), (295, 314), (297, 314), (26, 314), (211, 314)}",1800,612914,0.1376814842224121
Graph_450_25257_0,450,25257,83,"{(81, 140), (73, 81), (22, 81), (81, 112), (81, 432), (81, 142), (81, 206), (81, 325), (81, 398), (81, 105), (37, 81), (81, 352), (81, 434), (81, 263), (81, 153), (14, 81), (81, 235), (81, 354), (81, 409), (58, 81), (71, 81), (81, 283), (81, 402), (81, 347), (81, 121), (81, 194), (81, 203), (48, 81), (81, 331), (81, 404), (50, 81), (81, 178), (81, 123), (81, 306), (81, 388), (81, 333), (81, 278), (81, 406), (81, 107), (51, 81), (81, 116), (81, 317), (81, 445), (81, 271), (81, 335), (81, 408), (81, 301), (81, 127), (81, 429), (81, 319), (81, 145), (81, 447), (59, 81), (81, 166), (81, 111), (81, 129), (81, 131), (81, 323), (81, 152), (64, 81), (81, 280), (81, 106), (81, 115), (81, 298), (81, 307), (0, 81), (66, 81), (81, 380), (81, 389), (81, 154), (81, 282), (81, 181), (81, 309), (32, 81), (81, 437), (81, 382), (81, 446), (81, 211), (81, 275), (81, 339), (45, 81), (81, 403), (81, 348)}",900,407256,0.1252148151397705
Graph_450_25257_1,450,25257,86,"{(35, 143), (35, 88), (35, 216), (35, 161), (35, 179), (35, 298), (35, 426), (35, 264), (35, 337), (35, 163), (35, 282), (35, 355), (35, 421), (35, 366), (14, 35), (35, 149), (35, 387), (35, 332), (35, 277), (16, 35), (35, 396), (35, 252), (35, 87), (35, 444), (35, 270), (35, 334), (35, 398), (35, 126), (35, 318), (35, 144), (35, 391), (35, 336), (35, 345), (35, 46), (35, 55), (12, 35), (35, 64), (35, 247), (35, 73), (35, 311), (27, 35), (35, 256), (35, 274), (25, 35), (35, 283), (29, 35), (35, 411), (35, 240), (35, 185), (35, 304), (35, 249), (35, 368), (35, 267), (35, 331), (35, 50), (35, 59), (35, 297), (4, 35), (35, 68), (35, 379), (35, 205), (35, 98), (35, 235), (35, 70), (35, 189), (35, 363), (35, 427), (35, 372), (35, 100), (35, 219), (35, 109), (35, 301), (35, 127), (35, 255), (35, 374), (35, 438), (0, 35), (35, 221), (35, 47), (35, 56), (35, 422), (35, 248), (35, 257), (35, 385), (35, 287), (35, 406)}",1350,611109,0.14615106582641602
Graph_450_50513_0,450,50513,175,"{(189, 265), (189, 274), (189, 338), (189, 402), (171, 189), (189, 356), (10, 189), (189, 420), (65, 189), (76, 189), (189, 374), (63, 189), (189, 203), (189, 267), (133, 189), (189, 340), (189, 285), (189, 404), (189, 294), (148, 189), (189, 303), (189, 431), (189, 196), (95, 189), (189, 260), (172, 189), (189, 324), (189, 269), (189, 214), (189, 278), (189, 397), (189, 223), (189, 342), (189, 287), (189, 232), (189, 296), (189, 415), (108, 189), (46, 189), (57, 189), (189, 317), (72, 189), (189, 262), (189, 326), (189, 390), (4, 189), (125, 189), (180, 189), (189, 408), (85, 189), (151, 189), (140, 189), (189, 246), (189, 200), (189, 383), (87, 189), (142, 189), (189, 447), (189, 392), (189, 218), (36, 189), (102, 189), (189, 346), (49, 189), (38, 189), (104, 189), (159, 189), (189, 202), (189, 440), (189, 266), (189, 211), (119, 189), (189, 449), (189, 394), (174, 189), (189, 275), (189, 284), (189, 412), (11, 189), (66, 189), (121, 189), (189, 241), (176, 189), (189, 250), (189, 314), (189, 259), (189, 378), (189, 204), (189, 442), (189, 387), (189, 332), (189, 396), (189, 405), (28, 189), (94, 189), (83, 189), (160, 189), (149, 189), (189, 234), (43, 189), (189, 362), (164, 189), (189, 371), (189, 261), (189, 325), (189, 444), (189, 334), (34, 189), (45, 189), (56, 189), (111, 189), (177, 189), (5, 189), (189, 227), (126, 189), (189, 236), (189, 355), (189, 245), (189, 364), (189, 190), (189, 373), (189, 199), (189, 318), (7, 189), (117, 189), (139, 189), (189, 446), (143, 189), (130, 189), (189, 357), (189, 421), (35, 189), (24, 189), (79, 189), (90, 189), (145, 189), (156, 189), (189, 366), (189, 430), (39, 189), (189, 329), (189, 448), (158, 189), (189, 222), (189, 350), (189, 414), (162, 189), (189, 359), (189, 249), (122, 189), (189, 322), (54, 189), (189, 215), (14, 189), (80, 189), (189, 352), (189, 416), (189, 251), (189, 370), (189, 434), (82, 189), (189, 379), (137, 189), (189, 208), (189, 272), (189, 281), (189, 244), (189, 308), (154, 189), (165, 189), (189, 372), (189, 427), (189, 436), (48, 189), (169, 189)}",900,609304,0.1589674949645996
Graph_450_50513_1,450,50513,195,"{(243, 300), (243, 364), (243, 309), (243, 373), (243, 318), (75, 243), (243, 382), (243, 391), (24, 243), (11, 243), (90, 243), (13, 243), (156, 243), (243, 336), (243, 400), (39, 243), (243, 293), (243, 366), (243, 311), (213, 243), (243, 256), (243, 375), (41, 243), (52, 243), (96, 243), (243, 265), (118, 243), (243, 329), (175, 243), (241, 243), (243, 359), (3, 243), (69, 243), (80, 243), (124, 243), (135, 243), (243, 423), (243, 432), (190, 243), (243, 322), (243, 441), (243, 386), (243, 331), (31, 243), (7, 243), (141, 243), (231, 243), (243, 416), (218, 243), (243, 434), (205, 243), (243, 443), (9, 243), (99, 243), (154, 243), (209, 243), (48, 243), (243, 345), (243, 290), (243, 354), (243, 299), (243, 418), (243, 363), (243, 427), (243, 372), (37, 243), (182, 243), (171, 243), (226, 243), (10, 243), (65, 243), (76, 243), (243, 274), (243, 338), (243, 347), (89, 243), (243, 301), (144, 243), (243, 365), (78, 243), (243, 246), (243, 429), (243, 438), (214, 243), (201, 243), (243, 276), (29, 243), (16, 243), (243, 404), (150, 243), (161, 243), (243, 294), (243, 413), (243, 358), (55, 243), (243, 422), (163, 243), (46, 243), (68, 243), (57, 243), (123, 243), (178, 243), (233, 243), (6, 243), (243, 287), (243, 415), (243, 360), (243, 424), (70, 243), (243, 433), (191, 243), (19, 243), (8, 243), (85, 243), (30, 243), (151, 243), (129, 243), (195, 243), (243, 280), (243, 289), (243, 408), (243, 353), (63, 243), (153, 243), (91, 243), (157, 243), (212, 243), (243, 255), (243, 319), (243, 392), (38, 243), (49, 243), (243, 282), (243, 401), (170, 243), (243, 346), (236, 243), (225, 243), (53, 243), (119, 243), (243, 419), (174, 243), (185, 243), (243, 312), (243, 257), (121, 243), (132, 243), (187, 243), (243, 385), (243, 449), (176, 243), (198, 243), (26, 243), (15, 243), (243, 284), (81, 243), (243, 339), (243, 421), (134, 243), (83, 243), (94, 243), (215, 243), (243, 259), (243, 378), (43, 243), (243, 442), (164, 243), (243, 332), (243, 277), (243, 396), (243, 341), (243, 350), (243, 414), (56, 243), (21, 243), (100, 243), (177, 243), (166, 243), (232, 243), (5, 243), (60, 243), (243, 435), (243, 261), (243, 380), (243, 325), (243, 444), (243, 270), (243, 389), (243, 334), (113, 243), (179, 243), (243, 398), (234, 243), (73, 243), (117, 243)}",1350,914181,0.22961115837097168
Graph_450_75769_0,450,75769,306,"{(96, 104), (96, 223), (96, 287), (25, 96), (96, 113), (96, 351), (96, 177), (96, 232), (96, 122), (96, 296), (96, 360), (96, 186), (64, 96), (96, 424), (53, 96), (96, 369), (96, 195), (96, 305), (96, 259), (96, 323), (96, 442), (96, 387), (66, 96), (42, 96), (96, 97), (96, 216), (96, 161), (96, 106), (96, 170), (2, 96), (15, 96), (96, 234), (96, 353), (96, 179), (96, 298), (96, 417), (96, 243), (96, 362), (96, 426), (96, 252), (96, 371), (96, 316), (96, 435), (96, 380), (96, 444), (96, 389), (83, 96), (94, 96), (4, 96), (96, 145), (96, 154), (43, 96), (8, 96), (96, 99), (96, 218), (96, 163), (96, 346), (96, 117), (96, 410), (96, 181), (96, 419), (96, 245), (96, 309), (96, 254), (45, 96), (34, 96), (96, 373), (96, 382), (96, 446), (5, 96), (60, 96), (96, 147), (96, 211), (96, 156), (96, 339), (96, 165), (96, 284), (96, 110), (96, 403), (96, 348), (96, 174), (96, 293), (96, 412), (96, 238), (96, 357), (62, 96), (38, 96), (96, 302), (73, 96), (96, 119), (96, 247), (96, 311), (96, 366), (96, 421), (96, 375), (77, 96), (96, 140), (96, 204), (75, 96), (96, 268), (96, 213), (96, 277), (96, 103), (35, 96), (0, 96), (79, 96), (90, 96), (96, 405), (11, 96), (24, 96), (96, 112), (96, 167), (96, 176), (96, 359), (96, 231), (96, 240), (96, 295), (96, 368), (96, 432), (96, 133), (92, 96), (96, 142), (96, 206), (41, 96), (17, 96), (96, 270), (96, 215), (96, 334), (96, 160), (96, 279), (96, 105), (96, 398), (96, 343), (96, 169), (96, 233), (96, 352), (96, 416), (96, 315), (96, 425), (96, 434), (96, 126), (96, 190), (14, 96), (96, 135), (58, 96), (69, 96), (80, 96), (96, 263), (96, 327), (96, 153), (96, 98), (96, 217), (96, 336), (96, 391), (96, 400), (96, 226), (96, 290), (71, 96), (82, 96), (96, 299), (96, 418), (96, 363), (18, 96), (7, 96), (96, 128), (96, 256), (96, 320), (96, 146), (96, 265), (96, 329), (96, 448), (96, 274), (96, 393), (96, 219), (9, 96), (88, 96), (96, 164), (96, 402), (96, 228), (96, 347), (96, 292), (96, 411), (96, 356), (13, 96), (96, 420), (96, 121), (96, 130), (96, 313), (96, 139), (96, 258), (96, 203), (50, 96), (61, 96), (96, 267), (96, 386), (96, 148), (96, 331), (96, 441), (96, 276), (96, 221), (65, 96), (76, 96), (96, 123), (96, 242), (96, 187), (96, 306), (96, 132), (54, 96), (96, 251), (96, 370), (67, 96), (78, 96), (89, 96), (96, 379), (96, 260), (27, 96), (96, 443), (3, 96), (96, 388), (93, 96), (96, 214), (96, 269), (96, 278), (96, 397), (96, 406), (96, 107), (96, 171), (40, 96), (16, 96), (84, 96), (95, 96), (96, 235), (96, 244), (96, 189), (96, 134), (96, 253), (96, 372), (96, 198), (96, 317), (96, 143), (96, 262), (96, 341), (96, 207), (96, 326), (96, 445), (96, 271), (96, 381), (96, 436), (96, 335), (96, 399), (96, 344), (57, 96), (33, 96), (46, 96), (68, 96), (96, 100), (96, 109), (96, 173), (96, 118), (72, 96), (96, 237), (96, 301), (96, 246), (96, 365), (96, 310), (96, 429), (96, 255), (96, 374), (96, 200), (70, 96), (96, 136), (96, 264), (96, 438), (96, 209), (96, 447), (30, 96), (96, 392), (74, 96), (85, 96), (96, 401), (96, 102), (96, 166), (96, 111), (96, 230), (96, 175), (96, 358), (87, 96), (96, 422), (96, 248), (96, 367), (96, 193), (96, 312), (96, 431), (96, 257), (96, 303), (47, 96), (36, 96), (96, 440), (96, 202), (96, 385), (96, 266), (96, 330), (96, 321), (96, 376), (96, 394), (51, 96)}",900,811352,0.22210144996643066
Graph_450_75769_1,450,75769,309,"{(201, 386), (201, 395), (201, 413), (180, 201), (191, 201), (74, 201), (85, 201), (201, 251), (201, 260), (201, 269), (153, 201), (201, 287), (47, 201), (36, 201), (181, 201), (201, 381), (104, 201), (115, 201), (201, 390), (201, 399), (201, 408), (201, 246), (201, 255), (201, 282), (134, 201), (17, 201), (28, 201), (201, 367), (201, 376), (201, 385), (201, 394), (201, 232), (126, 201), (201, 250), (201, 259), (201, 268), (194, 201), (183, 201), (77, 201), (201, 353), (9, 201), (201, 371), (201, 380), (145, 201), (156, 201), (201, 389), (201, 227), (201, 245), (107, 201), (118, 201), (201, 348), (80, 201), (201, 357), (201, 366), (201, 375), (201, 384), (201, 213), (20, 201), (201, 231), (201, 249), (88, 201), (99, 201), (201, 334), (201, 343), (50, 201), (201, 361), (201, 370), (201, 208), (201, 217), (23, 201), (201, 226), (201, 235), (148, 201), (201, 329), (201, 338), (201, 347), (110, 201), (201, 356), (201, 365), (42, 201), (201, 203), (201, 230), (4, 201), (151, 201), (129, 201), (201, 315), (201, 333), (201, 342), (201, 351), (91, 201), (201, 445), (159, 201), (170, 201), (201, 216), (64, 201), (53, 201), (201, 310), (132, 201), (121, 201), (26, 201), (201, 328), (201, 337), (201, 346), (83, 201), (94, 201), (201, 202), (201, 440), (201, 211), (201, 449), (45, 201), (190, 201), (201, 305), (201, 314), (201, 323), (18, 201), (143, 201), (75, 201), (201, 435), (201, 444), (200, 201), (37, 201), (201, 300), (201, 309), (201, 318), (201, 421), (201, 430), (201, 439), (201, 448), (192, 201), (86, 201), (201, 277), (201, 313), (165, 201), (48, 201), (193, 201), (201, 398), (201, 407), (105, 201), (201, 425), (10, 201), (201, 272), (184, 201), (201, 281), (67, 201), (89, 201), (78, 201), (201, 290), (201, 299), (146, 201), (40, 201), (201, 393), (201, 402), (201, 411), (201, 420), (108, 201), (201, 258), (201, 276), (201, 294), (59, 201), (201, 379), (201, 388), (21, 201), (201, 397), (201, 406), (157, 201), (201, 253), (201, 262), (201, 271), (201, 280), (119, 201), (123, 201), (187, 201), (198, 201), (201, 383), (201, 392), (201, 401), (201, 410), (138, 201), (149, 201), (201, 239), (201, 248), (43, 201), (32, 201), (201, 257), (201, 266), (201, 275), (111, 201), (201, 369), (201, 378), (179, 201), (201, 396), (73, 201), (201, 225), (130, 201), (201, 252), (13, 201), (35, 201), (24, 201), (201, 261), (92, 201), (201, 355), (201, 373), (201, 382), (122, 201), (201, 391), (201, 220), (201, 229), (201, 238), (201, 256), (16, 201), (141, 201), (201, 341), (152, 201), (201, 350), (201, 359), (103, 201), (201, 206), (201, 215), (201, 224), (201, 233), (201, 242), (171, 201), (65, 201), (201, 345), (201, 354), (95, 201), (106, 201), (84, 201), (201, 228), (201, 237), (163, 201), (57, 201), (68, 201), (46, 201), (201, 331), (201, 340), (125, 201), (19, 201), (201, 205), (201, 214), (87, 201), (201, 308), (49, 201), (38, 201), (201, 335), (201, 344), (174, 201), (0, 201), (11, 201), (201, 447), (147, 201), (201, 303), (201, 312), (98, 201), (201, 321), (201, 339), (155, 201), (177, 201), (60, 201), (201, 424), (201, 433), (201, 204), (117, 201), (139, 201), (22, 201), (201, 289), (201, 307), (196, 201), (101, 201), (90, 201), (79, 201), (201, 325), (158, 201), (201, 419), (41, 201), (186, 201), (197, 201), (201, 437), (120, 201), (3, 201), (14, 201), (201, 302), (71, 201), (82, 201), (201, 405), (201, 423), (44, 201), (201, 441), (169, 201), (201, 270), (201, 279), (201, 288), (201, 297), (201, 306), (131, 201), (63, 201), (201, 400), (188, 201), (199, 201), (201, 418), (201, 427), (201, 436), (25, 201), (172, 201), (150, 201), (161, 201), (201, 283), (55, 201), (112, 201)}",1350,1217253,0.27721166610717773
Graph_450_101025_0,450,101025,449,"{(299, 445), (310, 445), (444, 445), (48, 445), (193, 445), (378, 445), (367, 445), (105, 445), (127, 445), (116, 445), (261, 445), (10, 445), (184, 445), (340, 445), (318, 445), (329, 445), (67, 445), (89, 445), (78, 445), (212, 445), (223, 445), (397, 445), (146, 445), (280, 445), (291, 445), (40, 445), (29, 445), (185, 445), (427, 445), (359, 445), (108, 445), (253, 445), (242, 445), (2, 445), (59, 445), (70, 445), (215, 445), (272, 445), (21, 445), (408, 445), (419, 445), (168, 445), (157, 445), (302, 445), (51, 445), (225, 445), (370, 445), (381, 445), (119, 445), (264, 445), (438, 445), (176, 445), (187, 445), (198, 445), (321, 445), (332, 445), (81, 445), (255, 445), (389, 445), (400, 445), (138, 445), (149, 445), (160, 445), (283, 445), (294, 445), (32, 445), (43, 445), (217, 445), (362, 445), (351, 445), (111, 445), (100, 445), (256, 445), (245, 445), (5, 445), (430, 445), (179, 445), (313, 445), (324, 445), (62, 445), (73, 445), (207, 445), (218, 445), (130, 445), (286, 445), (275, 445), (13, 445), (24, 445), (35, 445), (411, 445), (445, 447), (343, 445), (92, 445), (237, 445), (226, 445), (248, 445), (373, 445), (122, 445), (305, 445), (54, 445), (210, 445), (441, 445), (335, 445), (267, 445), (16, 445), (392, 445), (403, 445), (141, 445), (152, 445), (209, 445), (354, 445), (365, 445), (114, 445), (103, 445), (422, 445), (433, 445), (171, 445), (182, 445), (316, 445), (327, 445), (65, 445), (76, 445), (445, 446), (250, 445), (384, 445), (395, 445), (133, 445), (144, 445), (278, 445), (289, 445), (27, 445), (201, 445), (346, 445), (357, 445), (106, 445), (84, 445), (95, 445), (240, 445), (414, 445), (163, 445), (308, 445), (319, 445), (297, 445), (57, 445), (68, 445), (46, 445), (202, 445), (376, 445), (125, 445), (281, 445), (259, 445), (270, 445), (8, 445), (19, 445), (30, 445), (406, 445), (338, 445), (87, 445), (221, 445), (232, 445), (243, 445), (300, 445), (38, 445), (49, 445), (425, 445), (436, 445), (174, 445), (262, 445), (251, 445), (0, 445), (11, 445), (387, 445), (398, 445), (147, 445), (136, 445), (204, 445), (349, 445), (360, 445), (98, 445), (417, 445), (428, 445), (166, 445), (155, 445), (177, 445), (311, 445), (60, 445), (234, 445), (379, 445), (368, 445), (390, 445), (139, 445), (117, 445), (128, 445), (273, 445), (22, 445), (196, 445), (330, 445), (352, 445), (341, 445), (90, 445), (79, 445), (101, 445), (235, 445), (409, 445), (158, 445), (292, 445), (303, 445), (314, 445), (52, 445), (41, 445), (186, 445), (197, 445), (371, 445), (109, 445), (120, 445), (254, 445), (265, 445), (14, 445), (3, 445), (322, 445), (333, 445), (82, 445), (71, 445), (227, 445), (216, 445), (284, 445), (295, 445), (44, 445), (33, 445), (431, 445), (420, 445), (169, 445), (246, 445), (382, 445), (131, 445), (63, 445), (439, 445), (188, 445), (199, 445), (344, 445), (93, 445), (25, 445), (412, 445), (401, 445), (423, 445), (150, 445), (161, 445), (172, 445), (306, 445), (55, 445), (229, 445), (385, 445), (363, 445), (374, 445), (112, 445), (123, 445), (268, 445), (257, 445), (6, 445), (442, 445), (180, 445), (191, 445), (325, 445), (336, 445), (85, 445), (74, 445), (219, 445), (393, 445), (404, 445), (142, 445), (153, 445), (276, 445), (298, 445), (287, 445), (36, 445), (47, 445), (181, 445), (355, 445), (104, 445), (115, 445), (238, 445), (260, 445), (249, 445), (317, 445), (66, 445), (200, 445), (211, 445), (222, 445), (134, 445), (279, 445), (17, 445), (28, 445), (415, 445), (164, 445), (241, 445), (366, 445), (377, 445), (126, 445), (434, 445), (183, 445), (194, 445), (328, 445), (339, 445), (77, 445), (9, 445), (407, 445), (396, 445), (145, 445), (156, 445), (290, 445), (39, 445), (213, 445), (224, 445), (416, 445), (347, 445), (358, 445), (369, 445), (107, 445), (96, 445), (118, 445), (252, 445), (1, 445), (154, 445), (445, 449), (426, 445), (175, 445), (309, 445), (320, 445), (331, 445), (58, 445), (69, 445), (80, 445), (214, 445), (388, 445), (137, 445), (271, 445), (293, 445), (282, 445), (20, 445), (31, 445), (205, 445), (350, 445), (99, 445), (88, 445), (233, 445), (244, 445), (301, 445), (312, 445), (50, 445), (61, 445), (195, 445), (206, 445), (437, 445), (263, 445), (274, 445), (12, 445), (23, 445), (399, 445), (410, 445), (148, 445), (236, 445), (445, 448), (361, 445), (110, 445), (42, 445), (440, 445), (418, 445), (429, 445), (178, 445), (167, 445), (189, 445), (323, 445), (72, 445), (4, 445), (380, 445), (391, 445), (402, 445), (151, 445), (129, 445), (140, 445), (285, 445), (208, 445), (342, 445), (353, 445), (364, 445), (91, 445), (102, 445), (421, 445), (159, 445), (170, 445), (315, 445), (304, 445), (53, 445), (64, 445), (383, 445), (372, 445), (132, 445), (121, 445), (277, 445), (266, 445), (15, 445), (26, 445), (334, 445), (345, 445), (94, 445), (83, 445), (228, 445), (239, 445), (307, 445), (296, 445), (34, 445), (56, 445), (45, 445), (190, 445), (432, 445), (113, 445), (247, 445), (258, 445), (269, 445), (7, 445), (18, 445), (394, 445), (143, 445), (326, 445), (75, 445), (220, 445), (356, 445), (288, 445), (37, 445), (413, 445), (424, 445), (435, 445), (162, 445), (173, 445), (230, 445), (375, 445), (386, 445), (124, 445), (135, 445), (443, 445), (192, 445), (203, 445), (337, 445), (348, 445), (97, 445), (86, 445), (231, 445), (405, 445), (165, 445)}",900,1013400,0.2778158187866211
Graph_450_101025_1,450,101025,449,"{(322, 447), (333, 447), (71, 447), (82, 447), (207, 447), (218, 447), (295, 447), (44, 447), (33, 447), (420, 447), (431, 447), (169, 447), (226, 447), (237, 447), (248, 447), (382, 447), (131, 447), (63, 447), (439, 447), (188, 447), (199, 447), (210, 447), (344, 447), (93, 447), (25, 447), (267, 447), (401, 447), (412, 447), (423, 447), (150, 447), (161, 447), (172, 447), (306, 447), (55, 447), (229, 447), (363, 447), (385, 447), (374, 447), (123, 447), (112, 447), (257, 447), (268, 447), (6, 447), (442, 447), (180, 447), (191, 447), (325, 447), (336, 447), (74, 447), (85, 447), (219, 447), (393, 447), (404, 447), (142, 447), (153, 447), (287, 447), (276, 447), (298, 447), (36, 447), (47, 447), (355, 447), (104, 447), (115, 447), (260, 447), (249, 447), (317, 447), (66, 447), (202, 447), (134, 447), (279, 447), (17, 447), (28, 447), (415, 447), (164, 447), (243, 447), (221, 447), (232, 447), (366, 447), (377, 447), (126, 447), (434, 447), (445, 447), (183, 447), (194, 447), (328, 447), (339, 447), (77, 447), (251, 447), (262, 447), (396, 447), (407, 447), (145, 447), (156, 447), (290, 447), (39, 447), (213, 447), (224, 447), (347, 447), (358, 447), (369, 447), (118, 447), (96, 447), (107, 447), (252, 447), (1, 447), (426, 447), (175, 447), (320, 447), (309, 447), (331, 447), (58, 447), (80, 447), (69, 447), (214, 447), (388, 447), (137, 447), (282, 447), (293, 447), (271, 447), (20, 447), (31, 447), (205, 447), (350, 447), (88, 447), (99, 447), (244, 447), (312, 447), (301, 447), (50, 447), (61, 447), (437, 447), (186, 447), (197, 447), (274, 447), (23, 447), (12, 447), (399, 447), (410, 447), (148, 447), (216, 447), (227, 447), (361, 447), (110, 447), (42, 447), (284, 447), (429, 447), (440, 447), (418, 447), (167, 447), (178, 447), (189, 447), (323, 447), (72, 447), (246, 447), (380, 447), (391, 447), (402, 447), (151, 447), (129, 447), (140, 447), (285, 447), (208, 447), (353, 447), (342, 447), (364, 447), (91, 447), (102, 447), (421, 447), (159, 447), (170, 447), (304, 447), (315, 447), (53, 447), (64, 447), (383, 447), (372, 447), (121, 447), (132, 447), (277, 447), (266, 447), (15, 447), (26, 447), (334, 447), (345, 447), (94, 447), (83, 447), (239, 447), (296, 447), (307, 447), (34, 447), (45, 447), (56, 447), (432, 447), (181, 447), (113, 447), (269, 447), (7, 447), (18, 447), (238, 447), (394, 447), (143, 447), (326, 447), (75, 447), (200, 447), (211, 447), (222, 447), (356, 447), (37, 447), (424, 447), (435, 447), (413, 447), (447, 449), (162, 447), (173, 447), (241, 447), (230, 447), (375, 447), (386, 447), (124, 447), (135, 447), (443, 447), (203, 447), (192, 447), (337, 447), (348, 447), (86, 447), (97, 447), (231, 447), (405, 447), (9, 447), (416, 447), (165, 447), (154, 447), (299, 447), (310, 447), (48, 447), (193, 447), (378, 447), (367, 447), (105, 447), (116, 447), (127, 447), (261, 447), (10, 447), (184, 447), (318, 447), (340, 447), (329, 447), (67, 447), (89, 447), (78, 447), (397, 447), (146, 447), (280, 447), (291, 447), (40, 447), (29, 447), (427, 447), (359, 447), (108, 447), (2, 447), (233, 447), (59, 447), (70, 447), (446, 447), (195, 447), (206, 447), (21, 447), (263, 447), (419, 447), (408, 447), (168, 447), (157, 447), (302, 447), (51, 447), (225, 447), (236, 447), (370, 447), (381, 447), (119, 447), (264, 447), (438, 447), (176, 447), (187, 447), (198, 447), (321, 447), (332, 447), (81, 447), (255, 447), (389, 447), (400, 447), (4, 447), (138, 447), (149, 447), (160, 447), (294, 447), (283, 447), (32, 447), (43, 447), (217, 447), (351, 447), (362, 447), (100, 447), (111, 447), (245, 447), (256, 447), (5, 447), (430, 447), (179, 447), (313, 447), (324, 447), (73, 447), (62, 447), (130, 447), (275, 447), (286, 447), (13, 447), (24, 447), (35, 447), (411, 447), (343, 447), (92, 447), (228, 447), (373, 447), (122, 447), (305, 447), (54, 447), (441, 447), (190, 447), (335, 447), (16, 447), (258, 447), (247, 447), (392, 447), (403, 447), (141, 447), (152, 447), (209, 447), (220, 447), (365, 447), (354, 447), (103, 447), (114, 447), (288, 447), (422, 447), (433, 447), (171, 447), (182, 447), (316, 447), (327, 447), (65, 447), (76, 447), (250, 447), (384, 447), (395, 447), (144, 447), (133, 447), (289, 447), (278, 447), (27, 447), (201, 447), (346, 447), (357, 447), (106, 447), (84, 447), (95, 447), (240, 447), (414, 447), (163, 447), (297, 447), (308, 447), (319, 447), (68, 447), (46, 447), (57, 447), (444, 447), (376, 447), (125, 447), (259, 447), (270, 447), (281, 447), (8, 447), (30, 447), (19, 447), (406, 447), (338, 447), (87, 447), (223, 447), (212, 447), (447, 448), (300, 447), (38, 447), (49, 447), (425, 447), (436, 447), (174, 447), (185, 447), (0, 447), (11, 447), (253, 447), (242, 447), (387, 447), (398, 447), (136, 447), (147, 447), (204, 447), (215, 447), (360, 447), (349, 447), (98, 447), (272, 447), (417, 447), (428, 447), (155, 447), (166, 447), (177, 447), (311, 447), (60, 447), (234, 447), (368, 447), (379, 447), (390, 447), (139, 447), (117, 447), (128, 447), (273, 447), (22, 447), (196, 447), (330, 447), (341, 447), (352, 447), (79, 447), (101, 447), (90, 447), (235, 447), (409, 447), (158, 447), (314, 447), (292, 447), (303, 447), (41, 447), (52, 447), (371, 447), (109, 447), (120, 447), (254, 447), (265, 447), (3, 447), (14, 447)}",900,1013400,0.32350921630859375
Graph_500_15594_0,500,15594,41,"{(81, 140), (81, 91), (81, 204), (77, 81), (81, 332), (64, 81), (81, 152), (81, 347), (81, 286), (81, 292), (81, 115), (81, 475), (81, 173), (81, 298), (81, 484), (81, 182), (81, 121), (81, 127), (81, 301), (81, 185), (81, 426), (81, 136), (81, 380), (81, 145), (81, 105), (81, 398), (81, 465), (70, 81), (50, 81), (81, 489), (65, 81), (81, 376), (81, 205), (81, 333), (81, 275), (45, 81), (81, 409), (81, 354), (58, 81), (81, 485), (81, 192)}",1500,566878,0.1456918716430664
Graph_500_15594_1,500,15594,40,"{(96, 345), (96, 110), (96, 290), (96, 119), (96, 351), (40, 96), (96, 232), (95, 96), (96, 418), (96, 360), (96, 494), (77, 96), (96, 137), (96, 442), (66, 96), (42, 96), (96, 216), (96, 112), (15, 96), (13, 96), (96, 414), (96, 298), (72, 96), (96, 121), (96, 263), (17, 96), (96, 215), (96, 465), (96, 163), (96, 349), (96, 413), (96, 111), (96, 245), (21, 96), (96, 318), (47, 96), (80, 96), (96, 324), (60, 96), (93, 96)}",1500,566878,0.1448349952697754
Graph_500_31188_0,500,31188,99,"{(437, 452), (362, 437), (56, 437), (417, 437), (177, 437), (166, 437), (243, 437), (432, 437), (179, 437), (234, 437), (368, 437), (437, 454), (117, 437), (194, 437), (328, 437), (339, 437), (22, 437), (262, 437), (396, 437), (90, 437), (145, 437), (222, 437), (437, 447), (211, 437), (213, 437), (224, 437), (347, 437), (334, 437), (413, 437), (424, 437), (107, 437), (1, 437), (437, 440), (122, 437), (437, 449), (230, 437), (437, 442), (388, 437), (437, 451), (337, 437), (20, 437), (392, 437), (97, 437), (152, 437), (273, 437), (405, 437), (416, 437), (365, 437), (182, 437), (226, 437), (237, 437), (292, 437), (303, 437), (250, 437), (305, 437), (384, 437), (27, 437), (146, 437), (201, 437), (401, 437), (84, 437), (172, 437), (150, 437), (271, 437), (361, 437), (55, 437), (414, 437), (374, 437), (418, 437), (246, 437), (30, 437), (402, 437), (74, 437), (437, 489), (195, 437), (285, 437), (406, 437), (87, 437), (364, 437), (419, 437), (23, 437), (437, 491), (170, 437), (370, 437), (53, 437), (132, 437), (176, 437), (187, 437), (242, 437), (387, 437), (136, 437), (437, 459), (160, 437), (138, 437), (215, 437), (437, 495), (259, 437), (32, 437), (219, 437)}",1500,754006,0.19743585586547852
Graph_500_31188_1,500,31188,93,"{(58, 239), (69, 239), (239, 476), (71, 239), (20, 239), (239, 277), (141, 239), (231, 239), (152, 239), (239, 396), (239, 405), (239, 469), (239, 478), (189, 239), (61, 239), (239, 364), (131, 239), (239, 400), (67, 239), (89, 239), (144, 239), (239, 302), (239, 366), (239, 430), (236, 239), (84, 239), (161, 239), (239, 393), (42, 239), (239, 304), (239, 368), (239, 313), (202, 239), (239, 496), (239, 450), (191, 239), (19, 239), (239, 324), (239, 388), (142, 239), (47, 239), (239, 281), (102, 239), (239, 308), (239, 372), (239, 491), (239, 317), (239, 381), (115, 239), (194, 239), (238, 239), (239, 347), (239, 246), (66, 239), (222, 239), (176, 239), (239, 374), (26, 239), (136, 239), (239, 340), (239, 404), (94, 239), (149, 239), (138, 239), (228, 239), (239, 431), (239, 440), (34, 239), (111, 239), (239, 397), (239, 241), (239, 433), (239, 497), (179, 239), (234, 239), (218, 239), (239, 399), (239, 344), (239, 408), (239, 362), (196, 239), (145, 239), (156, 239), (239, 264), (239, 328), (239, 282), (239, 465), (239, 291), (239, 410), (213, 239), (239, 483), (1, 239), (175, 239)}",1500,754006,0.15349602699279785
