graph,nodes,edges,min_cut,edges_to_remove,solutions_tested,basic_operations,time_elapsed
Graph_25_38_0,25,38,1,"{(10, 13)}",50,25892,0.0171658992767334
Graph_25_38_1,25,38,1,"{(2, 13)}",100,26996,0.009743690490722656
Graph_25_76_0,25,76,1,"{(11, 17)}",50,26234,0.011165857315063477
Graph_25_76_1,25,76,3,"{(4, 15), (4, 8), (4, 14)}",50,26234,0.011631965637207031
Graph_25_151_0,25,151,10,"{(11, 13), (11, 22), (0, 11), (11, 21), (11, 17), (9, 11), (4, 11), (7, 11), (8, 11), (3, 11)}",50,26909,0.011608362197875977
Graph_25_151_1,25,151,7,"{(5, 21), (1, 5), (5, 20), (4, 5), (5, 16), (2, 5), (5, 18)}",75,27913,0.014734983444213867
Graph_25_226_0,25,226,15,"{(13, 14), (14, 24), (3, 14), (10, 14), (14, 17), (14, 23), (6, 14), (1, 14), (14, 19), (14, 22), (14, 18), (11, 14), (14, 15), (12, 14), (7, 14)}",50,27584,0.018222332000732422
Graph_25_226_1,25,226,14,"{(8, 24), (14, 24), (20, 24), (15, 24), (5, 24), (6, 24), (11, 24), (18, 24), (21, 24), (0, 24), (12, 24), (7, 24), (2, 24), (13, 24)}",50,27584,0.016428232192993164
Graph_25_300_0,25,300,24,"{(9, 11), (11, 14), (2, 11), (0, 11), (11, 17), (11, 23), (11, 20), (6, 11), (4, 11), (8, 11), (10, 11), (11, 16), (1, 11), (11, 13), (11, 19), (11, 22), (3, 11), (5, 11), (11, 12), (11, 15), (11, 21), (11, 18), (11, 24), (7, 11)}",50,28250,0.020977258682250977
Graph_25_300_1,25,300,24,"{(9, 11), (11, 14), (2, 11), (0, 11), (11, 17), (11, 23), (11, 20), (6, 11), (4, 11), (8, 11), (10, 11), (11, 16), (1, 11), (11, 13), (11, 19), (11, 22), (3, 11), (5, 11), (11, 12), (11, 15), (11, 21), (11, 18), (11, 24), (7, 11)}",50,28250,0.017318248748779297
Graph_50_154_0,50,154,4,"{(4, 15), (15, 40), (0, 15), (15, 26)}",200,57818,0.021762371063232422
Graph_50_154_1,50,154,3,"{(26, 28), (10, 28), (8, 28)}",150,55777,0.023247480392456055
Graph_50_307_0,50,307,6,"{(28, 33), (21, 28), (16, 28), (17, 28), (28, 41), (28, 31)}",100,55113,0.026909589767456055
Graph_50_307_1,50,307,8,"{(16, 35), (33, 35), (23, 35), (7, 35), (24, 35), (8, 35), (35, 44), (5, 35)}",150,57766,0.024774551391601562
Graph_50_613_0,50,613,18,"{(9, 10), (4, 10), (10, 15), (10, 43), (10, 27), (10, 49), (10, 17), (8, 10), (3, 10), (10, 13), (10, 23), (10, 48), (5, 10), (10, 16), (10, 35), (10, 25), (10, 44), (10, 12)}",100,57867,0.04402494430541992
Graph_50_613_1,50,613,16,"{(3, 40), (3, 24), (3, 8), (3, 14), (3, 30), (3, 27), (3, 17), (3, 46), (3, 7), (3, 42), (3, 29), (3, 13), (3, 32), (3, 38), (3, 41), (3, 15)}",150,61744,0.04442620277404785
Graph_50_919_0,50,919,30,"{(1, 31), (12, 31), (23, 31), (5, 31), (25, 31), (16, 31), (18, 31), (7, 31), (29, 31), (20, 31), (31, 34), (31, 43), (31, 46), (9, 31), (11, 31), (24, 31), (13, 31), (26, 31), (15, 31), (6, 31), (31, 33), (31, 39), (31, 36), (31, 42), (4, 31), (31, 45), (17, 31), (28, 31), (31, 48), (8, 31)}",150,65722,0.043712615966796875
Graph_50_919_1,50,919,30,"{(2, 33), (13, 33), (33, 42), (33, 39), (6, 33), (4, 33), (28, 33), (8, 33), (30, 33), (33, 38), (1, 33), (33, 44), (33, 47), (12, 33), (23, 33), (14, 33), (5, 33), (27, 33), (33, 37), (25, 33), (33, 34), (33, 40), (16, 33), (33, 43), (33, 49), (33, 46), (7, 33), (29, 33), (22, 33), (9, 33)}",100,60621,0.048592567443847656
Graph_50_1225_0,50,1225,49,"{(24, 30), (24, 27), (15, 24), (24, 33), (24, 36), (6, 24), (24, 42), (24, 39), (24, 45), (24, 48), (4, 24), (0, 24), (17, 24), (8, 24), (19, 24), (10, 24), (1, 24), (24, 26), (24, 29), (24, 35), (24, 32), (24, 38), (24, 44), (21, 24), (24, 41), (24, 47), (12, 24), (23, 24), (3, 24), (14, 24), (5, 24), (24, 25), (24, 28), (16, 24), (24, 31), (24, 37), (18, 24), (7, 24), (24, 34), (24, 40), (24, 43), (20, 24), (24, 49), (24, 46), (22, 24), (9, 24), (11, 24), (2, 24), (13, 24)}",100,63375,0.06900691986083984
Graph_50_1225_1,50,1225,49,"{(24, 30), (24, 27), (15, 24), (24, 33), (24, 36), (6, 24), (24, 42), (24, 39), (24, 45), (24, 48), (4, 24), (0, 24), (17, 24), (8, 24), (19, 24), (10, 24), (1, 24), (24, 26), (24, 29), (24, 35), (24, 32), (24, 38), (24, 44), (21, 24), (24, 41), (24, 47), (12, 24), (23, 24), (3, 24), (14, 24), (5, 24), (24, 25), (24, 28), (16, 24), (24, 31), (24, 37), (18, 24), (7, 24), (24, 34), (24, 40), (24, 43), (20, 24), (24, 49), (24, 46), (22, 24), (9, 24), (11, 24), (2, 24), (13, 24)}",100,63375,0.06927633285522461
Graph_75_347_0,75,347,2,"{(25, 56), (53, 56)}",150,83523,0.03651595115661621
Graph_75_347_1,75,347,2,"{(21, 64), (21, 34)}",225,87986,0.03264045715332031
Graph_75_694_0,75,694,12,"{(9, 10), (10, 66), (10, 40), (0, 10), (10, 14), (10, 72), (10, 52), (10, 36), (10, 35), (10, 38), (10, 67), (10, 57)}",150,86646,0.052126169204711914
Graph_75_694_1,75,694,10,"{(21, 71), (16, 71), (38, 71), (59, 71), (18, 71), (40, 71), (71, 74), (36, 71), (32, 71), (65, 71)}",150,86646,0.0519106388092041
Graph_75_1388_0,75,1388,26,"{(67, 71), (58, 71), (69, 71), (25, 71), (7, 71), (40, 71), (20, 71), (53, 71), (64, 71), (22, 71), (55, 71), (42, 71), (0, 71), (44, 71), (2, 71), (24, 71), (46, 71), (15, 71), (39, 71), (17, 71), (50, 71), (61, 71), (19, 71), (30, 71), (52, 71), (43, 71)}",150,92892,0.08226966857910156
Graph_75_1388_1,75,1388,25,"{(11, 39), (0, 39), (15, 39), (26, 39), (39, 42), (39, 60), (39, 57), (4, 39), (28, 39), (39, 41), (21, 39), (39, 53), (39, 56), (12, 39), (39, 68), (39, 71), (39, 46), (22, 39), (39, 49), (20, 39), (39, 58), (39, 55), (39, 61), (39, 67), (39, 64)}",150,92892,0.07382774353027344
Graph_75_2082_0,75,2082,47,"{(53, 66), (40, 66), (55, 66), (9, 66), (42, 66), (0, 66), (11, 66), (33, 66), (44, 66), (2, 66), (24, 66), (46, 66), (57, 66), (66, 69), (66, 72), (26, 66), (6, 66), (39, 66), (4, 66), (28, 66), (17, 66), (50, 66), (61, 66), (8, 66), (30, 66), (52, 66), (10, 66), (43, 66), (66, 74), (63, 66), (21, 66), (23, 66), (12, 66), (3, 66), (36, 66), (47, 66), (58, 66), (5, 66), (60, 66), (51, 66), (66, 70), (25, 66), (66, 67), (66, 73), (49, 66), (7, 66), (29, 66)}",150,99138,0.10494518280029297
Graph_75_2082_1,75,2082,46,"{(27, 47), (27, 53), (2, 27), (27, 50), (27, 56), (15, 27), (0, 27), (27, 59), (27, 68), (27, 71), (27, 28), (17, 27), (27, 31), (27, 37), (27, 34), (27, 46), (27, 43), (27, 49), (27, 52), (27, 55), (27, 61), (27, 64), (27, 70), (21, 27), (27, 67), (27, 73), (12, 27), (23, 27), (3, 27), (14, 27), (27, 30), (27, 33), (27, 39), (27, 36), (27, 42), (27, 45), (27, 54), (27, 63), (7, 27), (18, 27), (27, 66), (22, 27), (27, 32), (27, 35), (9, 27), (11, 27)}",150,99138,0.09729909896850586
Graph_75_2775_0,75,2775,74,"{(36, 56), (0, 36), (11, 36), (33, 36), (36, 53), (36, 59), (2, 36), (13, 36), (24, 36), (35, 36), (36, 62), (36, 65), (15, 36), (26, 36), (36, 68), (36, 71), (36, 74), (6, 36), (36, 37), (4, 36), (36, 40), (17, 36), (28, 36), (36, 43), (36, 49), (8, 36), (19, 36), (30, 36), (36, 46), (36, 52), (10, 36), (32, 36), (36, 55), (36, 58), (36, 61), (1, 36), (36, 64), (36, 70), (36, 67), (36, 73), (21, 36), (12, 36), (23, 36), (34, 36), (36, 39), (3, 36), (14, 36), (36, 42), (5, 36), (27, 36), (36, 45), (36, 51), (36, 48), (36, 54), (36, 57), (36, 63), (25, 36), (36, 60), (36, 66), (16, 36), (36, 69), (7, 36), (18, 36), (29, 36), (36, 72), (20, 36), (31, 36), (22, 36), (36, 38), (36, 44), (36, 41), (36, 47), (9, 36), (36, 50)}",150,105375,0.15782546997070312
Graph_75_2775_1,75,2775,74,"{(36, 56), (0, 36), (11, 36), (33, 36), (36, 53), (36, 59), (2, 36), (13, 36), (24, 36), (35, 36), (36, 62), (36, 65), (15, 36), (26, 36), (36, 68), (36, 71), (36, 74), (6, 36), (36, 37), (4, 36), (36, 40), (17, 36), (28, 36), (36, 43), (36, 49), (8, 36), (19, 36), (30, 36), (36, 46), (36, 52), (10, 36), (32, 36), (36, 55), (36, 58), (36, 61), (1, 36), (36, 64), (36, 70), (36, 67), (36, 73), (21, 36), (12, 36), (23, 36), (34, 36), (36, 39), (3, 36), (14, 36), (36, 42), (5, 36), (27, 36), (36, 45), (36, 51), (36, 48), (36, 54), (36, 57), (36, 63), (25, 36), (36, 60), (36, 66), (16, 36), (36, 69), (7, 36), (18, 36), (29, 36), (36, 72), (20, 36), (31, 36), (22, 36), (36, 38), (36, 44), (36, 41), (36, 47), (9, 36), (36, 50)}",150,105375,0.14228200912475586
Graph_100_619_0,100,619,4,"{(12, 94), (70, 94), (14, 94), (1, 94)}",400,130923,0.055280447006225586
Graph_100_619_1,100,619,4,"{(6, 85), (6, 14), (6, 26), (6, 25)}",200,115271,0.05484151840209961
Graph_100_1238_0,100,1238,16,"{(12, 94), (45, 94), (8, 94), (14, 94), (70, 94), (69, 94), (15, 94), (74, 94), (32, 94), (27, 94), (1, 94), (37, 94), (21, 94), (38, 94), (82, 94), (28, 94)}",300,131144,0.07632303237915039
Graph_100_1238_1,100,1238,13,"{(8, 94), (8, 62), (8, 68), (8, 42), (8, 10), (8, 55), (8, 74), (8, 93), (8, 32), (8, 99), (8, 12), (8, 41), (0, 8)}",300,131144,0.07990241050720215
Graph_100_2476_0,100,2476,37,"{(22, 63), (63, 80), (63, 89), (63, 95), (33, 63), (35, 63), (13, 63), (26, 63), (48, 63), (15, 63), (2, 63), (6, 63), (63, 73), (59, 63), (63, 79), (63, 85), (4, 63), (37, 63), (63, 88), (8, 63), (52, 63), (17, 63), (63, 97), (43, 63), (63, 66), (54, 63), (63, 69), (23, 63), (34, 63), (36, 63), (62, 63), (63, 90), (63, 93), (63, 96), (40, 63), (16, 63), (63, 68)}",200,131984,0.14539241790771484
Graph_100_2476_1,100,2476,35,"{(48, 82), (82, 87), (72, 82), (82, 93), (82, 99), (17, 82), (50, 82), (4, 82), (30, 82), (74, 82), (10, 82), (65, 82), (76, 82), (1, 82), (63, 82), (15, 82), (12, 82), (21, 82), (67, 82), (69, 82), (80, 82), (5, 82), (51, 82), (38, 82), (29, 82), (82, 85), (82, 91), (82, 94), (64, 82), (82, 97), (22, 82), (44, 82), (9, 82), (0, 82), (26, 82)}",300,147238,0.13832950592041016
Graph_100_3713_0,100,3713,62,"{(26, 79), (16, 26), (26, 85), (26, 30), (26, 76), (26, 91), (26, 39), (26, 97), (26, 36), (20, 26), (26, 42), (26, 45), (22, 26), (26, 51), (26, 54), (26, 57), (26, 63), (9, 26), (26, 60), (26, 66), (11, 26), (26, 75), (26, 72), (26, 78), (13, 26), (24, 26), (26, 84), (15, 26), (26, 90), (26, 29), (6, 26), (4, 26), (26, 56), (17, 26), (26, 59), (8, 26), (19, 26), (26, 68), (26, 71), (26, 83), (26, 89), (26, 28), (26, 86), (26, 92), (26, 37), (26, 95), (26, 40), (26, 46), (26, 98), (23, 26), (26, 43), (26, 49), (3, 26), (14, 26), (26, 52), (26, 58), (26, 55), (5, 26), (26, 64), (26, 70), (26, 67), (25, 26)}",200,143117,0.1919858455657959
Graph_100_3713_1,100,3713,64,"{(9, 51), (42, 51), (51, 56), (35, 51), (0, 51), (11, 51), (33, 51), (51, 65), (26, 51), (2, 51), (13, 51), (48, 51), (51, 62), (6, 51), (39, 51), (51, 68), (51, 71), (51, 74), (51, 77), (51, 80), (51, 83), (51, 92), (51, 95), (4, 51), (37, 51), (50, 51), (19, 51), (41, 51), (17, 51), (10, 51), (32, 51), (8, 51), (43, 51), (51, 52), (1, 51), (51, 58), (51, 70), (51, 73), (51, 82), (45, 51), (21, 51), (51, 85), (14, 51), (36, 51), (12, 51), (51, 88), (51, 94), (5, 51), (51, 54), (51, 60), (51, 63), (25, 51), (51, 72), (29, 51), (16, 51), (38, 51), (49, 51), (51, 75), (31, 51), (7, 51), (51, 78), (51, 81), (51, 87), (51, 90)}",300,163319,0.19744491577148438
Graph_100_4950_0,100,4950,99,"{(49, 87), (41, 49), (1, 49), (49, 53), (49, 62), (49, 71), (3, 49), (14, 49), (49, 80), (49, 89), (16, 49), (49, 55), (20, 49), (31, 49), (49, 64), (49, 73), (49, 82), (33, 49), (9, 49), (44, 49), (48, 49), (49, 57), (49, 66), (49, 75), (10, 49), (49, 96), (49, 50), (49, 59), (12, 49), (23, 49), (49, 68), (27, 49), (49, 98), (49, 52), (29, 49), (40, 49), (49, 61), (49, 70), (42, 49), (49, 91), (2, 49), (46, 49), (49, 54), (6, 49), (49, 63), (8, 49), (19, 49), (30, 49), (49, 84), (49, 93), (49, 56), (21, 49), (36, 49), (47, 49), (49, 77), (49, 86), (49, 95), (38, 49), (25, 49), (49, 79), (49, 88), (11, 49), (49, 97), (15, 49), (26, 49), (49, 72), (28, 49), (4, 49), (17, 49), (49, 81), (49, 90), (32, 49), (43, 49), (49, 99), (34, 49), (45, 49), (49, 65), (49, 74), (5, 49), (49, 83), (49, 92), (7, 49), (18, 49), (49, 58), (22, 49), (49, 67), (49, 76), (49, 85), (49, 94), (13, 49), (0, 49), (24, 49), (35, 49), (39, 49), (49, 51), (49, 60), (49, 69), (37, 49), (49, 78)}",200,154250,0.2431659698486328
Graph_100_4950_1,100,4950,99,"{(49, 87), (41, 49), (1, 49), (49, 53), (49, 62), (49, 71), (3, 49), (14, 49), (49, 80), (49, 89), (16, 49), (49, 55), (20, 49), (31, 49), (49, 64), (49, 73), (49, 82), (33, 49), (9, 49), (44, 49), (48, 49), (49, 57), (49, 66), (49, 75), (10, 49), (49, 96), (49, 50), (49, 59), (12, 49), (23, 49), (49, 68), (27, 49), (49, 98), (49, 52), (29, 49), (40, 49), (49, 61), (49, 70), (42, 49), (49, 91), (2, 49), (46, 49), (49, 54), (6, 49), (49, 63), (8, 49), (19, 49), (30, 49), (49, 84), (49, 93), (49, 56), (21, 49), (36, 49), (47, 49), (49, 77), (49, 86), (49, 95), (38, 49), (25, 49), (49, 79), (49, 88), (11, 49), (49, 97), (15, 49), (26, 49), (49, 72), (28, 49), (4, 49), (17, 49), (49, 81), (49, 90), (32, 49), (43, 49), (49, 99), (34, 49), (45, 49), (49, 65), (49, 74), (5, 49), (49, 83), (49, 92), (7, 49), (18, 49), (49, 58), (22, 49), (49, 67), (49, 76), (49, 85), (49, 94), (13, 49), (0, 49), (24, 49), (35, 49), (39, 49), (49, 51), (49, 60), (49, 69), (37, 49), (49, 78)}",200,154250,0.248060941696167
Graph_125_969_0,125,969,8,"{(79, 114), (51, 79), (71, 79), (79, 83), (79, 118), (44, 79), (79, 92), (62, 79)}",375,161097,0.0655214786529541
Graph_125_969_1,125,969,8,"{(59, 71), (44, 71), (17, 71), (7, 71), (18, 71), (55, 71), (71, 111), (71, 88)}",500,173223,0.07329034805297852
Graph_125_1938_0,125,1938,21,"{(6, 85), (6, 30), (6, 106), (6, 45), (6, 124), (6, 75), (6, 17), (6, 23), (6, 84), (6, 26), (6, 32), (3, 6), (6, 44), (6, 111), (6, 114), (6, 53), (6, 83), (6, 22), (6, 104), (6, 107), (6, 55)}",250,157692,0.11129641532897949
Graph_125_1938_1,125,1938,21,"{(4, 49), (4, 113), (4, 58), (4, 64), (4, 67), (4, 6), (4, 21), (4, 97), (4, 48), (4, 115), (4, 20), (4, 23), (4, 96), (4, 102), (4, 56), (4, 7), (4, 71), (4, 13), (4, 77), (4, 31), (4, 104)}",250,157692,0.10156917572021484
Graph_125_3876_0,125,3876,51,"{(27, 50), (50, 116), (50, 61), (50, 119), (50, 67), (3, 50), (50, 73), (16, 50), (49, 50), (7, 50), (50, 85), (22, 50), (50, 100), (50, 51), (50, 112), (42, 50), (50, 57), (50, 63), (50, 118), (0, 50), (33, 50), (44, 50), (50, 66), (50, 124), (15, 50), (50, 78), (6, 50), (50, 87), (50, 93), (50, 99), (50, 105), (17, 50), (28, 50), (45, 50), (50, 56), (50, 114), (19, 50), (30, 50), (41, 50), (8, 50), (50, 53), (50, 62), (32, 50), (50, 68), (50, 74), (50, 80), (50, 86), (50, 92), (34, 50), (14, 50), (47, 50)}",250,175134,0.1919264793395996
Graph_125_3876_1,125,3876,48,"{(33, 97), (33, 36), (13, 33), (33, 42), (33, 39), (33, 103), (33, 54), (33, 51), (33, 121), (33, 60), (33, 124), (33, 72), (17, 33), (19, 33), (33, 90), (33, 35), (33, 99), (33, 44), (33, 96), (33, 108), (33, 50), (33, 56), (33, 114), (33, 53), (21, 33), (33, 59), (33, 120), (12, 33), (33, 71), (3, 33), (27, 33), (33, 77), (33, 83), (33, 89), (33, 95), (33, 98), (33, 104), (33, 43), (33, 46), (33, 52), (29, 33), (33, 113), (33, 61), (31, 33), (33, 82), (9, 33), (33, 88), (33, 94)}",250,175134,0.21379375457763672
Graph_125_5813_0,125,5813,81,"{(50, 116), (61, 116), (105, 116), (10, 116), (76, 116), (63, 116), (12, 116), (23, 116), (67, 116), (78, 116), (89, 116), (27, 116), (93, 116), (116, 118), (25, 116), (40, 116), (95, 116), (106, 116), (55, 116), (110, 116), (116, 120), (42, 116), (57, 116), (112, 116), (6, 116), (72, 116), (4, 116), (70, 116), (74, 116), (87, 116), (36, 116), (47, 116), (91, 116), (102, 116), (116, 124), (51, 116), (38, 116), (49, 116), (104, 116), (64, 116), (116, 117), (0, 116), (66, 116), (15, 116), (81, 116), (17, 116), (28, 116), (83, 116), (32, 116), (34, 116), (56, 116), (111, 116), (60, 116), (7, 116), (18, 116), (73, 116), (77, 116), (24, 116), (35, 116), (79, 116), (90, 116), (101, 116), (37, 116), (92, 116), (52, 116), (116, 119), (96, 116), (1, 116), (54, 116), (3, 116), (58, 116), (80, 116), (116, 121), (16, 116), (86, 116), (97, 116), (116, 123), (44, 116), (99, 116), (48, 116), (103, 116)}",250,192567,0.3122978210449219
Graph_125_5813_1,125,5813,80,"{(13, 106), (24, 106), (79, 106), (90, 106), (101, 106), (39, 106), (92, 106), (106, 123), (106, 107), (106, 116), (14, 106), (58, 106), (69, 106), (16, 106), (71, 106), (82, 106), (20, 106), (31, 106), (106, 118), (103, 106), (106, 111), (106, 120), (61, 106), (105, 106), (65, 106), (76, 106), (63, 106), (106, 113), (12, 106), (67, 106), (78, 106), (106, 122), (27, 106), (93, 106), (40, 106), (84, 106), (95, 106), (55, 106), (42, 106), (2, 106), (46, 106), (68, 106), (72, 106), (106, 108), (59, 106), (8, 106), (30, 106), (74, 106), (85, 106), (106, 110), (21, 106), (106, 119), (36, 106), (47, 106), (91, 106), (102, 106), (106, 112), (64, 106), (0, 106), (66, 106), (15, 106), (26, 106), (81, 106), (28, 106), (17, 106), (83, 106), (94, 106), (32, 106), (43, 106), (98, 106), (34, 106), (45, 106), (100, 106), (56, 106), (5, 106), (60, 106), (7, 106), (18, 106), (22, 106), (106, 121)}",250,192567,0.3061223030090332
Graph_125_7750_0,125,7750,124,"{(61, 107), (61, 116), (50, 61), (61, 70), (10, 61), (61, 91), (61, 100), (12, 61), (23, 61), (61, 109), (61, 118), (27, 61), (61, 63), (25, 61), (29, 61), (40, 61), (61, 93), (61, 102), (55, 61), (61, 111), (61, 120), (42, 61), (2, 61), (46, 61), (57, 61), (61, 86), (6, 61), (61, 95), (61, 104), (4, 61), (61, 113), (59, 61), (61, 122), (8, 61), (19, 61), (30, 61), (61, 79), (61, 88), (21, 61), (61, 97), (61, 106), (61, 115), (36, 61), (47, 61), (51, 61), (61, 72), (61, 81), (38, 61), (49, 61), (61, 90), (61, 99), (53, 61), (61, 108), (0, 61), (11, 61), (61, 65), (61, 74), (61, 83), (15, 61), (26, 61), (61, 92), (61, 101), (17, 61), (28, 61), (61, 67), (32, 61), (43, 61), (61, 76), (61, 85), (61, 94), (61, 103), (34, 61), (45, 61), (56, 61), (5, 61), (60, 61), (61, 124), (61, 69), (61, 78), (61, 87), (7, 61), (18, 61), (61, 96), (22, 61), (61, 117), (9, 61), (61, 62), (61, 71), (13, 61), (24, 61), (35, 61), (61, 80), (61, 89), (39, 61), (37, 61), (61, 110), (61, 119), (61, 64), (41, 61), (52, 61), (61, 73), (1, 61), (61, 82), (54, 61), (3, 61), (14, 61), (58, 61), (61, 112), (61, 121), (61, 66), (61, 75), (61, 84), (16, 61), (20, 61), (31, 61), (61, 105), (61, 114), (61, 123), (61, 68), (33, 61), (61, 77), (44, 61), (48, 61), (61, 98)}",250,210000,0.39360618591308594
Graph_125_7750_1,125,7750,124,"{(61, 107), (61, 116), (50, 61), (61, 70), (10, 61), (61, 91), (61, 100), (12, 61), (23, 61), (61, 109), (61, 118), (27, 61), (61, 63), (25, 61), (29, 61), (40, 61), (61, 93), (61, 102), (55, 61), (61, 111), (61, 120), (42, 61), (2, 61), (46, 61), (57, 61), (61, 86), (6, 61), (61, 95), (61, 104), (4, 61), (61, 113), (59, 61), (61, 122), (8, 61), (19, 61), (30, 61), (61, 79), (61, 88), (21, 61), (61, 97), (61, 106), (61, 115), (36, 61), (47, 61), (51, 61), (61, 72), (61, 81), (38, 61), (49, 61), (61, 90), (61, 99), (53, 61), (61, 108), (0, 61), (11, 61), (61, 65), (61, 74), (61, 83), (15, 61), (26, 61), (61, 92), (61, 101), (17, 61), (28, 61), (61, 67), (32, 61), (43, 61), (61, 76), (61, 85), (61, 94), (61, 103), (34, 61), (45, 61), (56, 61), (5, 61), (60, 61), (61, 124), (61, 69), (61, 78), (61, 87), (7, 61), (18, 61), (61, 96), (22, 61), (61, 117), (9, 61), (61, 62), (61, 71), (13, 61), (24, 61), (35, 61), (61, 80), (61, 89), (39, 61), (37, 61), (61, 110), (61, 119), (61, 64), (41, 61), (52, 61), (61, 73), (1, 61), (61, 82), (54, 61), (3, 61), (14, 61), (58, 61), (61, 112), (61, 121), (61, 66), (61, 75), (61, 84), (16, 61), (20, 61), (31, 61), (61, 105), (61, 114), (61, 123), (61, 68), (33, 61), (61, 77), (44, 61), (48, 61), (61, 98)}",250,210000,0.38469576835632324
Graph_150_1397_0,150,1397,10,"{(51, 144), (51, 83), (51, 82), (44, 51), (51, 72), (15, 51), (48, 51), (51, 142), (51, 116), (51, 112)}",600,219349,0.09095168113708496
Graph_150_1397_1,150,1397,10,"{(22, 53), (52, 53), (53, 133), (53, 98), (53, 70), (53, 134), (53, 124), (53, 86), (12, 53), (7, 53)}",600,219349,0.11546492576599121
Graph_150_2794_0,150,2794,24,"{(47, 53), (53, 136), (16, 53), (53, 102), (53, 108), (7, 53), (18, 53), (22, 53), (53, 56), (53, 123), (53, 135), (53, 80), (42, 53), (53, 144), (44, 53), (53, 86), (53, 98), (26, 53), (53, 70), (53, 128), (53, 134), (19, 53), (53, 140), (53, 124)}",450,220147,0.15201187133789062
Graph_150_2794_1,150,2794,24,"{(76, 98), (76, 113), (76, 147), (61, 76), (52, 76), (76, 143), (76, 140), (76, 94), (76, 100), (23, 76), (69, 76), (76, 81), (76, 87), (76, 148), (71, 76), (40, 76), (62, 76), (73, 76), (76, 138), (11, 76), (33, 76), (24, 76), (76, 83), (15, 76)}",450,220147,0.16489458084106445
Graph_150_5588_0,150,5588,59,"{(40, 72), (40, 78), (40, 139), (32, 40), (40, 136), (40, 81), (40, 96), (40, 93), (40, 102), (40, 111), (40, 50), (40, 56), (12, 40), (3, 40), (40, 59), (40, 62), (40, 68), (40, 126), (40, 77), (40, 135), (40, 80), (25, 40), (40, 83), (40, 89), (40, 86), (7, 40), (40, 98), (40, 104), (40, 43), (40, 107), (40, 46), (40, 52), (22, 40), (40, 113), (40, 116), (40, 119), (40, 125), (40, 70), (9, 40), (40, 67), (40, 134), (40, 131), (40, 76), (40, 140), (2, 40), (15, 40), (26, 40), (40, 97), (40, 106), (40, 51), (40, 115), (40, 112), (40, 63), (40, 121), (40, 60), (28, 40), (40, 124), (40, 69), (40, 75)}",450,256469,0.29758429527282715
Graph_150_5588_1,150,5588,60,"{(31, 124), (31, 69), (1, 31), (31, 72), (31, 139), (31, 84), (31, 136), (31, 148), (31, 90), (31, 35), (5, 31), (27, 31), (31, 50), (31, 114), (31, 123), (16, 31), (31, 80), (31, 141), (31, 138), (18, 31), (7, 31), (19, 31), (31, 147), (31, 92), (31, 37), (31, 95), (31, 101), (22, 31), (31, 49), (31, 46), (31, 58), (31, 61), (0, 31), (31, 64), (31, 70), (31, 125), (31, 128), (31, 134), (31, 73), (31, 131), (31, 82), (6, 31), (31, 143), (31, 149), (31, 94), (31, 33), (31, 91), (8, 31), (31, 97), (31, 42), (31, 103), (4, 31), (31, 100), (31, 106), (31, 109), (31, 54), (31, 112), (30, 31), (31, 63), (31, 60)}",300,222342,0.3026113510131836
Graph_150_8382_0,150,8382,93,"{(4, 9), (8, 9), (9, 63), (9, 127), (9, 72), (9, 17), (9, 81), (9, 26), (9, 145), (9, 56), (9, 65), (9, 10), (9, 138), (9, 28), (9, 147), (9, 92), (9, 113), (9, 58), (9, 122), (9, 67), (9, 12), (0, 9), (9, 140), (9, 85), (9, 149), (9, 42), (9, 115), (9, 78), (9, 142), (9, 108), (9, 53), (9, 117), (5, 9), (9, 126), (9, 71), (9, 16), (9, 144), (9, 37), (9, 101), (9, 46), (9, 110), (9, 119), (9, 128), (9, 73), (9, 30), (9, 39), (9, 103), (9, 48), (9, 112), (9, 57), (9, 121), (9, 66), (9, 130), (1, 9), (9, 23), (9, 96), (9, 41), (9, 105), (9, 50), (9, 114), (9, 59), (9, 123), (9, 25), (9, 34), (9, 98), (9, 43), (9, 52), (9, 116), (9, 125), (9, 18), (9, 45), (9, 109), (9, 118), (9, 11), (9, 84), (9, 148), (9, 38), (9, 102), (9, 111), (9, 68), (9, 13), (9, 132), (9, 77), (9, 86), (9, 31), (9, 95), (9, 40), (9, 104), (9, 15), (9, 134), (2, 9), (9, 79), (9, 97)}",300,247488,0.4077272415161133
Graph_150_8382_1,150,8382,96,"{(120, 129), (80, 129), (45, 129), (129, 146), (31, 129), (7, 129), (86, 129), (97, 129), (88, 129), (75, 129), (129, 130), (129, 139), (48, 129), (13, 129), (24, 129), (103, 129), (114, 129), (129, 148), (37, 129), (116, 129), (105, 129), (127, 129), (10, 129), (76, 129), (129, 141), (67, 129), (54, 129), (78, 129), (3, 129), (14, 129), (93, 129), (129, 143), (84, 129), (95, 129), (106, 129), (55, 129), (110, 129), (108, 129), (46, 129), (57, 129), (6, 129), (85, 129), (74, 129), (129, 138), (87, 129), (36, 129), (12, 129), (47, 129), (91, 129), (51, 129), (129, 131), (25, 129), (104, 129), (115, 129), (64, 129), (119, 129), (129, 133), (66, 129), (42, 129), (2, 129), (81, 129), (4, 129), (94, 129), (59, 129), (70, 129), (32, 129), (8, 129), (30, 129), (43, 129), (129, 147), (21, 129), (111, 129), (100, 129), (5, 129), (60, 129), (126, 129), (113, 129), (129, 140), (62, 129), (38, 129), (117, 129), (49, 129), (128, 129), (129, 149), (22, 129), (0, 129), (11, 129), (90, 129), (129, 142), (39, 129), (92, 129), (41, 129), (17, 129), (28, 129), (52, 129), (122, 129)}",300,247488,0.4234142303466797
Graph_150_11175_0,150,11175,149,"{(34, 74), (45, 74), (56, 74), (74, 119), (5, 74), (74, 128), (60, 74), (74, 137), (74, 82), (74, 146), (74, 91), (7, 74), (18, 74), (62, 74), (73, 74), (22, 74), (74, 112), (74, 121), (74, 130), (9, 74), (74, 75), (74, 139), (74, 84), (74, 148), (13, 74), (24, 74), (35, 74), (39, 74), (74, 114), (37, 74), (74, 123), (74, 132), (74, 77), (41, 74), (52, 74), (74, 141), (1, 74), (54, 74), (74, 107), (74, 116), (3, 74), (14, 74), (58, 74), (69, 74), (74, 125), (74, 134), (74, 79), (74, 143), (16, 74), (71, 74), (74, 100), (20, 74), (31, 74), (74, 109), (74, 118), (74, 127), (74, 136), (33, 74), (44, 74), (72, 74), (48, 74), (74, 93), (74, 102), (74, 111), (74, 120), (74, 129), (50, 74), (61, 74), (10, 74), (65, 74), (74, 86), (74, 95), (63, 74), (74, 104), (74, 113), (12, 74), (23, 74), (67, 74), (74, 122), (51, 74), (27, 74), (25, 74), (74, 88), (74, 97), (29, 74), (40, 74), (74, 106), (74, 115), (55, 74), (74, 124), (42, 74), (74, 81), (2, 74), (74, 145), (46, 74), (57, 74), (68, 74), (74, 90), (74, 99), (6, 74), (74, 108), (74, 117), (4, 74), (59, 74), (70, 74), (8, 74), (19, 74), (30, 74), (74, 138), (74, 83), (74, 147), (74, 92), (74, 101), (74, 110), (21, 74), (36, 74), (47, 74), (74, 131), (74, 76), (74, 140), (74, 85), (74, 149), (74, 94), (38, 74), (49, 74), (74, 103), (53, 74), (64, 74), (74, 133), (74, 78), (0, 74), (11, 74), (66, 74), (74, 142), (74, 87), (74, 96), (15, 74), (26, 74), (74, 105), (17, 74), (28, 74), (74, 126), (74, 135), (74, 80), (32, 74), (43, 74), (74, 89), (74, 144), (74, 98)}",300,272625,0.5914478302001953
Graph_150_11175_1,150,11175,149,"{(34, 74), (45, 74), (56, 74), (74, 119), (5, 74), (74, 128), (60, 74), (74, 137), (74, 82), (74, 146), (74, 91), (7, 74), (18, 74), (62, 74), (73, 74), (22, 74), (74, 112), (74, 121), (74, 130), (9, 74), (74, 75), (74, 139), (74, 84), (74, 148), (13, 74), (24, 74), (35, 74), (39, 74), (74, 114), (37, 74), (74, 123), (74, 132), (74, 77), (41, 74), (52, 74), (74, 141), (1, 74), (54, 74), (74, 107), (74, 116), (3, 74), (14, 74), (58, 74), (69, 74), (74, 125), (74, 134), (74, 79), (74, 143), (16, 74), (71, 74), (74, 100), (20, 74), (31, 74), (74, 109), (74, 118), (74, 127), (74, 136), (33, 74), (44, 74), (72, 74), (48, 74), (74, 93), (74, 102), (74, 111), (74, 120), (74, 129), (50, 74), (61, 74), (10, 74), (65, 74), (74, 86), (74, 95), (63, 74), (74, 104), (74, 113), (12, 74), (23, 74), (67, 74), (74, 122), (51, 74), (27, 74), (25, 74), (74, 88), (74, 97), (29, 74), (40, 74), (74, 106), (74, 115), (55, 74), (74, 124), (42, 74), (74, 81), (2, 74), (74, 145), (46, 74), (57, 74), (68, 74), (74, 90), (74, 99), (6, 74), (74, 108), (74, 117), (4, 74), (59, 74), (70, 74), (8, 74), (19, 74), (30, 74), (74, 138), (74, 83), (74, 147), (74, 92), (74, 101), (74, 110), (21, 74), (36, 74), (47, 74), (74, 131), (74, 76), (74, 140), (74, 85), (74, 149), (74, 94), (38, 74), (49, 74), (74, 103), (53, 74), (64, 74), (74, 133), (74, 78), (0, 74), (11, 74), (66, 74), (74, 142), (74, 87), (74, 96), (15, 74), (26, 74), (74, 105), (17, 74), (28, 74), (74, 126), (74, 135), (74, 80), (32, 74), (43, 74), (74, 89), (74, 144), (74, 98)}",300,272625,0.5512213706970215
Graph_175_1904_0,175,1904,13,"{(23, 162), (86, 162), (124, 162), (136, 162), (15, 162), (72, 162), (44, 162), (88, 162), (116, 162), (138, 162), (133, 162), (71, 162), (47, 162)}",525,245777,0.12848258018493652
Graph_175_1904_1,175,1904,12,"{(51, 140), (51, 101), (11, 51), (33, 51), (36, 51), (41, 51), (7, 51), (48, 51), (51, 65), (51, 129), (51, 87), (51, 133)}",525,245777,0.12214255332946777
Graph_175_3807_0,175,3807,29,"{(27, 53), (53, 72), (47, 53), (53, 133), (53, 139), (53, 87), (53, 151), (16, 53), (53, 108), (18, 53), (22, 53), (53, 132), (53, 83), (0, 53), (44, 53), (53, 86), (53, 153), (53, 98), (48, 53), (53, 150), (53, 113), (53, 116), (4, 53), (53, 70), (53, 134), (53, 79), (8, 53), (53, 158), (53, 173)}",525,270516,0.24060297012329102
Graph_175_3807_1,175,3807,29,"{(76, 101), (76, 119), (37, 76), (17, 76), (74, 76), (1, 76), (76, 140), (76, 88), (76, 155), (76, 158), (76, 161), (23, 76), (13, 76), (60, 76), (76, 78), (25, 76), (76, 148), (16, 76), (71, 76), (20, 76), (53, 76), (76, 169), (76, 166), (76, 138), (0, 76), (33, 76), (24, 76), (68, 76), (76, 147)}",350,239363,0.20848536491394043
Graph_175_7613_0,175,7613,70,"{(4, 49), (49, 81), (19, 49), (41, 49), (49, 145), (10, 49), (43, 49), (49, 154), (49, 160), (1, 49), (49, 96), (49, 102), (49, 108), (49, 163), (49, 120), (49, 59), (23, 49), (34, 49), (49, 126), (49, 65), (49, 71), (49, 129), (49, 80), (5, 49), (49, 144), (49, 83), (49, 147), (49, 86), (49, 150), (49, 95), (49, 101), (49, 159), (49, 165), (49, 104), (25, 49), (49, 107), (49, 168), (18, 49), (49, 171), (49, 110), (31, 49), (49, 64), (49, 70), (49, 128), (49, 134), (49, 73), (49, 76), (49, 82), (49, 79), (49, 146), (49, 143), (49, 88), (11, 49), (49, 97), (49, 155), (0, 49), (49, 106), (15, 49), (49, 103), (49, 54), (6, 49), (49, 112), (49, 51), (49, 57), (49, 63), (49, 66), (37, 49), (49, 133), (49, 139), (49, 78)}",525,319994,0.41599535942077637
Graph_175_7613_1,175,7613,68,"{(43, 150), (43, 156), (8, 43), (43, 101), (43, 162), (43, 159), (43, 165), (43, 110), (43, 168), (43, 174), (43, 58), (43, 55), (43, 125), (43, 70), (21, 43), (43, 128), (43, 73), (23, 43), (43, 76), (43, 137), (43, 143), (14, 43), (36, 43), (43, 91), (5, 43), (43, 94), (43, 158), (43, 100), (43, 106), (43, 45), (43, 164), (43, 109), (43, 48), (43, 115), (43, 173), (43, 112), (43, 63), (43, 121), (43, 60), (43, 127), (43, 72), (43, 130), (31, 43), (43, 69), (43, 136), (43, 133), (43, 78), (43, 84), (43, 81), (43, 96), (9, 43), (43, 160), (43, 99), (43, 44), (0, 43), (43, 102), (43, 166), (43, 105), (43, 56), (15, 43), (26, 43), (43, 120), (6, 43), (39, 43), (43, 68), (43, 80), (37, 43), (43, 86)}",350,273617,0.37400341033935547
Graph_175_11419_0,175,11419,116,"{(4, 9), (8, 9), (9, 63), (9, 81), (9, 26), (9, 35), (9, 154), (9, 163), (9, 56), (9, 120), (9, 10), (9, 19), (9, 138), (9, 83), (9, 147), (9, 156), (9, 49), (9, 113), (9, 58), (9, 67), (9, 12), (0, 9), (9, 131), (9, 76), (9, 140), (9, 85), (9, 42), (9, 115), (9, 60), (9, 69), (9, 133), (9, 78), (9, 108), (9, 53), (9, 117), (5, 9), (9, 62), (9, 126), (9, 16), (7, 9), (9, 37), (9, 46), (9, 110), (9, 119), (9, 64), (9, 128), (9, 73), (9, 137), (9, 30), (9, 39), (9, 158), (9, 103), (9, 48), (9, 167), (9, 112), (9, 57), (9, 66), (9, 130), (9, 23), (9, 87), (9, 32), (9, 151), (9, 96), (9, 41), (9, 160), (9, 50), (3, 9), (9, 114), (9, 59), (9, 123), (9, 34), (9, 153), (9, 98), (9, 43), (9, 162), (9, 107), (9, 52), (9, 171), (9, 116), (9, 61), (9, 125), (9, 18), (9, 82), (9, 27), (9, 100), (9, 45), (9, 164), (9, 109), (9, 54), (9, 173), (9, 11), (9, 75), (9, 20), (9, 139), (9, 84), (9, 148), (9, 38), (9, 102), (9, 47), (9, 111), (9, 68), (9, 13), (9, 132), (9, 77), (9, 31), (9, 150), (9, 95), (9, 40), (9, 159), (9, 15), (9, 134), (2, 9), (9, 79), (9, 88), (9, 152), (9, 97)}",350,307871,0.5721914768218994
Graph_175_11419_1,175,11419,111,"{(109, 129), (120, 129), (129, 162), (129, 171), (58, 129), (34, 129), (45, 129), (80, 129), (71, 129), (82, 129), (129, 146), (7, 129), (86, 129), (129, 164), (9, 129), (88, 129), (75, 129), (129, 130), (129, 139), (48, 129), (13, 129), (24, 129), (35, 129), (103, 129), (114, 129), (129, 148), (129, 157), (37, 129), (116, 129), (105, 129), (65, 129), (76, 129), (129, 141), (129, 159), (67, 129), (89, 129), (27, 129), (3, 129), (93, 129), (129, 143), (129, 152), (16, 129), (95, 129), (55, 129), (20, 129), (129, 173), (108, 129), (129, 136), (46, 129), (33, 129), (112, 129), (6, 129), (72, 129), (125, 129), (74, 129), (85, 129), (129, 138), (36, 129), (23, 129), (91, 129), (102, 129), (129, 131), (25, 129), (104, 129), (29, 129), (40, 129), (119, 129), (129, 170), (129, 133), (66, 129), (42, 129), (121, 129), (26, 129), (2, 129), (81, 129), (129, 172), (59, 129), (70, 129), (43, 129), (19, 129), (30, 129), (129, 156), (56, 129), (21, 129), (100, 129), (129, 165), (129, 174), (5, 129), (60, 129), (126, 129), (113, 129), (129, 140), (73, 129), (49, 129), (117, 129), (128, 129), (129, 158), (77, 129), (11, 129), (90, 129), (129, 142), (39, 129), (15, 129), (129, 151), (129, 160), (129, 169), (41, 129), (17, 129), (28, 129), (107, 129), (129, 144)}",350,307871,0.619633674621582
Graph_175_15225_0,175,15225,174,"{(86, 127), (1, 86), (86, 136), (41, 86), (54, 86), (14, 86), (3, 86), (58, 86), (86, 102), (86, 166), (86, 111), (86, 120), (86, 129), (16, 86), (86, 138), (71, 86), (82, 86), (55, 86), (20, 86), (31, 86), (86, 95), (86, 159), (86, 104), (86, 168), (86, 113), (86, 122), (33, 86), (44, 86), (86, 131), (72, 86), (48, 86), (65, 86), (86, 88), (86, 152), (86, 97), (86, 161), (86, 106), (85, 86), (50, 86), (61, 86), (86, 170), (86, 115), (86, 124), (10, 86), (63, 86), (86, 145), (86, 90), (12, 86), (23, 86), (67, 86), (78, 86), (86, 99), (86, 154), (86, 163), (86, 108), (51, 86), (27, 86), (86, 172), (86, 117), (25, 86), (64, 86), (29, 86), (40, 86), (84, 86), (86, 147), (86, 92), (86, 156), (86, 101), (86, 165), (86, 110), (86, 174), (42, 86), (86, 119), (2, 86), (81, 86), (46, 86), (57, 86), (68, 86), (6, 86), (86, 140), (86, 149), (86, 94), (86, 158), (4, 86), (86, 103), (59, 86), (70, 86), (86, 167), (86, 112), (30, 86), (19, 86), (8, 86), (74, 86), (86, 133), (86, 142), (21, 86), (86, 87), (86, 151), (86, 96), (86, 160), (60, 86), (36, 86), (47, 86), (86, 105), (86, 169), (86, 126), (38, 86), (49, 86), (86, 135), (86, 144), (86, 89), (77, 86), (53, 86), (86, 153), (86, 173), (86, 98), (86, 162), (0, 86), (11, 86), (66, 86), (86, 128), (39, 86), (15, 86), (26, 86), (86, 137), (86, 146), (86, 91), (86, 155), (86, 164), (17, 86), (28, 86), (83, 86), (43, 86), (32, 86), (86, 121), (86, 130), (86, 139), (86, 148), (86, 93), (86, 157), (69, 86), (34, 86), (45, 86), (56, 86), (80, 86), (5, 86), (86, 114), (86, 123), (86, 132), (86, 141), (7, 86), (18, 86), (62, 86), (73, 86), (86, 150), (22, 86), (86, 107), (9, 86), (75, 86), (86, 171), (86, 116), (86, 125), (13, 86), (24, 86), (35, 86), (79, 86), (86, 134), (86, 143), (37, 86), (86, 100), (86, 109), (76, 86), (52, 86), (86, 118)}",350,342125,0.789668083190918
Graph_175_15225_1,175,15225,174,"{(86, 127), (1, 86), (86, 136), (41, 86), (54, 86), (14, 86), (3, 86), (58, 86), (86, 102), (86, 166), (86, 111), (86, 120), (86, 129), (16, 86), (86, 138), (71, 86), (82, 86), (55, 86), (20, 86), (31, 86), (86, 95), (86, 159), (86, 104), (86, 168), (86, 113), (86, 122), (33, 86), (44, 86), (86, 131), (72, 86), (48, 86), (65, 86), (86, 88), (86, 152), (86, 97), (86, 161), (86, 106), (85, 86), (50, 86), (61, 86), (86, 170), (86, 115), (86, 124), (10, 86), (63, 86), (86, 145), (86, 90), (12, 86), (23, 86), (67, 86), (78, 86), (86, 99), (86, 154), (86, 163), (86, 108), (51, 86), (27, 86), (86, 172), (86, 117), (25, 86), (64, 86), (29, 86), (40, 86), (84, 86), (86, 147), (86, 92), (86, 156), (86, 101), (86, 165), (86, 110), (86, 174), (42, 86), (86, 119), (2, 86), (81, 86), (46, 86), (57, 86), (68, 86), (6, 86), (86, 140), (86, 149), (86, 94), (86, 158), (4, 86), (86, 103), (59, 86), (70, 86), (86, 167), (86, 112), (30, 86), (19, 86), (8, 86), (74, 86), (86, 133), (86, 142), (21, 86), (86, 87), (86, 151), (86, 96), (86, 160), (60, 86), (36, 86), (47, 86), (86, 105), (86, 169), (86, 126), (38, 86), (49, 86), (86, 135), (86, 144), (86, 89), (77, 86), (53, 86), (86, 153), (86, 173), (86, 98), (86, 162), (0, 86), (11, 86), (66, 86), (86, 128), (39, 86), (15, 86), (26, 86), (86, 137), (86, 146), (86, 91), (86, 155), (86, 164), (17, 86), (28, 86), (83, 86), (43, 86), (32, 86), (86, 121), (86, 130), (86, 139), (86, 148), (86, 93), (86, 157), (69, 86), (34, 86), (45, 86), (56, 86), (80, 86), (5, 86), (86, 114), (86, 123), (86, 132), (86, 141), (7, 86), (18, 86), (62, 86), (73, 86), (86, 150), (22, 86), (86, 107), (9, 86), (75, 86), (86, 171), (86, 116), (86, 125), (13, 86), (24, 86), (35, 86), (79, 86), (86, 134), (86, 143), (37, 86), (86, 100), (86, 109), (76, 86), (52, 86), (86, 118)}",350,342125,0.7596435546875
Graph_200_2488_0,200,2488,13,"{(177, 199), (153, 199), (62, 199), (30, 199), (100, 199), (36, 199), (107, 199), (15, 199), (155, 199), (176, 199), (195, 199), (93, 199), (39, 199)}",600,292444,0.15438246726989746
Graph_200_2488_1,200,2488,12,"{(103, 166), (71, 103), (100, 103), (38, 103), (103, 120), (80, 103), (34, 103), (32, 103), (98, 103), (103, 161), (103, 106), (103, 128)}",600,292444,0.15631341934204102
Graph_200_4976_0,200,4976,32,"{(53, 72), (47, 53), (53, 197), (53, 87), (53, 151), (53, 93), (53, 99), (16, 53), (53, 102), (18, 53), (22, 53), (53, 56), (53, 132), (53, 190), (53, 80), (44, 53), (53, 153), (53, 98), (48, 53), (53, 150), (26, 53), (53, 134), (53, 79), (19, 53), (30, 53), (41, 53), (52, 53), (53, 140), (53, 158), (53, 170), (53, 173), (12, 53)}",600,324788,0.27892112731933594
Graph_200_4976_1,200,4976,34,"{(2, 88), (57, 88), (88, 97), (88, 112), (88, 182), (88, 185), (88, 194), (61, 88), (10, 88), (43, 88), (88, 96), (88, 172), (21, 88), (87, 88), (88, 181), (34, 88), (88, 129), (36, 88), (88, 193), (88, 156), (88, 162), (16, 88), (49, 88), (38, 88), (18, 88), (88, 177), (53, 88), (88, 122), (88, 186), (55, 88), (77, 88), (88, 134), (42, 88), (88, 155)}",400,284184,0.26169919967651367
Graph_200_9951_0,200,9951,81,"{(9, 170), (9, 127), (9, 136), (9, 81), (9, 26), (9, 145), (9, 35), (9, 163), (9, 10), (9, 19), (9, 28), (9, 147), (9, 113), (9, 58), (9, 177), (9, 67), (9, 76), (9, 195), (9, 140), (9, 149), (9, 42), (9, 115), (9, 69), (9, 188), (9, 14), (9, 133), (9, 78), (9, 142), (9, 117), (9, 62), (9, 71), (9, 190), (9, 16), (9, 144), (7, 9), (9, 37), (9, 110), (9, 55), (9, 174), (9, 119), (9, 128), (9, 73), (9, 192), (9, 30), (9, 39), (9, 167), (9, 57), (9, 176), (9, 185), (9, 23), (9, 151), (9, 96), (9, 105), (9, 114), (9, 187), (9, 25), (9, 34), (9, 153), (9, 43), (9, 171), (9, 61), (9, 189), (9, 27), (9, 155), (9, 164), (9, 182), (9, 75), (9, 139), (9, 84), (9, 102), (9, 111), (9, 175), (9, 68), (9, 132), (9, 31), (9, 40), (9, 159), (9, 15), (2, 9), (9, 79), (9, 97)}",600,389463,0.5294575691223145
Graph_200_9951_1,200,9951,81,"{(82, 157), (150, 157), (55, 157), (31, 157), (110, 157), (157, 180), (33, 157), (44, 157), (99, 157), (123, 157), (157, 164), (50, 157), (140, 157), (151, 157), (63, 157), (153, 157), (157, 194), (12, 157), (23, 157), (78, 157), (91, 157), (102, 157), (25, 157), (119, 157), (157, 159), (42, 157), (121, 157), (147, 157), (157, 189), (6, 157), (125, 157), (19, 157), (74, 157), (100, 157), (36, 157), (126, 157), (47, 157), (49, 157), (117, 157), (128, 157), (139, 157), (157, 193), (53, 157), (11, 157), (0, 157), (66, 157), (156, 157), (26, 157), (17, 157), (157, 161), (83, 157), (94, 157), (157, 179), (157, 197), (80, 157), (45, 157), (58, 157), (137, 157), (157, 190), (7, 157), (97, 157), (62, 157), (141, 157), (152, 157), (75, 157), (157, 174), (130, 157), (13, 157), (24, 157), (35, 157), (103, 157), (114, 157), (39, 157), (37, 157), (157, 158), (131, 157), (157, 176), (157, 185), (109, 157), (14, 157), (69, 157)}",600,389463,0.5197181701660156
Graph_200_14926_0,200,14926,131,"{(43, 156), (43, 101), (43, 46), (43, 110), (43, 67), (43, 131), (23, 43), (12, 43), (43, 195), (27, 43), (43, 94), (43, 158), (43, 103), (43, 167), (25, 43), (40, 43), (43, 60), (43, 133), (43, 78), (43, 197), (43, 142), (43, 87), (43, 96), (43, 160), (43, 169), (2, 43), (43, 62), (43, 126), (43, 71), (43, 190), (43, 80), (43, 89), (43, 153), (43, 98), (19, 43), (43, 162), (43, 55), (43, 119), (43, 64), (43, 183), (43, 128), (43, 73), (43, 192), (43, 137), (43, 82), (36, 43), (43, 91), (43, 155), (43, 48), (43, 112), (43, 57), (43, 176), (43, 121), (43, 75), (43, 194), (43, 139), (43, 148), (11, 43), (15, 43), (26, 43), (43, 59), (43, 178), (43, 123), (43, 68), (43, 187), (43, 77), (43, 196), (28, 43), (32, 43), (43, 52), (43, 171), (43, 116), (43, 70), (43, 189), (34, 43), (5, 43), (43, 45), (43, 164), (43, 109), (43, 173), (43, 63), (43, 182), (7, 43), (43, 127), (43, 72), (43, 191), (22, 43), (9, 43), (43, 47), (43, 166), (35, 43), (43, 56), (43, 175), (43, 184), (43, 129), (39, 43), (43, 193), (37, 43), (43, 86), (43, 95), (41, 43), (43, 104), (43, 168), (1, 43), (43, 113), (43, 177), (43, 122), (3, 43), (14, 43), (43, 88), (43, 152), (43, 97), (43, 106), (43, 51), (43, 115), (16, 43), (43, 179), (43, 124), (20, 43), (43, 81), (43, 145), (43, 90), (43, 154), (33, 43), (43, 108), (43, 53), (43, 117), (43, 181), (43, 138), (43, 83), (43, 147)}",600,454138,0.7572147846221924
Graph_200_14926_1,200,14926,132,"{(141, 182), (152, 182), (33, 182), (44, 182), (88, 182), (99, 182), (154, 182), (103, 182), (114, 182), (169, 182), (50, 182), (61, 182), (116, 182), (127, 182), (171, 182), (10, 182), (182, 191), (131, 182), (63, 182), (12, 182), (23, 182), (67, 182), (89, 182), (133, 182), (144, 182), (27, 182), (93, 182), (182, 184), (182, 193), (25, 182), (106, 182), (95, 182), (84, 182), (110, 182), (182, 186), (163, 182), (182, 195), (46, 182), (57, 182), (112, 182), (68, 182), (123, 182), (178, 182), (6, 182), (70, 182), (125, 182), (180, 182), (19, 182), (8, 182), (30, 182), (85, 182), (151, 182), (182, 188), (87, 182), (36, 182), (47, 182), (181, 182), (168, 182), (182, 190), (51, 182), (182, 199), (38, 182), (49, 182), (104, 182), (64, 182), (53, 182), (182, 183), (182, 192), (0, 182), (11, 182), (132, 182), (176, 182), (26, 182), (15, 182), (81, 182), (136, 182), (147, 182), (134, 182), (17, 182), (28, 182), (182, 185), (138, 182), (160, 182), (32, 182), (43, 182), (164, 182), (45, 182), (111, 182), (100, 182), (155, 182), (166, 182), (177, 182), (5, 182), (126, 182), (179, 182), (73, 182), (62, 182), (128, 182), (139, 182), (22, 182), (77, 182), (143, 182), (130, 182), (24, 182), (13, 182), (35, 182), (101, 182), (145, 182), (156, 182), (39, 182), (37, 182), (158, 182), (52, 182), (107, 182), (162, 182), (173, 182), (182, 194), (54, 182), (109, 182), (120, 182), (175, 182), (14, 182), (58, 182), (69, 182), (124, 182), (135, 182), (182, 187), (16, 182), (71, 182), (82, 182), (137, 182), (31, 182)}",400,373734,0.7381677627563477
Graph_200_19900_0,200,19900,199,"{(99, 100), (99, 164), (99, 109), (7, 99), (18, 99), (62, 99), (73, 99), (99, 118), (99, 173), (99, 182), (99, 127), (99, 191), (22, 99), (99, 136), (77, 99), (9, 99), (75, 99), (99, 157), (13, 99), (24, 99), (35, 99), (79, 99), (90, 99), (99, 102), (99, 111), (99, 166), (99, 175), (39, 99), (99, 120), (99, 184), (99, 129), (99, 193), (37, 99), (92, 99), (41, 99), (52, 99), (96, 99), (99, 159), (1, 99), (99, 104), (99, 168), (99, 113), (99, 177), (99, 122), (54, 99), (99, 186), (99, 195), (3, 99), (14, 99), (58, 99), (69, 99), (80, 99), (99, 152), (99, 161), (99, 106), (16, 99), (99, 170), (71, 99), (82, 99), (99, 115), (99, 179), (99, 124), (20, 99), (31, 99), (86, 99), (97, 99), (99, 188), (99, 145), (33, 99), (44, 99), (88, 99), (99, 154), (99, 163), (99, 108), (99, 172), (48, 99), (99, 117), (99, 181), (99, 138), (50, 99), (61, 99), (99, 147), (10, 99), (99, 156), (65, 99), (76, 99), (99, 101), (99, 165), (99, 110), (99, 174), (63, 99), (12, 99), (23, 99), (67, 99), (78, 99), (89, 99), (99, 131), (99, 140), (27, 99), (93, 99), (99, 149), (99, 158), (99, 103), (25, 99), (99, 167), (29, 99), (40, 99), (84, 99), (95, 99), (55, 99), (99, 133), (99, 197), (99, 142), (42, 99), (99, 151), (99, 160), (99, 105), (2, 99), (46, 99), (57, 99), (68, 99), (99, 169), (6, 99), (72, 99), (99, 126), (4, 99), (99, 190), (59, 99), (70, 99), (99, 135), (99, 199), (99, 144), (8, 99), (19, 99), (30, 99), (74, 99), (85, 99), (99, 153), (99, 162), (21, 99), (99, 119), (87, 99), (99, 183), (99, 128), (99, 192), (36, 99), (47, 99), (91, 99), (99, 137), (99, 146), (99, 155), (51, 99), (38, 99), (49, 99), (99, 112), (99, 176), (99, 121), (53, 99), (64, 99), (99, 185), (99, 130), (99, 194), (99, 139), (99, 148), (0, 99), (11, 99), (66, 99), (15, 99), (26, 99), (81, 99), (99, 114), (99, 178), (99, 123), (99, 187), (99, 132), (99, 196), (99, 141), (17, 99), (28, 99), (83, 99), (94, 99), (99, 150), (32, 99), (43, 99), (98, 99), (99, 107), (99, 171), (99, 116), (99, 180), (99, 125), (99, 189), (34, 99), (45, 99), (56, 99), (99, 134), (99, 198), (99, 143), (5, 99), (60, 99)}",400,418500,1.0198707580566406
Graph_200_19900_1,200,19900,199,"{(99, 100), (99, 164), (99, 109), (7, 99), (18, 99), (62, 99), (73, 99), (99, 118), (99, 173), (99, 182), (99, 127), (99, 191), (22, 99), (99, 136), (77, 99), (9, 99), (75, 99), (99, 157), (13, 99), (24, 99), (35, 99), (79, 99), (90, 99), (99, 102), (99, 111), (99, 166), (99, 175), (39, 99), (99, 120), (99, 184), (99, 129), (99, 193), (37, 99), (92, 99), (41, 99), (52, 99), (96, 99), (99, 159), (1, 99), (99, 104), (99, 168), (99, 113), (99, 177), (99, 122), (54, 99), (99, 186), (99, 195), (3, 99), (14, 99), (58, 99), (69, 99), (80, 99), (99, 152), (99, 161), (99, 106), (16, 99), (99, 170), (71, 99), (82, 99), (99, 115), (99, 179), (99, 124), (20, 99), (31, 99), (86, 99), (97, 99), (99, 188), (99, 145), (33, 99), (44, 99), (88, 99), (99, 154), (99, 163), (99, 108), (99, 172), (48, 99), (99, 117), (99, 181), (99, 138), (50, 99), (61, 99), (99, 147), (10, 99), (99, 156), (65, 99), (76, 99), (99, 101), (99, 165), (99, 110), (99, 174), (63, 99), (12, 99), (23, 99), (67, 99), (78, 99), (89, 99), (99, 131), (99, 140), (27, 99), (93, 99), (99, 149), (99, 158), (99, 103), (25, 99), (99, 167), (29, 99), (40, 99), (84, 99), (95, 99), (55, 99), (99, 133), (99, 197), (99, 142), (42, 99), (99, 151), (99, 160), (99, 105), (2, 99), (46, 99), (57, 99), (68, 99), (99, 169), (6, 99), (72, 99), (99, 126), (4, 99), (99, 190), (59, 99), (70, 99), (99, 135), (99, 199), (99, 144), (8, 99), (19, 99), (30, 99), (74, 99), (85, 99), (99, 153), (99, 162), (21, 99), (99, 119), (87, 99), (99, 183), (99, 128), (99, 192), (36, 99), (47, 99), (91, 99), (99, 137), (99, 146), (99, 155), (51, 99), (38, 99), (49, 99), (99, 112), (99, 176), (99, 121), (53, 99), (64, 99), (99, 185), (99, 130), (99, 194), (99, 139), (99, 148), (0, 99), (11, 99), (66, 99), (15, 99), (26, 99), (81, 99), (99, 114), (99, 178), (99, 123), (99, 187), (99, 132), (99, 196), (99, 141), (17, 99), (28, 99), (83, 99), (94, 99), (99, 150), (32, 99), (43, 99), (98, 99), (99, 107), (99, 171), (99, 116), (99, 180), (99, 125), (99, 189), (34, 99), (45, 99), (56, 99), (99, 134), (99, 198), (99, 143), (5, 99), (60, 99)}",400,418500,1.041670560836792
Graph_250_3891_0,250,3891,17,"{(189, 201), (189, 210), (9, 189), (151, 189), (104, 189), (23, 189), (189, 222), (2, 189), (89, 189), (19, 189), (141, 189), (112, 189), (31, 189), (69, 189), (48, 189), (189, 231), (27, 189)}",750,394458,0.2385249137878418
Graph_250_3891_1,250,3891,19,"{(120, 129), (14, 120), (58, 120), (5, 120), (120, 177), (53, 120), (120, 122), (120, 235), (120, 146), (2, 120), (120, 158), (120, 234), (120, 185), (19, 120), (120, 142), (120, 221), (89, 120), (120, 227), (67, 120)}",750,394458,0.24944734573364258
Graph_250_7782_0,250,7782,44,"{(189, 201), (189, 210), (92, 189), (158, 189), (17, 189), (189, 222), (94, 189), (116, 189), (19, 189), (171, 189), (189, 231), (151, 189), (10, 189), (189, 243), (54, 189), (23, 189), (189, 195), (89, 189), (133, 189), (155, 189), (69, 189), (27, 189), (93, 189), (126, 189), (189, 227), (189, 245), (104, 189), (189, 199), (128, 189), (31, 189), (141, 189), (9, 189), (189, 229), (189, 235), (11, 189), (44, 189), (189, 238), (189, 244), (2, 189), (24, 189), (189, 247), (112, 189), (48, 189), (39, 189)}",750,445041,0.43915796279907227
Graph_250_7782_1,250,7782,42,"{(34, 117), (102, 117), (117, 197), (117, 203), (117, 142), (117, 206), (117, 169), (49, 117), (95, 117), (38, 117), (71, 117), (18, 117), (117, 236), (117, 178), (110, 117), (117, 126), (117, 193), (117, 144), (117, 211), (79, 117), (66, 117), (117, 226), (117, 165), (13, 117), (35, 117), (46, 117), (117, 223), (117, 174), (15, 117), (117, 238), (117, 241), (4, 117), (117, 137), (117, 140), (28, 117), (32, 117), (117, 158), (117, 231), (117, 170), (117, 173), (117, 240), (117, 237)}",500,381788,0.44049692153930664
Graph_250_15563_0,250,15563,103,"{(36, 117), (117, 163), (117, 227), (38, 117), (117, 236), (77, 117), (0, 117), (79, 117), (66, 117), (117, 165), (117, 174), (15, 117), (117, 238), (117, 247), (117, 140), (28, 117), (117, 149), (117, 213), (117, 158), (117, 222), (117, 231), (117, 240), (109, 117), (34, 117), (45, 117), (56, 117), (117, 133), (117, 206), (117, 215), (117, 224), (117, 169), (117, 233), (18, 117), (117, 126), (117, 135), (117, 199), (117, 144), (9, 117), (117, 162), (117, 226), (24, 117), (35, 117), (117, 235), (117, 128), (37, 117), (117, 137), (117, 201), (117, 210), (117, 228), (89, 117), (27, 117), (117, 139), (117, 212), (117, 157), (84, 117), (82, 117), (117, 123), (31, 117), (110, 117), (117, 187), (117, 196), (117, 141), (117, 205), (117, 150), (117, 214), (57, 117), (33, 117), (112, 117), (117, 171), (117, 244), (117, 198), (117, 143), (74, 117), (50, 117), (85, 117), (10, 117), (117, 173), (117, 118), (63, 117), (117, 237), (117, 182), (47, 117), (23, 117), (91, 117), (102, 117), (115, 117), (29, 117), (117, 248), (117, 193), (46, 117), (117, 232), (117, 122), (117, 241), (4, 117), (32, 117), (8, 117), (30, 117), (98, 117), (117, 152), (117, 216), (117, 225), (111, 117), (87, 117)}",500,451817,0.7962861061096191
Graph_250_15563_1,250,15563,103,"{(59, 238), (70, 238), (160, 238), (204, 238), (215, 238), (8, 238), (219, 238), (217, 238), (56, 238), (21, 238), (238, 245), (166, 238), (155, 238), (177, 238), (60, 238), (181, 238), (62, 238), (38, 238), (49, 238), (73, 238), (117, 238), (77, 238), (130, 238), (196, 238), (11, 238), (79, 238), (90, 238), (156, 238), (211, 238), (41, 238), (17, 238), (28, 238), (52, 238), (96, 238), (107, 238), (173, 238), (1, 238), (122, 238), (175, 238), (69, 238), (135, 238), (82, 238), (137, 238), (18, 238), (238, 244), (141, 238), (218, 238), (99, 238), (154, 238), (220, 238), (48, 238), (13, 238), (24, 238), (61, 238), (182, 238), (226, 238), (237, 238), (10, 238), (65, 238), (131, 238), (197, 238), (184, 238), (67, 238), (89, 238), (133, 238), (144, 238), (27, 238), (3, 238), (146, 238), (40, 238), (150, 238), (172, 238), (110, 238), (231, 238), (108, 238), (46, 238), (112, 238), (191, 238), (85, 238), (129, 238), (87, 238), (63, 238), (36, 238), (238, 248), (102, 238), (157, 238), (223, 238), (115, 238), (159, 238), (225, 238), (29, 238), (174, 238), (185, 238), (66, 238), (42, 238), (121, 238), (15, 238), (2, 238), (26, 238), (81, 238), (136, 238), (202, 238), (134, 238)}",750,546194,0.8563547134399414
Graph_250_23344_0,250,23344,165,"{(21, 199), (87, 199), (177, 199), (142, 199), (153, 199), (36, 199), (47, 199), (126, 199), (199, 205), (199, 232), (38, 199), (49, 199), (104, 199), (115, 199), (159, 199), (194, 199), (64, 199), (143, 199), (119, 199), (199, 207), (199, 225), (11, 199), (66, 199), (176, 199), (15, 199), (199, 246), (134, 199), (199, 200), (17, 199), (28, 199), (94, 199), (162, 199), (138, 199), (149, 199), (160, 199), (43, 199), (122, 199), (98, 199), (199, 248), (111, 199), (155, 199), (166, 199), (199, 211), (5, 199), (113, 199), (192, 199), (7, 199), (18, 199), (62, 199), (152, 199), (117, 199), (128, 199), (139, 199), (199, 241), (22, 199), (77, 199), (199, 204), (9, 199), (75, 199), (130, 199), (13, 199), (24, 199), (101, 199), (169, 199), (145, 199), (156, 199), (39, 199), (199, 206), (37, 199), (92, 199), (182, 199), (158, 199), (41, 199), (52, 199), (96, 199), (107, 199), (118, 199), (131, 199), (197, 199), (1, 199), (199, 227), (199, 236), (199, 245), (109, 199), (120, 199), (175, 199), (3, 199), (14, 199), (69, 199), (80, 199), (124, 199), (135, 199), (199, 220), (16, 199), (71, 199), (82, 199), (172, 199), (199, 247), (20, 199), (31, 199), (97, 199), (141, 199), (199, 230), (33, 199), (199, 222), (88, 199), (99, 199), (165, 199), (189, 199), (48, 199), (199, 240), (103, 199), (114, 199), (193, 199), (199, 249), (105, 199), (116, 199), (127, 199), (171, 199), (195, 199), (199, 224), (76, 199), (199, 233), (23, 199), (78, 199), (89, 199), (144, 199), (157, 199), (168, 199), (27, 199), (199, 208), (93, 199), (199, 226), (199, 235), (146, 199), (199, 244), (40, 199), (95, 199), (106, 199), (161, 199), (185, 199), (55, 199), (199, 201), (199, 210), (199, 219), (163, 199), (199, 228), (2, 199), (57, 199), (68, 199), (123, 199), (136, 199), (199, 237), (72, 199), (4, 199), (70, 199), (199, 212), (19, 199), (30, 199), (74, 199), (85, 199), (129, 199), (140, 199), (151, 199), (199, 221)}",500,521846,1.31919527053833
Graph_250_23344_1,250,23344,166,"{(3, 175), (14, 175), (58, 175), (80, 175), (124, 175), (135, 175), (175, 184), (175, 248), (175, 202), (71, 175), (82, 175), (86, 175), (97, 175), (141, 175), (152, 175), (175, 177), (175, 232), (175, 241), (175, 186), (175, 195), (33, 175), (44, 175), (99, 175), (154, 175), (165, 175), (169, 175), (175, 225), (175, 243), (175, 188), (50, 175), (175, 197), (105, 175), (127, 175), (65, 175), (175, 227), (175, 236), (12, 175), (23, 175), (78, 175), (89, 175), (67, 175), (175, 181), (175, 190), (93, 175), (148, 175), (25, 175), (146, 175), (175, 220), (29, 175), (40, 175), (84, 175), (95, 175), (150, 175), (172, 175), (175, 238), (175, 183), (55, 175), (175, 247), (42, 175), (108, 175), (2, 175), (57, 175), (175, 213), (167, 175), (175, 222), (6, 175), (175, 231), (175, 176), (175, 185), (175, 249), (59, 175), (19, 175), (30, 175), (74, 175), (164, 175), (129, 175), (140, 175), (151, 175), (175, 206), (175, 233), (87, 175), (142, 175), (36, 175), (91, 175), (157, 175), (168, 175), (51, 175), (175, 208), (175, 217), (38, 175), (104, 175), (115, 175), (159, 175), (170, 175), (175, 226), (53, 175), (64, 175), (174, 175), (175, 192), (11, 175), (0, 175), (66, 175), (175, 201), (132, 175), (175, 210), (175, 219), (15, 175), (81, 175), (136, 175), (175, 228), (134, 175), (17, 175), (28, 175), (83, 175), (149, 175), (175, 194), (175, 203), (32, 175), (43, 175), (175, 221), (175, 230), (56, 175), (45, 175), (166, 175), (175, 187), (5, 175), (60, 175), (126, 175), (175, 205), (175, 214), (113, 175), (175, 223), (18, 175), (7, 175), (73, 175), (139, 175), (77, 175), (175, 180), (175, 244), (175, 189), (9, 175), (175, 198), (75, 175), (130, 175), (175, 207), (24, 175), (13, 175), (79, 175), (90, 175), (145, 175), (39, 175), (37, 175), (175, 246), (158, 175), (175, 191), (175, 200), (41, 175), (52, 175), (107, 175), (118, 175), (162, 175), (173, 175), (1, 175), (122, 175), (54, 175), (120, 175)}",500,521846,1.3507871627807617
Graph_250_31125_0,250,31125,249,"{(77, 124), (124, 175), (124, 239), (124, 184), (124, 129), (124, 248), (124, 193), (124, 138), (124, 202), (11, 124), (0, 124), (66, 124), (79, 124), (90, 124), (101, 124), (39, 124), (15, 124), (26, 124), (124, 168), (124, 232), (124, 177), (124, 241), (124, 186), (124, 131), (17, 124), (28, 124), (83, 124), (96, 124), (107, 124), (118, 124), (124, 140), (124, 195), (124, 204), (32, 124), (122, 124), (124, 161), (109, 124), (120, 124), (124, 225), (124, 170), (124, 234), (58, 124), (34, 124), (45, 124), (56, 124), (69, 124), (80, 124), (124, 179), (124, 133), (124, 188), (124, 243), (5, 124), (124, 197), (38, 124), (113, 124), (124, 154), (124, 218), (7, 124), (18, 124), (73, 124), (62, 124), (86, 124), (97, 124), (124, 163), (124, 172), (124, 227), (124, 236), (124, 181), (22, 124), (124, 126), (124, 245), (124, 190), (9, 124), (99, 124), (75, 124), (48, 124), (13, 124), (24, 124), (35, 124), (103, 124), (114, 124), (124, 147), (124, 156), (124, 211), (124, 220), (124, 165), (124, 229), (124, 174), (124, 238), (124, 183), (124, 247), (37, 124), (105, 124), (92, 124), (116, 124), (65, 124), (41, 124), (52, 124), (76, 124), (124, 149), (1, 124), (124, 213), (124, 158), (124, 222), (124, 167), (124, 231), (89, 124), (54, 124), (124, 176), (124, 240), (124, 185), (124, 249), (14, 124), (3, 124), (93, 124), (124, 142), (124, 206), (124, 151), (124, 215), (16, 124), (84, 124), (71, 124), (82, 124), (95, 124), (106, 124), (124, 160), (124, 169), (124, 224), (124, 233), (55, 124), (20, 124), (31, 124), (110, 124), (124, 178), (124, 242), (124, 135), (124, 199), (68, 124), (33, 124), (44, 124), (88, 124), (112, 124), (123, 124), (124, 144), (124, 153), (124, 208), (124, 217), (72, 124), (124, 162), (124, 226), (124, 171), (124, 235), (74, 124), (50, 124), (61, 124), (85, 124), (124, 128), (124, 137), (124, 192), (124, 201), (10, 124), (124, 146), (124, 210), (124, 155), (124, 219), (124, 164), (124, 228), (63, 124), (12, 124), (23, 124), (67, 124), (78, 124), (91, 124), (102, 124), (51, 124), (27, 124), (124, 130), (124, 194), (124, 139), (124, 203), (124, 148), (25, 124), (104, 124), (115, 124), (124, 157), (124, 212), (124, 221), (53, 124), (64, 124), (40, 124), (29, 124), (119, 124), (124, 230), (124, 187), (124, 132), (124, 196), (42, 124), (121, 124), (108, 124), (124, 141), (124, 205), (124, 150), (2, 124), (81, 124), (46, 124), (57, 124), (124, 159), (124, 214), (124, 223), (6, 124), (4, 124), (94, 124), (59, 124), (70, 124), (124, 125), (124, 180), (124, 189), (124, 134), (124, 244), (43, 124), (8, 124), (19, 124), (30, 124), (98, 124), (124, 143), (124, 198), (124, 152), (124, 207), (124, 216), (21, 124), (100, 124), (87, 124), (111, 124), (124, 173), (124, 237), (124, 182), (60, 124), (36, 124), (47, 124), (124, 127), (124, 191), (124, 246), (124, 136), (124, 200), (124, 145), (124, 209), (49, 124), (117, 124), (124, 166)}",500,591875,1.707308053970337
Graph_250_31125_1,250,31125,249,"{(77, 124), (124, 175), (124, 239), (124, 184), (124, 129), (124, 248), (124, 193), (124, 138), (124, 202), (11, 124), (0, 124), (66, 124), (79, 124), (90, 124), (101, 124), (39, 124), (15, 124), (26, 124), (124, 168), (124, 232), (124, 177), (124, 241), (124, 186), (124, 131), (17, 124), (28, 124), (83, 124), (96, 124), (107, 124), (118, 124), (124, 140), (124, 195), (124, 204), (32, 124), (122, 124), (124, 161), (109, 124), (120, 124), (124, 225), (124, 170), (124, 234), (58, 124), (34, 124), (45, 124), (56, 124), (69, 124), (80, 124), (124, 179), (124, 133), (124, 188), (124, 243), (5, 124), (124, 197), (38, 124), (113, 124), (124, 154), (124, 218), (7, 124), (18, 124), (73, 124), (62, 124), (86, 124), (97, 124), (124, 163), (124, 172), (124, 227), (124, 236), (124, 181), (22, 124), (124, 126), (124, 245), (124, 190), (9, 124), (99, 124), (75, 124), (48, 124), (13, 124), (24, 124), (35, 124), (103, 124), (114, 124), (124, 147), (124, 156), (124, 211), (124, 220), (124, 165), (124, 229), (124, 174), (124, 238), (124, 183), (124, 247), (37, 124), (105, 124), (92, 124), (116, 124), (65, 124), (41, 124), (52, 124), (76, 124), (124, 149), (1, 124), (124, 213), (124, 158), (124, 222), (124, 167), (124, 231), (89, 124), (54, 124), (124, 176), (124, 240), (124, 185), (124, 249), (14, 124), (3, 124), (93, 124), (124, 142), (124, 206), (124, 151), (124, 215), (16, 124), (84, 124), (71, 124), (82, 124), (95, 124), (106, 124), (124, 160), (124, 169), (124, 224), (124, 233), (55, 124), (20, 124), (31, 124), (110, 124), (124, 178), (124, 242), (124, 135), (124, 199), (68, 124), (33, 124), (44, 124), (88, 124), (112, 124), (123, 124), (124, 144), (124, 153), (124, 208), (124, 217), (72, 124), (124, 162), (124, 226), (124, 171), (124, 235), (74, 124), (50, 124), (61, 124), (85, 124), (124, 128), (124, 137), (124, 192), (124, 201), (10, 124), (124, 146), (124, 210), (124, 155), (124, 219), (124, 164), (124, 228), (63, 124), (12, 124), (23, 124), (67, 124), (78, 124), (91, 124), (102, 124), (51, 124), (27, 124), (124, 130), (124, 194), (124, 139), (124, 203), (124, 148), (25, 124), (104, 124), (115, 124), (124, 157), (124, 212), (124, 221), (53, 124), (64, 124), (40, 124), (29, 124), (119, 124), (124, 230), (124, 187), (124, 132), (124, 196), (42, 124), (121, 124), (108, 124), (124, 141), (124, 205), (124, 150), (2, 124), (81, 124), (46, 124), (57, 124), (124, 159), (124, 214), (124, 223), (6, 124), (4, 124), (94, 124), (59, 124), (70, 124), (124, 125), (124, 180), (124, 189), (124, 134), (124, 244), (43, 124), (8, 124), (19, 124), (30, 124), (98, 124), (124, 143), (124, 198), (124, 152), (124, 207), (124, 216), (21, 124), (100, 124), (87, 124), (111, 124), (124, 173), (124, 237), (124, 182), (60, 124), (36, 124), (47, 124), (124, 127), (124, 191), (124, 246), (124, 136), (124, 200), (124, 145), (124, 209), (49, 124), (117, 124), (124, 166)}",500,591875,1.731316328048706
Graph_300_5607_0,300,5607,20,"{(47, 59), (59, 192), (59, 152), (59, 97), (59, 219), (59, 234), (59, 246), (59, 124), (59, 200), (59, 206), (59, 184), (59, 62), (59, 245), (59, 77), (59, 263), (59, 202), (59, 153), (59, 156), (59, 278), (23, 59)}",900,508041,0.3589937686920166
Graph_300_5607_1,300,5607,23,"{(205, 286), (205, 243), (157, 205), (82, 205), (205, 291), (172, 205), (64, 205), (77, 205), (130, 205), (205, 272), (68, 205), (205, 281), (2, 205), (193, 205), (205, 241), (92, 205), (83, 205), (182, 205), (118, 205), (129, 205), (140, 205), (65, 205), (205, 219)}",900,508041,0.38286352157592773
Graph_300_11213_0,300,11213,52,"{(10, 95), (10, 220), (10, 43), (10, 107), (10, 58), (10, 241), (10, 119), (10, 64), (10, 183), (10, 134), (10, 18), (10, 21), (10, 265), (10, 204), (10, 210), (10, 88), (10, 219), (10, 271), (10, 36), (10, 103), (10, 222), (10, 280), (10, 286), (10, 228), (10, 173), (10, 243), (10, 127), (0, 10), (2, 10), (10, 84), (10, 200), (10, 206), (10, 96), (10, 209), (10, 99), (10, 266), (10, 44), (10, 157), (10, 47), (10, 50), (10, 230), (10, 114), (10, 53), (10, 184), (10, 77), (10, 16), (10, 141), (10, 199), (10, 138), (10, 83), (10, 86), (10, 211)}",900,580919,0.6577351093292236
Graph_300_11213_1,300,11213,56,"{(189, 207), (134, 189), (158, 189), (17, 189), (28, 189), (180, 189), (105, 189), (149, 189), (171, 189), (189, 228), (189, 289), (151, 189), (10, 189), (32, 189), (43, 189), (189, 197), (63, 189), (87, 189), (175, 189), (189, 195), (78, 189), (133, 189), (14, 189), (5, 189), (157, 189), (189, 227), (189, 294), (189, 242), (189, 245), (189, 190), (104, 189), (189, 199), (7, 189), (159, 189), (170, 189), (95, 189), (189, 196), (161, 189), (189, 260), (53, 189), (189, 266), (119, 189), (189, 269), (42, 189), (130, 189), (11, 189), (165, 189), (35, 189), (46, 189), (79, 189), (101, 189), (145, 189), (156, 189), (189, 192), (189, 259), (189, 262)}",900,580919,0.6420683860778809
Graph_300_22426_0,300,22426,125,"{(15, 259), (15, 85), (15, 149), (15, 158), (15, 222), (15, 167), (15, 78), (15, 32), (15, 151), (15, 96), (15, 160), (15, 224), (15, 117), (15, 62), (15, 126), (15, 71), (15, 135), (15, 80), (15, 263), (15, 208), (15, 46), (15, 55), (15, 119), (15, 64), (15, 183), (15, 247), (15, 18), (15, 256), (15, 146), (15, 265), (15, 112), (15, 121), (10, 15), (15, 66), (15, 194), (15, 258), (15, 203), (15, 148), (15, 267), (15, 212), (15, 276), (15, 59), (15, 178), (15, 123), (15, 68), (15, 141), (15, 98), (15, 43), (15, 162), (15, 226), (15, 52), (15, 171), (15, 116), (15, 235), (15, 180), (15, 125), (15, 70), (15, 189), (15, 253), (15, 262), (6, 15), (15, 91), (15, 155), (15, 100), (15, 109), (15, 54), (15, 173), (15, 118), (15, 63), (15, 127), (15, 191), (15, 255), (15, 102), (15, 221), (15, 56), (15, 175), (15, 120), (15, 239), (15, 150), (15, 95), (15, 168), (15, 287), (15, 58), (15, 296), (11, 15), (15, 250), (15, 24), (15, 33), (15, 152), (15, 271), (15, 216), (15, 42), (15, 161), (15, 225), (15, 51), (15, 234), (15, 72), (15, 17), (15, 136), (15, 81), (15, 145), (15, 273), (15, 218), (15, 282), (15, 108), (15, 227), (15, 291), (5, 15), (15, 236), (15, 19), (15, 83), (15, 202), (15, 28), (15, 147), (15, 266), (15, 211), (15, 37), (15, 101), (15, 293), (15, 238), (15, 67), (13, 15), (15, 131), (15, 76), (15, 195)}",900,726688,1.2741007804870605
Graph_300_22426_1,300,22426,130,"{(28, 293), (28, 122), (28, 186), (28, 250), (28, 76), (28, 140), (28, 30), (28, 149), (28, 158), (28, 277), (28, 222), (28, 115), (22, 28), (28, 78), (28, 197), (28, 142), (28, 261), (28, 87), (9, 28), (28, 215), (13, 28), (24, 28), (28, 53), (28, 62), (28, 71), (28, 190), (28, 254), (28, 80), (28, 208), (28, 153), (28, 272), (1, 28), (28, 110), (28, 174), (28, 64), (28, 183), (28, 128), (28, 247), (28, 192), (28, 137), (28, 256), (14, 28), (28, 201), (28, 274), (28, 39), (28, 48), (16, 28), (28, 167), (28, 295), (28, 121), (28, 66), (28, 130), (28, 194), (28, 139), (28, 258), (28, 203), (28, 32), (28, 160), (28, 114), (28, 68), (28, 132), (28, 251), (28, 196), (28, 260), (28, 98), (28, 52), (28, 116), (28, 180), (28, 189), (28, 253), (27, 28), (28, 91), (28, 155), (28, 100), (28, 219), (28, 164), (28, 109), (28, 54), (28, 173), (28, 118), (28, 182), (28, 246), (28, 191), (28, 255), (28, 84), (28, 29), (28, 148), (28, 93), (28, 38), (28, 157), (28, 221), (28, 285), (28, 230), (28, 56), (28, 175), (28, 239), (4, 28), (28, 141), (28, 205), (28, 278), (28, 223), (28, 49), (28, 287), (28, 177), (28, 70), (28, 88), (28, 207), (28, 97), (28, 179), (28, 298), (28, 243), (28, 136), (28, 145), (28, 209), (28, 218), (28, 44), (28, 227), (28, 172), (28, 291), (26, 28), (15, 28), (28, 65), (28, 74), (28, 193), (28, 257), (28, 83), (28, 266), (28, 92), (28, 37), (28, 229)}",600,590934,1.3937397003173828
Graph_300_33638_0,300,33638,201,"{(5, 172), (126, 172), (172, 258), (172, 203), (172, 267), (172, 212), (113, 172), (172, 276), (172, 221), (172, 285), (172, 230), (62, 172), (172, 294), (117, 172), (128, 172), (22, 172), (77, 172), (172, 251), (172, 196), (172, 260), (172, 205), (172, 269), (172, 214), (13, 172), (24, 172), (79, 172), (101, 172), (11, 172), (0, 172), (156, 172), (172, 223), (172, 287), (39, 172), (92, 172), (172, 253), (41, 172), (52, 172), (96, 172), (118, 172), (172, 271), (172, 216), (172, 280), (122, 172), (3, 172), (69, 172), (80, 172), (58, 172), (124, 172), (135, 172), (172, 191), (172, 255), (172, 200), (172, 282), (71, 172), (82, 172), (137, 172), (31, 172), (86, 172), (172, 175), (172, 239), (172, 184), (172, 248), (172, 193), (172, 257), (172, 202), (172, 266), (33, 172), (9, 172), (44, 172), (172, 211), (154, 172), (165, 172), (48, 172), (103, 172), (114, 172), (172, 232), (172, 296), (172, 241), (172, 186), (50, 172), (37, 172), (61, 172), (116, 172), (171, 172), (172, 204), (172, 268), (10, 172), (76, 172), (131, 172), (12, 172), (172, 179), (89, 172), (78, 172), (133, 172), (144, 172), (172, 188), (172, 243), (172, 252), (172, 298), (27, 172), (93, 172), (172, 261), (172, 270), (146, 172), (29, 172), (95, 172), (106, 172), (161, 172), (55, 172), (172, 245), (172, 190), (172, 254), (172, 199), (172, 263), (108, 172), (163, 172), (2, 172), (46, 172), (68, 172), (112, 172), (123, 172), (172, 220), (6, 172), (172, 284), (72, 172), (172, 229), (172, 174), (172, 293), (172, 238), (172, 183), (70, 172), (172, 192), (125, 172), (172, 256), (30, 172), (74, 172), (85, 172), (129, 172), (140, 172), (151, 172), (172, 277), (172, 222), (172, 231), (172, 295), (153, 172), (172, 185), (172, 249), (47, 172), (36, 172), (91, 172), (168, 172), (51, 172), (172, 206), (172, 215), (38, 172), (25, 172), (104, 172), (115, 172), (159, 172), (170, 172), (172, 224), (172, 279), (172, 233), (172, 288), (53, 172), (64, 172), (172, 242), (121, 172), (132, 172), (172, 208), (172, 272), (172, 217), (26, 172), (15, 172), (81, 172), (172, 226), (147, 172), (172, 281), (172, 290), (172, 235), (172, 299), (17, 172), (4, 172), (83, 172), (138, 172), (149, 172), (160, 172), (32, 172), (43, 172), (98, 172), (172, 265), (164, 172), (172, 274), (172, 219), (172, 228), (172, 173), (172, 292), (34, 172), (21, 172), (111, 172), (166, 172)}",600,691842,1.9442675113677979
Graph_300_33638_1,300,33638,206,"{(104, 197), (52, 104), (104, 142), (96, 104), (104, 151), (104, 215), (1, 104), (104, 160), (104, 279), (104, 169), (104, 233), (54, 104), (3, 104), (14, 104), (69, 104), (104, 126), (104, 135), (104, 254), (104, 199), (104, 263), (104, 208), (104, 153), (104, 272), (104, 217), (104, 162), (104, 281), (71, 104), (82, 104), (20, 104), (31, 104), (86, 104), (97, 104), (104, 119), (104, 128), (104, 247), (104, 192), (104, 137), (104, 256), (104, 201), (104, 265), (33, 104), (44, 104), (88, 104), (104, 155), (104, 210), (104, 274), (104, 283), (48, 104), (104, 112), (104, 176), (104, 240), (104, 185), (104, 130), (104, 194), (61, 104), (50, 104), (104, 139), (104, 258), (104, 203), (104, 148), (104, 267), (10, 104), (104, 212), (65, 104), (76, 104), (104, 276), (63, 104), (104, 105), (12, 104), (67, 104), (104, 132), (104, 141), (93, 104), (104, 260), (104, 269), (104, 214), (25, 104), (104, 278), (29, 104), (40, 104), (84, 104), (95, 104), (104, 107), (104, 171), (104, 116), (104, 235), (104, 299), (55, 104), (104, 244), (104, 189), (104, 134), (104, 198), (104, 143), (104, 262), (42, 104), (104, 207), (104, 271), (2, 104), (57, 104), (104, 164), (6, 104), (104, 109), (72, 104), (104, 228), (104, 173), (104, 237), (104, 182), (104, 246), (59, 104), (104, 191), (104, 136), (104, 255), (8, 104), (19, 104), (30, 104), (74, 104), (85, 104), (104, 221), (104, 166), (104, 285), (104, 111), (104, 230), (21, 104), (87, 104), (104, 120), (104, 239), (104, 294), (104, 184), (104, 248), (36, 104), (47, 104), (91, 104), (104, 193), (51, 104), (104, 150), (38, 104), (104, 168), (104, 113), (53, 104), (64, 104), (104, 122), (104, 241), (104, 250), (11, 104), (66, 104), (104, 152), (104, 216), (26, 104), (104, 161), (81, 104), (104, 106), (104, 225), (104, 280), (104, 289), (104, 115), (104, 298), (104, 124), (104, 243), (104, 252), (28, 104), (17, 104), (94, 104), (83, 104), (104, 145), (32, 104), (43, 104), (98, 104), (104, 209), (104, 218), (104, 163), (104, 282), (104, 108), (104, 227), (104, 236), (104, 181), (104, 245), (45, 104), (56, 104), (5, 104), (60, 104), (104, 147), (104, 266), (104, 156), (104, 275), (104, 220), (7, 104), (73, 104), (104, 174), (104, 238), (9, 104), (104, 195), (75, 104), (104, 140), (104, 268), (24, 104), (35, 104), (79, 104), (90, 104), (101, 104), (104, 158), (104, 277), (104, 286), (104, 231), (104, 295), (37, 104), (92, 104)}",600,691842,2.1141552925109863
Graph_300_44850_0,300,44850,299,"{(149, 165), (149, 284), (149, 229), (149, 174), (15, 149), (26, 149), (81, 149), (149, 238), (136, 149), (147, 149), (149, 183), (149, 247), (149, 293), (134, 149), (132, 149), (17, 149), (28, 149), (83, 149), (94, 149), (138, 149), (149, 213), (149, 158), (11, 149), (32, 149), (43, 149), (98, 149), (149, 167), (149, 222), (149, 277), (149, 231), (149, 286), (149, 176), (149, 295), (149, 240), (149, 249), (34, 149), (45, 149), (56, 149), (100, 149), (111, 149), (5, 149), (60, 149), (149, 206), (126, 149), (149, 151), (149, 270), (149, 215), (149, 160), (149, 279), (149, 224), (149, 169), (149, 288), (113, 149), (149, 233), (149, 178), (149, 297), (149, 242), (18, 149), (7, 149), (62, 149), (73, 149), (117, 149), (128, 149), (139, 149), (22, 149), (77, 149), (143, 149), (149, 199), (149, 263), (149, 208), (9, 149), (149, 153), (75, 149), (149, 272), (130, 149), (149, 217), (149, 162), (149, 281), (149, 226), (13, 149), (24, 149), (35, 149), (79, 149), (90, 149), (101, 149), (145, 149), (149, 171), (149, 235), (149, 290), (149, 299), (39, 149), (149, 192), (37, 149), (149, 256), (92, 149), (149, 201), (149, 265), (149, 210), (149, 155), (41, 149), (52, 149), (96, 149), (107, 149), (118, 149), (149, 164), (149, 219), (149, 228), (149, 274), (1, 149), (149, 283), (149, 292), (122, 149), (54, 149), (109, 149), (120, 149), (149, 185), (149, 194), (3, 149), (14, 149), (58, 149), (69, 149), (80, 149), (124, 149), (135, 149), (149, 203), (149, 212), (149, 258), (149, 157), (149, 267), (149, 276), (149, 221), (149, 285), (149, 294), (16, 149), (71, 149), (82, 149), (137, 149), (20, 149), (31, 149), (86, 149), (97, 149), (141, 149), (149, 187), (149, 251), (149, 196), (149, 260), (149, 205), (149, 150), (149, 269), (149, 214), (149, 159), (149, 278), (149, 223), (44, 149), (33, 149), (88, 149), (99, 149), (149, 287), (48, 149), (103, 149), (114, 149), (149, 180), (149, 244), (149, 189), (149, 253), (149, 198), (149, 262), (149, 207), (50, 149), (61, 149), (105, 149), (116, 149), (127, 149), (149, 152), (149, 216), (149, 271), (149, 280), (10, 149), (65, 149), (76, 149), (131, 149), (149, 173), (63, 149), (149, 237), (149, 182), (149, 246), (149, 191), (12, 149), (23, 149), (67, 149), (78, 149), (89, 149), (133, 149), (144, 149), (149, 200), (149, 255), (149, 209), (149, 264), (27, 149), (149, 273), (93, 149), (148, 149), (25, 149), (146, 149), (149, 166), (149, 230), (149, 175), (29, 149), (40, 149), (84, 149), (95, 149), (106, 149), (149, 184), (149, 239), (149, 248), (149, 193), (55, 149), (149, 257), (110, 149), (149, 202), (149, 266), (42, 149), (108, 149), (2, 149), (46, 149), (57, 149), (68, 149), (112, 149), (123, 149), (149, 168), (149, 232), (149, 177), (149, 296), (6, 149), (149, 241), (72, 149), (149, 186), (149, 250), (149, 195), (149, 259), (4, 149), (149, 204), (59, 149), (70, 149), (125, 149), (149, 268), (8, 149), (19, 149), (30, 149), (74, 149), (85, 149), (129, 149), (140, 149), (149, 161), (149, 225), (149, 170), (149, 289), (149, 234), (149, 179), (149, 298), (149, 156), (149, 243), (21, 149), (149, 188), (87, 149), (149, 252), (142, 149), (149, 197), (149, 261), (36, 149), (47, 149), (91, 149), (102, 149), (51, 149), (149, 154), (149, 218), (149, 163), (149, 282), (149, 227), (149, 172), (38, 149), (49, 149), (104, 149), (115, 149), (149, 181), (149, 236), (149, 291), (149, 245), (149, 190), (53, 149), (64, 149), (119, 149), (149, 254), (149, 211), (0, 149), (149, 275), (66, 149), (149, 220), (121, 149)}",600,792750,2.9515280723571777
Graph_300_44850_1,300,44850,299,"{(149, 165), (149, 284), (149, 229), (149, 174), (15, 149), (26, 149), (81, 149), (149, 238), (136, 149), (147, 149), (149, 183), (149, 247), (149, 293), (134, 149), (132, 149), (17, 149), (28, 149), (83, 149), (94, 149), (138, 149), (149, 213), (149, 158), (11, 149), (32, 149), (43, 149), (98, 149), (149, 167), (149, 222), (149, 277), (149, 231), (149, 286), (149, 176), (149, 295), (149, 240), (149, 249), (34, 149), (45, 149), (56, 149), (100, 149), (111, 149), (5, 149), (60, 149), (149, 206), (126, 149), (149, 151), (149, 270), (149, 215), (149, 160), (149, 279), (149, 224), (149, 169), (149, 288), (113, 149), (149, 233), (149, 178), (149, 297), (149, 242), (18, 149), (7, 149), (62, 149), (73, 149), (117, 149), (128, 149), (139, 149), (22, 149), (77, 149), (143, 149), (149, 199), (149, 263), (149, 208), (9, 149), (149, 153), (75, 149), (149, 272), (130, 149), (149, 217), (149, 162), (149, 281), (149, 226), (13, 149), (24, 149), (35, 149), (79, 149), (90, 149), (101, 149), (145, 149), (149, 171), (149, 235), (149, 290), (149, 299), (39, 149), (149, 192), (37, 149), (149, 256), (92, 149), (149, 201), (149, 265), (149, 210), (149, 155), (41, 149), (52, 149), (96, 149), (107, 149), (118, 149), (149, 164), (149, 219), (149, 228), (149, 274), (1, 149), (149, 283), (149, 292), (122, 149), (54, 149), (109, 149), (120, 149), (149, 185), (149, 194), (3, 149), (14, 149), (58, 149), (69, 149), (80, 149), (124, 149), (135, 149), (149, 203), (149, 212), (149, 258), (149, 157), (149, 267), (149, 276), (149, 221), (149, 285), (149, 294), (16, 149), (71, 149), (82, 149), (137, 149), (20, 149), (31, 149), (86, 149), (97, 149), (141, 149), (149, 187), (149, 251), (149, 196), (149, 260), (149, 205), (149, 150), (149, 269), (149, 214), (149, 159), (149, 278), (149, 223), (44, 149), (33, 149), (88, 149), (99, 149), (149, 287), (48, 149), (103, 149), (114, 149), (149, 180), (149, 244), (149, 189), (149, 253), (149, 198), (149, 262), (149, 207), (50, 149), (61, 149), (105, 149), (116, 149), (127, 149), (149, 152), (149, 216), (149, 271), (149, 280), (10, 149), (65, 149), (76, 149), (131, 149), (149, 173), (63, 149), (149, 237), (149, 182), (149, 246), (149, 191), (12, 149), (23, 149), (67, 149), (78, 149), (89, 149), (133, 149), (144, 149), (149, 200), (149, 255), (149, 209), (149, 264), (27, 149), (149, 273), (93, 149), (148, 149), (25, 149), (146, 149), (149, 166), (149, 230), (149, 175), (29, 149), (40, 149), (84, 149), (95, 149), (106, 149), (149, 184), (149, 239), (149, 248), (149, 193), (55, 149), (149, 257), (110, 149), (149, 202), (149, 266), (42, 149), (108, 149), (2, 149), (46, 149), (57, 149), (68, 149), (112, 149), (123, 149), (149, 168), (149, 232), (149, 177), (149, 296), (6, 149), (149, 241), (72, 149), (149, 186), (149, 250), (149, 195), (149, 259), (4, 149), (149, 204), (59, 149), (70, 149), (125, 149), (149, 268), (8, 149), (19, 149), (30, 149), (74, 149), (85, 149), (129, 149), (140, 149), (149, 161), (149, 225), (149, 170), (149, 289), (149, 234), (149, 179), (149, 298), (149, 156), (149, 243), (21, 149), (149, 188), (87, 149), (149, 252), (142, 149), (149, 197), (149, 261), (36, 149), (47, 149), (91, 149), (102, 149), (51, 149), (149, 154), (149, 218), (149, 163), (149, 282), (149, 227), (149, 172), (38, 149), (49, 149), (104, 149), (115, 149), (149, 181), (149, 236), (149, 291), (149, 245), (149, 190), (53, 149), (64, 149), (119, 149), (149, 254), (149, 211), (0, 149), (149, 275), (66, 149), (149, 220), (121, 149)}",600,792750,2.744511127471924
Graph_350_7635_0,350,7635,23,"{(59, 290), (5, 59), (59, 137), (59, 149), (59, 152), (59, 103), (59, 289), (59, 295), (59, 234), (59, 292), (59, 60), (59, 322), (59, 200), (59, 273), (59, 62), (59, 312), (59, 77), (59, 263), (59, 89), (59, 156), (59, 101), (59, 223), (59, 232)}",1050,633180,0.5160343647003174
Graph_350_7635_1,350,7635,28,"{(86, 313), (86, 328), (86, 212), (86, 157), (23, 86), (86, 221), (86, 224), (86, 172), (86, 181), (86, 120), (18, 86), (73, 86), (86, 162), (86, 275), (86, 287), (75, 86), (86, 116), (86, 296), (86, 305), (68, 86), (86, 317), (86, 320), (86, 329), (86, 332), (86, 161), (86, 100), (86, 112), (86, 225)}",1050,633180,0.4852180480957031
Graph_350_15269_0,350,15269,63,"{(18, 313), (18, 252), (18, 203), (18, 87), (18, 200), (18, 145), (18, 206), (18, 209), (18, 328), (18, 154), (18, 301), (18, 212), (18, 227), (18, 172), (18, 236), (18, 175), (18, 114), (18, 53), (18, 349), (1, 18), (18, 68), (18, 187), (18, 251), (18, 196), (18, 19), (18, 202), (18, 28), (18, 147), (18, 208), (18, 321), (18, 333), (5, 18), (18, 284), (18, 168), (18, 107), (18, 226), (18, 52), (18, 290), (18, 116), (18, 235), (18, 125), (18, 238), (18, 308), (18, 134), (18, 192), (18, 311), (18, 201), (18, 24), (18, 204), (18, 207), (18, 255), (18, 216), (18, 222), (18, 335), (18, 109), (18, 228), (18, 289), (18, 118), (18, 57), (18, 231), (18, 237), (18, 121), (18, 75)}",1050,732422,0.9105088710784912
Graph_350_15269_1,350,15269,59,"{(42, 286), (42, 45), (42, 170), (42, 289), (42, 167), (42, 347), (42, 112), (42, 51), (42, 57), (42, 115), (42, 295), (42, 240), (42, 185), (42, 124), (42, 191), (42, 72), (42, 267), (42, 206), (42, 270), (42, 273), (42, 218), (42, 96), (42, 276), (42, 282), (42, 44), (42, 169), (42, 53), (42, 239), (42, 178), (42, 297), (21, 42), (42, 135), (42, 199), (42, 77), (42, 257), (42, 324), (42, 141), (42, 327), (42, 330), (42, 156), (42, 269), (42, 220), (42, 223), (42, 235), (42, 174), (42, 119), (42, 125), (29, 42), (42, 302), (42, 247), (42, 73), (42, 253), (42, 131), (42, 317), (42, 256), (42, 320), (42, 198), (42, 216), (42, 222)}",1050,732422,1.1852197647094727
Graph_350_30538_0,350,30538,144,"{(189, 265), (189, 210), (189, 338), (50, 189), (189, 228), (127, 189), (10, 189), (65, 189), (63, 189), (189, 203), (189, 267), (133, 189), (189, 340), (27, 189), (93, 189), (189, 294), (148, 189), (189, 303), (95, 189), (189, 260), (150, 189), (161, 189), (189, 269), (189, 214), (55, 189), (110, 189), (189, 278), (189, 223), (189, 342), (189, 287), (189, 232), (42, 189), (189, 296), (163, 189), (46, 189), (57, 189), (123, 189), (6, 189), (189, 198), (4, 189), (189, 344), (189, 289), (74, 189), (140, 189), (151, 189), (189, 191), (189, 255), (189, 200), (189, 264), (87, 189), (189, 209), (189, 218), (168, 189), (49, 189), (115, 189), (159, 189), (170, 189), (189, 266), (189, 211), (174, 189), (11, 189), (66, 189), (187, 189), (26, 189), (189, 204), (189, 323), (189, 268), (189, 332), (189, 277), (134, 189), (17, 189), (28, 189), (83, 189), (160, 189), (189, 234), (32, 189), (43, 189), (189, 243), (164, 189), (189, 197), (189, 316), (189, 261), (189, 325), (189, 334), (34, 189), (45, 189), (56, 189), (111, 189), (155, 189), (5, 189), (126, 189), (189, 227), (189, 245), (189, 190), (189, 309), (189, 254), (189, 199), (7, 189), (62, 189), (73, 189), (117, 189), (189, 327), (183, 189), (77, 189), (143, 189), (130, 189), (189, 293), (35, 189), (189, 192), (145, 189), (156, 189), (189, 320), (158, 189), (189, 222), (189, 231), (162, 189), (189, 240), (189, 194), (189, 313), (122, 189), (189, 322), (54, 189), (109, 189), (14, 189), (58, 189), (80, 189), (189, 279), (189, 233), (189, 306), (189, 315), (137, 189), (86, 189), (189, 208), (189, 272), (189, 281), (189, 345), (189, 290), (189, 244), (154, 189), (165, 189), (189, 308), (48, 189), (103, 189), (169, 189)}",1050,930919,2.1791954040527344
Graph_350_30538_1,350,30538,154,"{(167, 265), (66, 167), (42, 167), (121, 167), (167, 283), (167, 228), (26, 167), (2, 167), (81, 167), (167, 173), (136, 167), (147, 167), (134, 167), (167, 194), (4, 167), (83, 167), (94, 167), (138, 167), (160, 167), (167, 322), (167, 267), (167, 331), (32, 167), (8, 167), (98, 167), (167, 340), (45, 167), (56, 167), (111, 167), (166, 167), (5, 167), (167, 205), (167, 278), (167, 223), (167, 342), (113, 167), (62, 167), (73, 167), (77, 167), (167, 189), (75, 167), (167, 326), (130, 167), (35, 167), (0, 167), (90, 167), (167, 225), (156, 167), (167, 289), (167, 182), (167, 191), (167, 310), (28, 167), (17, 167), (96, 167), (107, 167), (162, 167), (167, 273), (1, 167), (167, 175), (58, 167), (34, 167), (167, 257), (167, 202), (167, 321), (167, 266), (167, 211), (167, 339), (71, 167), (167, 177), (20, 167), (167, 296), (86, 167), (141, 167), (152, 167), (167, 259), (48, 167), (13, 167), (24, 167), (114, 167), (167, 243), (167, 188), (167, 197), (37, 167), (127, 167), (167, 325), (10, 167), (76, 167), (131, 167), (167, 227), (167, 181), (167, 300), (167, 190), (133, 167), (167, 254), (167, 199), (167, 263), (3, 167), (148, 167), (146, 167), (167, 220), (167, 348), (40, 167), (16, 167), (84, 167), (106, 167), (167, 174), (167, 238), (167, 302), (167, 247), (167, 192), (55, 167), (167, 320), (108, 167), (163, 167), (167, 213), (57, 167), (44, 167), (167, 222), (167, 341), (167, 295), (167, 304), (167, 249), (167, 313), (74, 167), (167, 206), (151, 167), (129, 167), (140, 167), (167, 215), (167, 279), (167, 288), (167, 297), (167, 242), (87, 167), (12, 167), (23, 167), (91, 167), (102, 167), (167, 208), (167, 272), (167, 217), (167, 281), (167, 226), (167, 345), (25, 167), (115, 167), (159, 167), (167, 235), (167, 299), (167, 244), (64, 167), (29, 167), (167, 308)}",700,746292,2.2080397605895996
Graph_350_45807_0,350,45807,240,"{(221, 236), (221, 300), (221, 245), (146, 221), (221, 309), (221, 254), (16, 221), (82, 221), (150, 221), (172, 221), (221, 336), (55, 221), (31, 221), (221, 229), (163, 221), (221, 293), (221, 238), (221, 302), (221, 247), (33, 221), (44, 221), (88, 221), (99, 221), (112, 221), (123, 221), (167, 221), (178, 221), (221, 256), (221, 311), (221, 320), (193, 221), (125, 221), (221, 286), (221, 231), (50, 221), (61, 221), (129, 221), (140, 221), (206, 221), (221, 304), (10, 221), (221, 313), (63, 221), (142, 221), (153, 221), (208, 221), (12, 221), (91, 221), (102, 221), (67, 221), (78, 221), (89, 221), (168, 221), (212, 221), (221, 224), (221, 233), (221, 279), (221, 288), (221, 297), (221, 343), (221, 242), (221, 306), (221, 251), (221, 315), (25, 221), (115, 221), (170, 221), (29, 221), (40, 221), (84, 221), (119, 221), (174, 221), (221, 226), (221, 290), (121, 221), (176, 221), (187, 221), (221, 317), (2, 221), (81, 221), (57, 221), (68, 221), (136, 221), (147, 221), (202, 221), (6, 221), (221, 274), (221, 338), (221, 283), (221, 228), (70, 221), (160, 221), (221, 292), (204, 221), (215, 221), (221, 301), (8, 221), (98, 221), (19, 221), (30, 221), (74, 221), (164, 221), (219, 221), (221, 246), (221, 310), (217, 221), (221, 267), (100, 221), (87, 221), (111, 221), (166, 221), (177, 221), (221, 276), (221, 340), (221, 285), (60, 221), (47, 221), (36, 221), (126, 221), (181, 221), (221, 294), (179, 221), (117, 221), (104, 221), (128, 221), (183, 221), (194, 221), (221, 324), (221, 269), (77, 221), (53, 221), (143, 221), (221, 278), (221, 223), (221, 342), (221, 287), (221, 232), (221, 296), (130, 221), (0, 221), (90, 221), (11, 221), (101, 221), (145, 221), (156, 221), (200, 221), (211, 221), (221, 253), (39, 221), (15, 221), (221, 262), (221, 271), (221, 280), (221, 225), (158, 221), (221, 289), (28, 221), (83, 221), (94, 221), (173, 221), (32, 221), (43, 221), (221, 264), (120, 221), (221, 328), (175, 221), (221, 273), (221, 337), (221, 282), (80, 221), (34, 221), (45, 221), (56, 221), (69, 221), (124, 221), (135, 221), (190, 221), (221, 227), (221, 291), (221, 346), (221, 248), (221, 312), (113, 221), (192, 221), (203, 221), (221, 321), (221, 266), (18, 221), (97, 221), (73, 221), (152, 221), (22, 221), (221, 348), (205, 221), (9, 221), (75, 221), (165, 221), (221, 241), (209, 221), (221, 305), (221, 250), (24, 221), (103, 221), (13, 221), (35, 221), (79, 221), (114, 221), (169, 221), (221, 259), (221, 268), (221, 332), (221, 341), (14, 221), (37, 221), (105, 221), (92, 221), (127, 221), (171, 221), (76, 221), (41, 221), (52, 221), (221, 298), (186, 221), (197, 221), (1, 221), (221, 316), (221, 261), (221, 325), (221, 270), (133, 221), (109, 221), (144, 221), (188, 221), (199, 221), (210, 221), (3, 221), (93, 221), (58, 221), (148, 221), (214, 221)}",700,883713,3.16070556640625
Graph_350_45807_1,350,45807,238,"{(167, 201), (189, 201), (201, 322), (201, 267), (201, 212), (201, 331), (72, 201), (201, 276), (201, 221), (201, 340), (201, 285), (201, 349), (4, 201), (59, 201), (125, 201), (19, 201), (30, 201), (74, 201), (46, 201), (129, 201), (140, 201), (151, 201), (201, 251), (201, 269), (21, 201), (87, 201), (201, 342), (142, 201), (36, 201), (47, 201), (91, 201), (102, 201), (157, 201), (168, 201), (181, 201), (201, 308), (38, 201), (49, 201), (104, 201), (201, 326), (170, 201), (201, 271), (57, 201), (201, 335), (201, 280), (53, 201), (64, 201), (119, 201), (201, 344), (0, 201), (11, 201), (66, 201), (123, 201), (121, 201), (201, 246), (187, 201), (201, 264), (26, 201), (201, 209), (81, 201), (136, 201), (147, 201), (201, 337), (201, 346), (201, 329), (17, 201), (28, 201), (138, 201), (149, 201), (160, 201), (201, 303), (201, 248), (201, 312), (98, 201), (201, 257), (164, 201), (201, 266), (201, 211), (201, 275), (201, 339), (45, 201), (56, 201), (155, 201), (5, 201), (60, 201), (201, 296), (126, 201), (201, 241), (201, 305), (201, 250), (201, 259), (113, 201), (201, 323), (179, 201), (201, 268), (7, 201), (18, 201), (62, 201), (117, 201), (194, 201), (22, 201), (77, 201), (201, 225), (143, 201), (201, 289), (201, 234), (201, 298), (75, 201), (130, 201), (201, 252), (201, 316), (13, 201), (35, 201), (90, 201), (24, 201), (79, 201), (145, 201), (156, 201), (200, 201), (39, 201), (201, 218), (37, 201), (201, 227), (92, 201), (201, 291), (158, 201), (201, 236), (201, 245), (107, 201), (118, 201), (162, 201), (186, 201), (197, 201), (201, 309), (1, 201), (201, 327), (54, 201), (201, 284), (14, 201), (3, 201), (58, 201), (69, 201), (80, 201), (124, 201), (201, 229), (201, 293), (201, 302), (201, 348), (201, 311), (201, 345), (16, 201), (82, 201), (137, 201), (192, 201), (201, 213), (31, 201), (86, 201), (201, 277), (141, 201), (152, 201), (201, 222), (201, 286), (201, 341), (201, 240), (201, 304), (201, 249), (201, 313), (44, 201), (88, 201), (165, 201), (48, 201), (103, 201), (193, 201), (169, 201), (201, 206), (201, 270), (201, 215), (201, 334), (201, 279), (201, 343), (201, 288), (201, 233), (201, 297), (50, 201), (105, 201), (116, 201), (127, 201), (171, 201), (182, 201), (195, 201), (201, 306), (65, 201), (76, 201), (131, 201), (201, 263), (63, 201), (201, 208), (184, 201), (201, 217), (201, 336), (201, 281), (12, 201), (201, 226), (89, 201), (67, 201), (78, 201), (133, 201), (144, 201), (188, 201), (199, 201), (201, 235), (201, 290), (27, 201), (201, 299), (93, 201), (146, 201), (201, 265), (40, 201), (201, 210), (84, 201), (106, 201), (150, 201), (161, 201), (172, 201), (185, 201), (201, 219), (201, 274), (201, 228), (55, 201), (201, 338), (110, 201), (201, 347), (201, 301), (108, 201), (163, 201), (2, 201), (68, 201), (112, 201)}",700,883713,3.2457237243652344
Graph_350_61075_0,350,61075,349,"{(83, 174), (94, 174), (174, 194), (174, 279), (174, 288), (56, 174), (174, 297), (174, 306), (174, 315), (113, 174), (174, 180), (143, 174), (174, 265), (174, 274), (174, 283), (174, 292), (174, 301), (17, 174), (28, 174), (162, 174), (173, 174), (124, 174), (135, 174), (174, 260), (174, 269), (174, 278), (174, 287), (86, 174), (97, 174), (174, 296), (9, 174), (154, 174), (165, 174), (48, 174), (105, 174), (116, 174), (127, 174), (174, 246), (174, 255), (10, 174), (174, 264), (174, 273), (174, 282), (67, 174), (78, 174), (89, 174), (146, 174), (20, 174), (174, 241), (174, 250), (108, 174), (174, 259), (174, 268), (174, 277), (50, 174), (174, 227), (174, 236), (12, 174), (23, 174), (174, 245), (157, 174), (168, 174), (174, 254), (51, 174), (174, 263), (119, 174), (42, 174), (81, 174), (174, 222), (174, 231), (174, 240), (174, 249), (4, 174), (138, 174), (149, 174), (160, 174), (174, 258), (32, 174), (43, 174), (174, 343), (100, 174), (111, 174), (5, 174), (174, 208), (174, 217), (73, 174), (62, 174), (174, 226), (174, 235), (174, 244), (130, 174), (174, 338), (15, 174), (174, 347), (92, 174), (174, 203), (122, 174), (174, 212), (174, 221), (174, 230), (174, 239), (34, 174), (45, 174), (174, 324), (174, 333), (174, 342), (7, 174), (18, 174), (141, 174), (152, 174), (174, 189), (174, 198), (75, 174), (174, 207), (174, 216), (103, 174), (114, 174), (174, 225), (37, 174), (171, 174), (174, 310), (174, 319), (65, 174), (76, 174), (174, 328), (174, 337), (174, 346), (133, 174), (144, 174), (174, 175), (174, 184), (27, 174), (174, 193), (174, 202), (174, 211), (84, 174), (95, 174), (106, 174), (174, 305), (174, 314), (163, 174), (174, 323), (46, 174), (68, 174), (57, 174), (174, 332), (174, 341), (174, 179), (125, 174), (174, 188), (174, 197), (174, 206), (87, 174), (174, 291), (174, 300), (174, 309), (174, 318), (174, 327), (29, 174), (40, 174), (174, 183), (174, 192), (2, 174), (136, 174), (147, 174), (174, 286), (174, 295), (174, 304), (59, 174), (70, 174), (174, 313), (174, 322), (98, 174), (21, 174), (174, 178), (155, 174), (166, 174), (174, 187), (60, 174), (174, 272), (174, 281), (117, 174), (128, 174), (139, 174), (174, 290), (22, 174), (174, 299), (174, 308), (79, 174), (90, 174), (101, 174), (158, 174), (41, 174), (52, 174), (174, 267), (174, 276), (174, 285), (109, 174), (120, 174), (174, 294), (174, 303), (71, 174), (82, 174), (174, 253), (174, 262), (174, 271), (13, 174), (24, 174), (35, 174), (169, 174), (174, 280), (174, 289), (131, 174), (54, 174), (93, 174), (174, 248), (174, 257), (174, 266), (174, 275), (174, 284), (16, 174), (150, 174), (161, 174), (172, 174), (55, 174), (112, 174), (123, 174), (6, 174), (174, 234), (174, 243), (174, 252), (74, 174), (85, 174), (174, 261), (174, 270), (142, 174), (153, 174), (36, 174), (47, 174), (104, 174), (115, 174), (174, 220), (174, 229), (174, 238), (174, 247), (174, 256), (66, 174), (134, 174), (8, 174), (19, 174), (30, 174), (164, 174), (174, 215), (174, 224), (174, 233), (174, 242), (174, 251), (126, 174), (174, 336), (38, 174), (49, 174), (174, 345), (77, 174), (174, 201), (0, 174), (11, 174), (145, 174), (156, 174), (174, 210), (174, 219), (39, 174), (174, 228), (174, 237), (96, 174), (107, 174), (118, 174), (1, 174), (174, 331), (174, 340), (174, 349), (69, 174), (58, 174), (80, 174), (174, 196), (174, 205), (174, 214), (137, 174), (174, 223), (31, 174), (174, 232), (174, 317), (88, 174), (99, 174), (174, 326), (174, 335), (174, 344), (174, 182), (61, 174), (174, 191), (174, 200), (174, 209), (174, 218), (3, 174), (14, 174), (148, 174), (174, 312), (174, 321), (174, 330), (174, 339), (174, 348), (110, 174), (174, 177), (174, 186), (174, 195), (174, 204), (174, 213), (33, 174), (44, 174), (167, 174), (72, 174), (174, 298), (174, 307), (174, 316), (129, 174), (140, 174), (151, 174), (174, 325), (174, 334), (63, 174), (174, 181), (91, 174), (102, 174), (174, 190), (174, 199), (25, 174), (159, 174), (170, 174), (53, 174), (64, 174), (174, 293), (174, 302), (174, 311), (174, 320), (121, 174), (132, 174), (174, 329), (26, 174), (174, 176), (174, 185)}",700,1021125,3.6316006183624268
Graph_350_61075_1,350,61075,349,"{(83, 174), (94, 174), (174, 194), (174, 279), (174, 288), (56, 174), (174, 297), (174, 306), (174, 315), (113, 174), (174, 180), (143, 174), (174, 265), (174, 274), (174, 283), (174, 292), (174, 301), (17, 174), (28, 174), (162, 174), (173, 174), (124, 174), (135, 174), (174, 260), (174, 269), (174, 278), (174, 287), (86, 174), (97, 174), (174, 296), (9, 174), (154, 174), (165, 174), (48, 174), (105, 174), (116, 174), (127, 174), (174, 246), (174, 255), (10, 174), (174, 264), (174, 273), (174, 282), (67, 174), (78, 174), (89, 174), (146, 174), (20, 174), (174, 241), (174, 250), (108, 174), (174, 259), (174, 268), (174, 277), (50, 174), (174, 227), (174, 236), (12, 174), (23, 174), (174, 245), (157, 174), (168, 174), (174, 254), (51, 174), (174, 263), (119, 174), (42, 174), (81, 174), (174, 222), (174, 231), (174, 240), (174, 249), (4, 174), (138, 174), (149, 174), (160, 174), (174, 258), (32, 174), (43, 174), (174, 343), (100, 174), (111, 174), (5, 174), (174, 208), (174, 217), (73, 174), (62, 174), (174, 226), (174, 235), (174, 244), (130, 174), (174, 338), (15, 174), (174, 347), (92, 174), (174, 203), (122, 174), (174, 212), (174, 221), (174, 230), (174, 239), (34, 174), (45, 174), (174, 324), (174, 333), (174, 342), (7, 174), (18, 174), (141, 174), (152, 174), (174, 189), (174, 198), (75, 174), (174, 207), (174, 216), (103, 174), (114, 174), (174, 225), (37, 174), (171, 174), (174, 310), (174, 319), (65, 174), (76, 174), (174, 328), (174, 337), (174, 346), (133, 174), (144, 174), (174, 175), (174, 184), (27, 174), (174, 193), (174, 202), (174, 211), (84, 174), (95, 174), (106, 174), (174, 305), (174, 314), (163, 174), (174, 323), (46, 174), (68, 174), (57, 174), (174, 332), (174, 341), (174, 179), (125, 174), (174, 188), (174, 197), (174, 206), (87, 174), (174, 291), (174, 300), (174, 309), (174, 318), (174, 327), (29, 174), (40, 174), (174, 183), (174, 192), (2, 174), (136, 174), (147, 174), (174, 286), (174, 295), (174, 304), (59, 174), (70, 174), (174, 313), (174, 322), (98, 174), (21, 174), (174, 178), (155, 174), (166, 174), (174, 187), (60, 174), (174, 272), (174, 281), (117, 174), (128, 174), (139, 174), (174, 290), (22, 174), (174, 299), (174, 308), (79, 174), (90, 174), (101, 174), (158, 174), (41, 174), (52, 174), (174, 267), (174, 276), (174, 285), (109, 174), (120, 174), (174, 294), (174, 303), (71, 174), (82, 174), (174, 253), (174, 262), (174, 271), (13, 174), (24, 174), (35, 174), (169, 174), (174, 280), (174, 289), (131, 174), (54, 174), (93, 174), (174, 248), (174, 257), (174, 266), (174, 275), (174, 284), (16, 174), (150, 174), (161, 174), (172, 174), (55, 174), (112, 174), (123, 174), (6, 174), (174, 234), (174, 243), (174, 252), (74, 174), (85, 174), (174, 261), (174, 270), (142, 174), (153, 174), (36, 174), (47, 174), (104, 174), (115, 174), (174, 220), (174, 229), (174, 238), (174, 247), (174, 256), (66, 174), (134, 174), (8, 174), (19, 174), (30, 174), (164, 174), (174, 215), (174, 224), (174, 233), (174, 242), (174, 251), (126, 174), (174, 336), (38, 174), (49, 174), (174, 345), (77, 174), (174, 201), (0, 174), (11, 174), (145, 174), (156, 174), (174, 210), (174, 219), (39, 174), (174, 228), (174, 237), (96, 174), (107, 174), (118, 174), (1, 174), (174, 331), (174, 340), (174, 349), (69, 174), (58, 174), (80, 174), (174, 196), (174, 205), (174, 214), (137, 174), (174, 223), (31, 174), (174, 232), (174, 317), (88, 174), (99, 174), (174, 326), (174, 335), (174, 344), (174, 182), (61, 174), (174, 191), (174, 200), (174, 209), (174, 218), (3, 174), (14, 174), (148, 174), (174, 312), (174, 321), (174, 330), (174, 339), (174, 348), (110, 174), (174, 177), (174, 186), (174, 195), (174, 204), (174, 213), (33, 174), (44, 174), (167, 174), (72, 174), (174, 298), (174, 307), (174, 316), (129, 174), (140, 174), (151, 174), (174, 325), (174, 334), (63, 174), (174, 181), (91, 174), (102, 174), (174, 190), (174, 199), (25, 174), (159, 174), (170, 174), (53, 174), (64, 174), (174, 293), (174, 302), (174, 311), (174, 320), (121, 174), (132, 174), (174, 329), (26, 174), (174, 176), (174, 185)}",700,1021125,4.786471128463745
Graph_400_9976_0,400,9976,30,"{(81, 323), (81, 140), (81, 204), (73, 81), (81, 268), (77, 81), (81, 332), (81, 222), (81, 347), (81, 356), (81, 121), (81, 185), (81, 310), (57, 81), (81, 145), (81, 259), (81, 160), (81, 398), (81, 102), (37, 81), (70, 81), (81, 358), (81, 242), (81, 306), (65, 81), (76, 81), (81, 376), (81, 107), (25, 81), (81, 192)}",1200,769888,0.9167628288269043
Graph_400_9976_1,400,9976,35,"{(16, 145), (16, 325), (16, 47), (16, 349), (16, 53), (16, 59), (16, 62), (16, 367), (16, 74), (16, 138), (16, 321), (16, 86), (16, 31), (16, 339), (16, 165), (16, 278), (16, 223), (16, 107), (9, 16), (16, 296), (16, 119), (16, 58), (16, 363), (16, 186), (16, 313), (16, 158), (16, 271), (16, 182), (16, 121), (16, 362), (16, 365), (16, 255), (16, 133), (16, 258), (16, 377)}",1200,769888,0.7102751731872559
Graph_400_19951_0,400,19951,74,"{(81, 323), (81, 262), (71, 81), (81, 140), (7, 81), (81, 91), (73, 81), (81, 204), (81, 268), (81, 335), (77, 81), (81, 332), (81, 283), (81, 222), (81, 347), (81, 112), (81, 356), (81, 115), (81, 240), (81, 182), (81, 121), (81, 368), (81, 185), (66, 81), (81, 310), (81, 194), (57, 81), (81, 145), (81, 264), (81, 203), (81, 259), (81, 389), (81, 93), (6, 81), (81, 212), (81, 160), (81, 398), (81, 224), (81, 102), (81, 108), (37, 81), (59, 81), (70, 81), (81, 111), (81, 282), (81, 175), (81, 181), (81, 300), (81, 361), (81, 178), (81, 245), (74, 81), (81, 242), (81, 358), (81, 306), (65, 81), (76, 81), (81, 376), (81, 324), (81, 263), (81, 153), (81, 333), (45, 81), (81, 339), (81, 104), (81, 235), (58, 81), (81, 107), (81, 354), (51, 81), (81, 302), (25, 81), (81, 192), (81, 317)}",1200,899563,1.3808350563049316
Graph_400_19951_1,400,19951,74,"{(189, 387), (189, 271), (134, 189), (189, 399), (189, 338), (180, 189), (189, 228), (189, 347), (149, 189), (30, 189), (85, 189), (162, 189), (32, 189), (189, 249), (189, 258), (189, 316), (63, 189), (21, 189), (54, 189), (87, 189), (189, 267), (175, 189), (189, 392), (189, 218), (189, 398), (177, 189), (189, 215), (80, 189), (189, 346), (124, 189), (5, 189), (157, 189), (189, 285), (189, 391), (189, 236), (189, 303), (189, 367), (189, 306), (113, 189), (189, 370), (16, 189), (49, 189), (189, 254), (189, 199), (137, 189), (189, 312), (29, 189), (189, 202), (189, 373), (189, 379), (189, 266), (189, 324), (86, 189), (97, 189), (189, 269), (189, 329), (55, 189), (77, 189), (189, 272), (189, 284), (189, 384), (189, 287), (11, 189), (66, 189), (132, 189), (154, 189), (176, 189), (189, 241), (79, 189), (90, 189), (15, 189), (189, 253), (189, 204), (189, 262)}",800,738359,1.45770263671875
Graph_400_39901_0,400,39901,168,"{(189, 265), (189, 274), (189, 338), (50, 189), (189, 228), (105, 189), (127, 189), (171, 189), (10, 189), (65, 189), (189, 374), (63, 189), (189, 203), (189, 267), (78, 189), (133, 189), (189, 340), (189, 285), (189, 367), (29, 189), (189, 196), (189, 260), (150, 189), (189, 269), (189, 214), (55, 189), (189, 397), (189, 223), (189, 287), (189, 232), (42, 189), (46, 189), (57, 189), (112, 189), (123, 189), (178, 189), (189, 253), (6, 189), (189, 198), (72, 189), (189, 262), (189, 317), (189, 207), (189, 271), (4, 189), (189, 280), (189, 399), (125, 189), (180, 189), (30, 189), (85, 189), (140, 189), (151, 189), (189, 246), (189, 255), (189, 200), (21, 189), (189, 264), (87, 189), (189, 209), (142, 189), (189, 383), (189, 392), (189, 218), (189, 346), (157, 189), (49, 189), (115, 189), (159, 189), (170, 189), (189, 202), (189, 266), (53, 189), (189, 211), (189, 284), (11, 189), (66, 189), (121, 189), (189, 241), (176, 189), (26, 189), (189, 314), (189, 204), (189, 332), (189, 277), (189, 396), (134, 189), (28, 189), (83, 189), (94, 189), (149, 189), (160, 189), (189, 234), (32, 189), (43, 189), (164, 189), (189, 371), (189, 197), (189, 316), (189, 261), (189, 325), (189, 334), (34, 189), (45, 189), (56, 189), (189, 398), (5, 189), (126, 189), (189, 236), (189, 355), (189, 245), (189, 254), (189, 373), (189, 318), (7, 189), (62, 189), (73, 189), (128, 189), (139, 189), (183, 189), (189, 327), (189, 391), (22, 189), (77, 189), (143, 189), (189, 366), (79, 189), (90, 189), (101, 189), (145, 189), (156, 189), (189, 384), (189, 329), (189, 222), (189, 286), (189, 350), (162, 189), (189, 359), (189, 249), (122, 189), (54, 189), (109, 189), (175, 189), (189, 215), (80, 189), (189, 279), (124, 189), (189, 352), (189, 297), (189, 306), (189, 251), (189, 370), (16, 189), (189, 379), (137, 189), (20, 189), (86, 189), (189, 208), (189, 272), (189, 345), (189, 354), (189, 244), (154, 189), (165, 189), (189, 308), (189, 372), (48, 189), (169, 189)}",800,917909,3.052060127258301
Graph_400_39901_1,400,39901,169,"{(52, 104), (104, 325), (104, 151), (104, 270), (104, 215), (104, 398), (104, 343), (104, 233), (14, 104), (58, 104), (80, 104), (104, 135), (104, 254), (104, 199), (104, 318), (104, 263), (104, 382), (104, 281), (16, 104), (82, 104), (104, 354), (20, 104), (31, 104), (104, 183), (104, 192), (104, 137), (104, 256), (104, 320), (104, 265), (33, 104), (44, 104), (104, 155), (88, 104), (104, 210), (104, 274), (104, 329), (48, 104), (104, 112), (104, 121), (104, 240), (104, 185), (61, 104), (104, 139), (50, 104), (104, 258), (104, 203), (104, 313), (104, 148), (104, 386), (104, 212), (104, 331), (104, 276), (104, 395), (104, 340), (104, 349), (63, 104), (104, 178), (104, 187), (27, 104), (104, 315), (93, 104), (104, 260), (104, 205), (104, 379), (104, 388), (104, 214), (25, 104), (29, 104), (95, 104), (55, 104), (104, 189), (104, 253), (104, 372), (104, 198), (104, 326), (104, 271), (2, 104), (104, 164), (6, 104), (104, 109), (72, 104), (104, 228), (104, 182), (104, 301), (104, 127), (104, 365), (104, 191), (70, 104), (104, 255), (104, 319), (8, 104), (104, 328), (104, 221), (104, 166), (104, 285), (104, 111), (21, 104), (87, 104), (104, 294), (104, 239), (104, 303), (104, 129), (104, 248), (47, 104), (104, 193), (91, 104), (104, 376), (104, 321), (104, 385), (51, 104), (38, 104), (104, 223), (104, 287), (104, 351), (104, 296), (104, 241), (104, 360), (104, 323), (66, 104), (104, 152), (26, 104), (104, 280), (104, 344), (104, 289), (104, 124), (104, 188), (104, 307), (104, 252), (104, 371), (104, 380), (83, 104), (32, 104), (43, 104), (104, 209), (104, 154), (104, 218), (104, 282), (104, 227), (104, 346), (104, 291), (104, 300), (104, 364), (5, 104), (104, 138), (104, 147), (104, 266), (104, 156), (104, 275), (104, 220), (104, 110), (62, 104), (77, 104), (104, 131), (104, 195), (75, 104), (104, 149), (104, 268), (13, 104), (104, 332), (79, 104), (90, 104), (104, 277), (104, 396), (104, 231), (104, 350), (39, 104), (104, 359), (104, 304), (92, 104)}",1200,1158913,3.2652688026428223
Graph_400_59851_0,400,59851,279,"{(97, 127), (97, 365), (97, 191), (97, 255), (13, 97), (97, 200), (97, 319), (97, 145), (97, 264), (97, 374), (97, 209), (97, 328), (97, 383), (97, 273), (97, 392), (97, 337), (97, 166), (92, 97), (97, 230), (97, 175), (97, 239), (41, 97), (52, 97), (96, 97), (97, 129), (97, 184), (97, 303), (97, 138), (97, 257), (1, 97), (97, 202), (97, 321), (97, 376), (97, 266), (97, 385), (97, 330), (54, 97), (97, 159), (97, 104), (3, 97), (14, 97), (69, 97), (97, 113), (97, 168), (97, 232), (97, 177), (97, 287), (97, 296), (97, 241), (97, 360), (97, 186), (97, 131), (97, 250), (97, 369), (97, 195), (97, 314), (97, 378), (97, 323), (16, 97), (97, 387), (20, 97), (86, 97), (97, 161), (97, 106), (97, 225), (97, 289), (97, 115), (97, 353), (97, 179), (97, 298), (97, 124), (97, 243), (97, 307), (33, 97), (44, 97), (88, 97), (97, 252), (97, 316), (97, 371), (97, 380), (48, 97), (97, 154), (97, 99), (97, 218), (97, 163), (97, 108), (97, 227), (97, 346), (97, 172), (97, 291), (97, 117), (97, 355), (97, 181), (97, 300), (97, 245), (97, 364), (97, 309), (10, 97), (97, 254), (65, 97), (76, 97), (97, 373), (97, 382), (63, 97), (97, 147), (97, 211), (97, 156), (97, 275), (12, 97), (97, 339), (67, 97), (78, 97), (97, 110), (97, 348), (97, 174), (97, 293), (97, 119), (97, 238), (27, 97), (97, 183), (93, 97), (97, 302), (97, 357), (97, 366), (97, 375), (25, 97), (29, 97), (40, 97), (84, 97), (95, 97), (97, 213), (97, 332), (97, 158), (97, 277), (97, 341), (55, 97), (97, 167), (97, 112), (97, 231), (97, 286), (97, 295), (97, 240), (97, 359), (42, 97), (2, 97), (46, 97), (68, 97), (97, 133), (97, 197), (97, 142), (97, 206), (6, 97), (97, 151), (97, 215), (97, 334), (97, 279), (97, 398), (97, 224), (97, 169), (4, 97), (70, 97), (97, 352), (97, 297), (97, 361), (97, 306), (8, 97), (19, 97), (30, 97), (74, 97), (85, 97), (97, 370), (97, 135), (97, 199), (97, 144), (97, 263), (97, 272), (97, 98), (97, 217), (87, 97), (97, 336), (97, 281), (97, 391), (97, 226), (97, 345), (97, 171), (36, 97), (47, 97), (91, 97), (97, 235), (97, 299), (97, 363), (51, 97), (97, 192), (97, 237), (97, 137), (97, 256), (49, 97), (97, 201), (97, 320), (97, 384), (97, 210), (97, 329), (97, 155), (97, 274), (97, 393), (97, 219), (53, 97), (64, 97), (97, 164), (97, 283), (97, 228), (97, 338), (97, 347), (97, 292), (97, 121), (0, 97), (11, 97), (66, 97), (97, 130), (97, 249), (97, 194), (97, 313), (97, 258), (97, 377), (15, 97), (26, 97), (81, 97), (97, 148), (97, 322), (97, 386), (97, 331), (97, 157), (97, 340), (97, 285), (97, 349), (28, 97), (97, 114), (97, 178), (97, 123), (97, 242), (32, 97), (97, 132), (97, 251), (97, 196), (97, 315), (97, 141), (97, 379), (97, 324), (97, 214), (97, 333), (97, 278), (97, 342), (34, 97), (56, 97), (5, 97), (60, 97), (97, 116), (97, 125), (97, 244), (97, 189), (97, 134), (97, 372), (97, 198), (97, 317), (97, 143), (97, 381), (97, 207), (97, 326), (7, 97), (97, 390), (62, 97), (97, 216), (97, 280), (97, 399), (77, 97), (97, 173), (9, 97), (75, 97), (97, 301)}",800,1097459,4.288732290267944
Graph_400_59851_1,400,59851,271,"{(32, 211), (43, 211), (98, 211), (122, 211), (211, 213), (211, 332), (211, 396), (211, 388), (34, 211), (45, 211), (56, 211), (111, 211), (190, 211), (211, 234), (211, 243), (211, 298), (60, 211), (211, 371), (211, 261), (211, 380), (211, 325), (211, 270), (211, 389), (192, 211), (179, 211), (203, 211), (18, 211), (7, 211), (62, 211), (73, 211), (117, 211), (139, 211), (141, 211), (152, 211), (22, 211), (211, 236), (77, 211), (211, 245), (211, 364), (211, 309), (211, 254), (9, 211), (211, 373), (75, 211), (165, 211), (211, 263), (209, 211), (211, 382), (211, 327), (13, 211), (24, 211), (35, 211), (90, 211), (169, 211), (211, 336), (211, 229), (37, 211), (92, 211), (171, 211), (158, 211), (211, 366), (211, 311), (211, 256), (211, 375), (52, 211), (131, 211), (107, 211), (197, 211), (211, 384), (211, 250), (1, 211), (211, 393), (211, 222), (54, 211), (120, 211), (188, 211), (175, 211), (199, 211), (210, 211), (211, 240), (211, 295), (3, 211), (14, 211), (58, 211), (148, 211), (124, 211), (211, 249), (211, 304), (211, 313), (211, 359), (211, 368), (211, 322), (211, 386), (201, 211), (16, 211), (71, 211), (150, 211), (137, 211), (172, 211), (211, 215), (211, 279), (211, 224), (211, 343), (20, 211), (31, 211), (86, 211), (211, 233), (211, 288), (211, 297), (211, 350), (211, 251), (211, 370), (211, 379), (33, 211), (44, 211), (88, 211), (99, 211), (154, 211), (167, 211), (178, 211), (189, 211), (48, 211), (211, 217), (103, 211), (114, 211), (211, 290), (211, 354), (211, 299), (191, 211), (211, 308), (50, 211), (140, 211), (105, 211), (116, 211), (195, 211), (206, 211), (10, 211), (65, 211), (76, 211), (211, 338), (63, 211), (211, 283), (208, 211), (184, 211), (211, 347), (211, 292), (12, 211), (23, 211), (78, 211), (89, 211), (168, 211), (211, 246), (211, 301), (211, 310), (211, 365), (211, 374), (27, 211), (93, 211), (25, 211), (170, 211), (146, 211), (211, 331), (84, 211), (95, 211), (106, 211), (174, 211), (211, 294), (211, 239), (211, 358), (55, 211), (42, 211), (108, 211), (176, 211), (187, 211), (211, 260), (2, 211), (211, 324), (46, 211), (68, 211), (123, 211), (147, 211), (202, 211), (211, 214), (211, 269), (211, 223), (211, 342), (6, 211), (211, 287), (211, 397), (211, 232), (211, 351), (211, 296), (211, 360), (4, 211), (59, 211), (70, 211), (125, 211), (160, 211), (180, 211), (204, 211), (8, 211), (30, 211), (19, 211), (74, 211), (129, 211), (211, 253), (211, 262), (211, 326), (211, 271), (211, 390), (211, 399), (211, 225), (211, 344), (211, 289), (21, 211), (211, 353), (87, 211), (155, 211), (153, 211), (166, 211), (177, 211), (211, 362), (47, 211), (126, 211), (91, 211), (102, 211), (181, 211), (211, 255), (51, 211), (211, 264), (211, 383), (211, 392), (211, 218), (38, 211), (49, 211), (104, 211), (194, 211), (159, 211), (211, 282), (211, 337), (211, 291), (211, 346), (211, 355), (64, 211), (119, 211), (211, 312), (211, 376), (211, 321), (156, 211), (121, 211), (132, 211), (211, 266), (211, 394), (211, 220), (15, 211), (26, 211), (81, 211), (211, 284), (211, 339), (94, 211), (211, 348), (134, 211), (211, 241), (17, 211), (28, 211), (83, 211), (162, 211), (138, 211), (211, 314), (211, 378), (211, 323)}",1200,1418263,4.0011467933654785
Graph_400_79800_0,400,79800,399,"{(199, 367), (21, 199), (177, 199), (199, 205), (199, 214), (51, 199), (199, 223), (199, 232), (119, 199), (199, 317), (199, 326), (199, 335), (199, 344), (199, 353), (176, 199), (81, 199), (199, 200), (199, 209), (199, 218), (138, 199), (149, 199), (160, 199), (43, 199), (32, 199), (199, 312), (100, 199), (111, 199), (199, 321), (199, 330), (5, 199), (199, 339), (199, 348), (179, 199), (62, 199), (73, 199), (199, 204), (199, 213), (130, 199), (13, 199), (24, 199), (35, 199), (169, 199), (199, 298), (199, 307), (199, 316), (199, 325), (92, 199), (199, 334), (131, 199), (54, 199), (188, 199), (199, 284), (16, 199), (199, 293), (172, 199), (199, 302), (199, 311), (141, 199), (199, 320), (103, 199), (114, 199), (171, 199), (199, 279), (76, 199), (65, 199), (199, 288), (199, 297), (199, 306), (199, 315), (133, 199), (144, 199), (27, 199), (84, 199), (95, 199), (106, 199), (199, 265), (199, 274), (163, 199), (199, 283), (199, 292), (46, 199), (57, 199), (68, 199), (199, 301), (125, 199), (8, 199), (19, 199), (30, 199), (164, 199), (199, 395), (87, 199), (199, 260), (126, 199), (199, 269), (199, 278), (199, 287), (199, 296), (38, 199), (49, 199), (183, 199), (194, 199), (199, 381), (199, 390), (199, 399), (0, 199), (11, 199), (199, 246), (199, 255), (199, 264), (199, 273), (199, 282), (98, 199), (199, 376), (155, 199), (166, 199), (199, 385), (60, 199), (199, 394), (199, 241), (117, 199), (128, 199), (139, 199), (199, 250), (22, 199), (199, 259), (199, 268), (199, 277), (196, 199), (79, 199), (90, 199), (101, 199), (199, 362), (199, 371), (199, 380), (199, 389), (158, 199), (199, 398), (41, 199), (52, 199), (186, 199), (197, 199), (199, 227), (199, 236), (199, 245), (199, 254), (109, 199), (120, 199), (199, 263), (3, 199), (14, 199), (148, 199), (71, 199), (82, 199), (199, 357), (199, 366), (199, 375), (199, 384), (199, 393), (33, 199), (44, 199), (199, 222), (167, 199), (178, 199), (189, 199), (199, 231), (199, 240), (199, 249), (199, 258), (199, 343), (199, 352), (199, 361), (63, 199), (199, 370), (199, 379), (199, 208), (93, 199), (199, 217), (199, 226), (25, 199), (199, 235), (199, 244), (150, 199), (161, 199), (55, 199), (199, 329), (199, 338), (199, 347), (112, 199), (123, 199), (199, 356), (199, 365), (6, 199), (199, 203), (180, 199), (191, 199), (199, 212), (74, 199), (85, 199), (199, 221), (199, 230), (142, 199), (153, 199), (36, 199), (47, 199), (199, 324), (181, 199), (199, 333), (199, 342), (199, 351), (199, 360), (104, 199), (115, 199), (143, 199), (199, 207), (199, 216), (199, 225), (66, 199), (199, 310), (134, 199), (199, 319), (199, 328), (17, 199), (28, 199), (162, 199), (173, 199), (199, 337), (199, 346), (199, 202), (199, 211), (192, 199), (199, 305), (199, 314), (77, 199), (199, 323), (199, 332), (9, 199), (199, 341), (145, 199), (156, 199), (39, 199), (199, 206), (96, 199), (107, 199), (118, 199), (1, 199), (199, 291), (199, 300), (199, 309), (175, 199), (199, 318), (199, 327), (58, 199), (69, 199), (80, 199), (137, 199), (20, 199), (31, 199), (88, 199), (99, 199), (199, 286), (199, 295), (199, 304), (199, 313), (199, 322), (50, 199), (61, 199), (195, 199), (12, 199), (23, 199), (157, 199), (168, 199), (199, 272), (199, 281), (199, 290), (199, 299), (199, 308), (110, 199), (42, 199), (187, 199), (198, 199), (72, 199), (4, 199), (199, 267), (199, 276), (129, 199), (140, 199), (151, 199), (199, 285), (199, 294), (199, 303), (91, 199), (102, 199), (199, 388), (199, 397), (159, 199), (170, 199), (53, 199), (64, 199), (199, 253), (199, 262), (199, 271), (199, 280), (199, 289), (121, 199), (132, 199), (15, 199), (26, 199), (199, 374), (199, 383), (83, 199), (94, 199), (199, 392), (122, 199), (199, 239), (199, 248), (34, 199), (45, 199), (56, 199), (190, 199), (199, 257), (199, 266), (199, 275), (113, 199), (7, 199), (18, 199), (152, 199), (199, 369), (199, 378), (199, 387), (199, 396), (75, 199), (199, 234), (199, 243), (199, 252), (199, 261), (37, 199), (199, 270), (182, 199), (199, 355), (199, 364), (199, 373), (199, 382), (199, 391), (124, 199), (135, 199), (199, 220), (199, 229), (199, 238), (199, 247), (199, 256), (86, 199), (97, 199), (154, 199), (165, 199), (199, 350), (48, 199), (199, 359), (193, 199), (199, 368), (199, 377), (199, 386), (105, 199), (116, 199), (127, 199), (199, 215), (10, 199), (199, 224), (199, 233), (199, 242), (199, 251), (184, 199), (67, 199), (78, 199), (89, 199), (199, 336), (199, 345), (146, 199), (199, 354), (199, 363), (29, 199), (40, 199), (174, 199), (185, 199), (199, 372), (199, 201), (199, 210), (108, 199), (199, 219), (199, 228), (2, 199), (136, 199), (147, 199), (199, 237), (59, 199), (70, 199), (199, 331), (199, 340), (199, 349), (199, 358)}",800,1237000,5.003588914871216
Graph_400_79800_1,400,79800,399,"{(199, 367), (21, 199), (177, 199), (199, 205), (199, 214), (51, 199), (199, 223), (199, 232), (119, 199), (199, 317), (199, 326), (199, 335), (199, 344), (199, 353), (176, 199), (81, 199), (199, 200), (199, 209), (199, 218), (138, 199), (149, 199), (160, 199), (43, 199), (32, 199), (199, 312), (100, 199), (111, 199), (199, 321), (199, 330), (5, 199), (199, 339), (199, 348), (179, 199), (62, 199), (73, 199), (199, 204), (199, 213), (130, 199), (13, 199), (24, 199), (35, 199), (169, 199), (199, 298), (199, 307), (199, 316), (199, 325), (92, 199), (199, 334), (131, 199), (54, 199), (188, 199), (199, 284), (16, 199), (199, 293), (172, 199), (199, 302), (199, 311), (141, 199), (199, 320), (103, 199), (114, 199), (171, 199), (199, 279), (76, 199), (65, 199), (199, 288), (199, 297), (199, 306), (199, 315), (133, 199), (144, 199), (27, 199), (84, 199), (95, 199), (106, 199), (199, 265), (199, 274), (163, 199), (199, 283), (199, 292), (46, 199), (57, 199), (68, 199), (199, 301), (125, 199), (8, 199), (19, 199), (30, 199), (164, 199), (199, 395), (87, 199), (199, 260), (126, 199), (199, 269), (199, 278), (199, 287), (199, 296), (38, 199), (49, 199), (183, 199), (194, 199), (199, 381), (199, 390), (199, 399), (0, 199), (11, 199), (199, 246), (199, 255), (199, 264), (199, 273), (199, 282), (98, 199), (199, 376), (155, 199), (166, 199), (199, 385), (60, 199), (199, 394), (199, 241), (117, 199), (128, 199), (139, 199), (199, 250), (22, 199), (199, 259), (199, 268), (199, 277), (196, 199), (79, 199), (90, 199), (101, 199), (199, 362), (199, 371), (199, 380), (199, 389), (158, 199), (199, 398), (41, 199), (52, 199), (186, 199), (197, 199), (199, 227), (199, 236), (199, 245), (199, 254), (109, 199), (120, 199), (199, 263), (3, 199), (14, 199), (148, 199), (71, 199), (82, 199), (199, 357), (199, 366), (199, 375), (199, 384), (199, 393), (33, 199), (44, 199), (199, 222), (167, 199), (178, 199), (189, 199), (199, 231), (199, 240), (199, 249), (199, 258), (199, 343), (199, 352), (199, 361), (63, 199), (199, 370), (199, 379), (199, 208), (93, 199), (199, 217), (199, 226), (25, 199), (199, 235), (199, 244), (150, 199), (161, 199), (55, 199), (199, 329), (199, 338), (199, 347), (112, 199), (123, 199), (199, 356), (199, 365), (6, 199), (199, 203), (180, 199), (191, 199), (199, 212), (74, 199), (85, 199), (199, 221), (199, 230), (142, 199), (153, 199), (36, 199), (47, 199), (199, 324), (181, 199), (199, 333), (199, 342), (199, 351), (199, 360), (104, 199), (115, 199), (143, 199), (199, 207), (199, 216), (199, 225), (66, 199), (199, 310), (134, 199), (199, 319), (199, 328), (17, 199), (28, 199), (162, 199), (173, 199), (199, 337), (199, 346), (199, 202), (199, 211), (192, 199), (199, 305), (199, 314), (77, 199), (199, 323), (199, 332), (9, 199), (199, 341), (145, 199), (156, 199), (39, 199), (199, 206), (96, 199), (107, 199), (118, 199), (1, 199), (199, 291), (199, 300), (199, 309), (175, 199), (199, 318), (199, 327), (58, 199), (69, 199), (80, 199), (137, 199), (20, 199), (31, 199), (88, 199), (99, 199), (199, 286), (199, 295), (199, 304), (199, 313), (199, 322), (50, 199), (61, 199), (195, 199), (12, 199), (23, 199), (157, 199), (168, 199), (199, 272), (199, 281), (199, 290), (199, 299), (199, 308), (110, 199), (42, 199), (187, 199), (198, 199), (72, 199), (4, 199), (199, 267), (199, 276), (129, 199), (140, 199), (151, 199), (199, 285), (199, 294), (199, 303), (91, 199), (102, 199), (199, 388), (199, 397), (159, 199), (170, 199), (53, 199), (64, 199), (199, 253), (199, 262), (199, 271), (199, 280), (199, 289), (121, 199), (132, 199), (15, 199), (26, 199), (199, 374), (199, 383), (83, 199), (94, 199), (199, 392), (122, 199), (199, 239), (199, 248), (34, 199), (45, 199), (56, 199), (190, 199), (199, 257), (199, 266), (199, 275), (113, 199), (7, 199), (18, 199), (152, 199), (199, 369), (199, 378), (199, 387), (199, 396), (75, 199), (199, 234), (199, 243), (199, 252), (199, 261), (37, 199), (199, 270), (182, 199), (199, 355), (199, 364), (199, 373), (199, 382), (199, 391), (124, 199), (135, 199), (199, 220), (199, 229), (199, 238), (199, 247), (199, 256), (86, 199), (97, 199), (154, 199), (165, 199), (199, 350), (48, 199), (199, 359), (193, 199), (199, 368), (199, 377), (199, 386), (105, 199), (116, 199), (127, 199), (199, 215), (10, 199), (199, 224), (199, 233), (199, 242), (199, 251), (184, 199), (67, 199), (78, 199), (89, 199), (199, 336), (199, 345), (146, 199), (199, 354), (199, 363), (29, 199), (40, 199), (174, 199), (185, 199), (199, 372), (199, 201), (199, 210), (108, 199), (199, 219), (199, 228), (2, 199), (136, 199), (147, 199), (199, 237), (59, 199), (70, 199), (199, 331), (199, 340), (199, 349), (199, 358)}",800,1205000,5.009339332580566
Graph_450_12629_0,450,12629,36,"{(81, 323), (71, 81), (81, 140), (73, 81), (81, 152), (64, 81), (81, 283), (81, 402), (81, 280), (81, 347), (81, 115), (81, 298), (81, 121), (81, 127), (81, 307), (81, 432), (81, 429), (81, 380), (81, 145), (48, 81), (81, 447), (81, 105), (81, 398), (37, 81), (50, 81), (81, 181), (81, 129), (81, 434), (81, 306), (81, 437), (81, 333), (81, 278), (45, 81), (58, 81), (81, 107), (81, 317)}",1350,918152,0.7969129085540771
Graph_450_12629_1,450,12629,40,"{(314, 354), (314, 360), (92, 314), (4, 314), (83, 314), (213, 314), (149, 314), (107, 314), (76, 314), (314, 384), (314, 448), (314, 335), (314, 344), (23, 314), (111, 314), (296, 314), (314, 417), (47, 314), (60, 314), (302, 314), (181, 314), (313, 314), (300, 314), (73, 314), (106, 314), (178, 314), (150, 314), (183, 314), (280, 314), (238, 314), (306, 314), (141, 314), (218, 314), (264, 314), (314, 385), (262, 314), (295, 314), (297, 314), (26, 314), (211, 314)}",900,764811,0.7800676822662354
Graph_450_25257_0,450,25257,83,"{(81, 140), (73, 81), (22, 81), (81, 112), (81, 432), (81, 142), (81, 206), (81, 325), (81, 105), (81, 398), (37, 81), (81, 352), (81, 434), (81, 263), (81, 153), (14, 81), (81, 235), (58, 81), (81, 354), (81, 409), (71, 81), (81, 283), (81, 402), (81, 347), (81, 121), (81, 194), (81, 203), (48, 81), (81, 331), (81, 404), (50, 81), (81, 178), (81, 123), (81, 306), (81, 388), (81, 333), (81, 278), (81, 406), (81, 107), (51, 81), (81, 116), (81, 317), (81, 445), (81, 271), (81, 335), (81, 408), (81, 301), (81, 127), (81, 429), (81, 319), (81, 145), (81, 447), (59, 81), (81, 166), (81, 111), (81, 129), (81, 131), (81, 323), (81, 152), (64, 81), (81, 280), (81, 106), (81, 115), (81, 298), (81, 307), (0, 81), (66, 81), (81, 380), (81, 389), (81, 154), (81, 282), (81, 181), (81, 309), (32, 81), (81, 437), (81, 382), (81, 446), (81, 211), (81, 275), (45, 81), (81, 339), (81, 403), (81, 348)}",1350,1082316,1.7995455265045166
Graph_450_25257_1,450,25257,86,"{(35, 143), (35, 88), (35, 216), (35, 161), (35, 179), (35, 298), (35, 426), (35, 264), (35, 337), (35, 163), (35, 282), (35, 355), (35, 421), (35, 366), (14, 35), (35, 149), (35, 387), (35, 332), (35, 277), (16, 35), (35, 396), (35, 252), (35, 87), (35, 444), (35, 270), (35, 334), (35, 398), (35, 126), (35, 318), (35, 144), (35, 391), (35, 336), (35, 345), (35, 46), (35, 55), (12, 35), (35, 64), (35, 247), (35, 73), (35, 311), (27, 35), (35, 256), (25, 35), (35, 274), (35, 283), (29, 35), (35, 411), (35, 240), (35, 185), (35, 304), (35, 249), (35, 368), (35, 267), (35, 331), (35, 50), (35, 59), (35, 297), (4, 35), (35, 68), (35, 379), (35, 205), (35, 98), (35, 235), (35, 70), (35, 189), (35, 363), (35, 427), (35, 372), (35, 100), (35, 219), (35, 109), (35, 301), (35, 127), (35, 255), (35, 374), (35, 438), (0, 35), (35, 221), (35, 47), (35, 56), (35, 422), (35, 248), (35, 257), (35, 385), (35, 287), (35, 406)}",900,878463,1.6496126651763916
Graph_450_50513_0,450,50513,175,"{(189, 265), (189, 274), (189, 338), (189, 402), (171, 189), (189, 356), (10, 189), (189, 420), (65, 189), (76, 189), (189, 374), (63, 189), (189, 203), (189, 267), (133, 189), (189, 340), (189, 285), (189, 404), (189, 294), (148, 189), (189, 303), (189, 431), (189, 196), (95, 189), (189, 260), (172, 189), (189, 324), (189, 269), (189, 214), (189, 278), (189, 397), (189, 223), (189, 342), (189, 287), (189, 232), (189, 296), (189, 415), (108, 189), (46, 189), (57, 189), (189, 317), (72, 189), (189, 262), (189, 326), (189, 390), (4, 189), (125, 189), (180, 189), (189, 408), (85, 189), (140, 189), (151, 189), (189, 246), (189, 200), (189, 383), (87, 189), (142, 189), (189, 447), (189, 392), (189, 218), (36, 189), (102, 189), (189, 346), (38, 189), (49, 189), (104, 189), (159, 189), (189, 202), (189, 440), (189, 266), (189, 211), (119, 189), (189, 275), (174, 189), (189, 394), (189, 449), (189, 284), (189, 412), (11, 189), (66, 189), (121, 189), (189, 241), (176, 189), (189, 250), (189, 314), (189, 259), (189, 378), (189, 204), (189, 442), (189, 387), (189, 332), (189, 396), (189, 405), (28, 189), (83, 189), (94, 189), (149, 189), (160, 189), (189, 234), (43, 189), (164, 189), (189, 362), (189, 371), (189, 261), (189, 325), (189, 444), (189, 334), (34, 189), (45, 189), (56, 189), (111, 189), (177, 189), (5, 189), (126, 189), (189, 227), (189, 236), (189, 355), (189, 245), (189, 364), (189, 190), (189, 373), (189, 199), (189, 318), (7, 189), (117, 189), (139, 189), (189, 446), (143, 189), (130, 189), (189, 357), (189, 421), (24, 189), (35, 189), (79, 189), (90, 189), (145, 189), (156, 189), (189, 366), (189, 430), (39, 189), (189, 329), (189, 448), (158, 189), (189, 222), (189, 350), (189, 414), (162, 189), (189, 359), (189, 249), (122, 189), (189, 322), (54, 189), (14, 189), (189, 215), (80, 189), (189, 352), (189, 416), (189, 251), (189, 370), (189, 434), (82, 189), (189, 379), (137, 189), (189, 208), (189, 272), (189, 281), (189, 244), (154, 189), (165, 189), (189, 308), (189, 372), (189, 427), (189, 436), (48, 189), (169, 189)}",900,1105767,3.036450147628784
Graph_450_50513_1,450,50513,195,"{(243, 300), (243, 364), (243, 309), (243, 373), (75, 243), (243, 318), (243, 382), (243, 391), (24, 243), (11, 243), (13, 243), (90, 243), (156, 243), (243, 336), (243, 400), (39, 243), (243, 293), (243, 366), (213, 243), (243, 311), (243, 256), (243, 375), (41, 243), (52, 243), (96, 243), (118, 243), (243, 265), (243, 329), (175, 243), (241, 243), (243, 359), (3, 243), (69, 243), (80, 243), (124, 243), (135, 243), (190, 243), (243, 423), (243, 432), (243, 322), (243, 441), (243, 386), (243, 331), (31, 243), (7, 243), (141, 243), (231, 243), (218, 243), (243, 416), (243, 434), (205, 243), (243, 443), (9, 243), (99, 243), (154, 243), (209, 243), (48, 243), (243, 345), (243, 290), (243, 354), (243, 299), (243, 418), (243, 363), (243, 427), (243, 372), (37, 243), (171, 243), (182, 243), (226, 243), (10, 243), (65, 243), (76, 243), (243, 274), (243, 338), (243, 347), (78, 243), (89, 243), (144, 243), (243, 246), (243, 301), (243, 365), (243, 429), (243, 438), (214, 243), (201, 243), (243, 276), (29, 243), (16, 243), (243, 404), (161, 243), (150, 243), (243, 294), (243, 413), (243, 358), (55, 243), (243, 422), (163, 243), (46, 243), (57, 243), (68, 243), (123, 243), (178, 243), (233, 243), (6, 243), (243, 287), (243, 415), (243, 360), (243, 424), (70, 243), (243, 433), (191, 243), (19, 243), (30, 243), (8, 243), (85, 243), (129, 243), (151, 243), (195, 243), (243, 280), (243, 289), (243, 408), (243, 353), (63, 243), (153, 243), (91, 243), (157, 243), (212, 243), (243, 255), (243, 319), (243, 392), (38, 243), (49, 243), (243, 282), (243, 401), (170, 243), (243, 346), (225, 243), (236, 243), (53, 243), (119, 243), (243, 419), (174, 243), (185, 243), (243, 312), (243, 257), (121, 243), (132, 243), (176, 243), (187, 243), (198, 243), (243, 385), (243, 449), (15, 243), (26, 243), (81, 243), (243, 284), (243, 339), (243, 421), (134, 243), (83, 243), (94, 243), (215, 243), (243, 259), (243, 378), (43, 243), (243, 442), (164, 243), (243, 332), (243, 277), (243, 396), (243, 341), (243, 350), (243, 414), (56, 243), (21, 243), (100, 243), (166, 243), (177, 243), (232, 243), (5, 243), (60, 243), (243, 435), (243, 261), (243, 380), (243, 325), (243, 444), (243, 270), (243, 389), (243, 334), (113, 243), (179, 243), (243, 398), (234, 243), (73, 243), (117, 243)}",1350,1410644,3.262035608291626
Graph_450_75769_0,450,75769,306,"{(96, 104), (96, 223), (25, 96), (96, 113), (96, 232), (96, 287), (96, 177), (96, 296), (96, 122), (96, 351), (96, 360), (96, 186), (53, 96), (64, 96), (96, 305), (96, 369), (96, 195), (96, 424), (96, 259), (96, 323), (96, 442), (96, 387), (66, 96), (42, 96), (96, 97), (96, 216), (96, 161), (96, 412), (96, 106), (15, 96), (2, 96), (96, 170), (96, 234), (96, 353), (96, 179), (96, 298), (96, 417), (96, 243), (96, 362), (96, 426), (96, 252), (96, 371), (96, 316), (96, 435), (96, 380), (96, 444), (4, 96), (83, 96), (94, 96), (96, 389), (96, 145), (96, 154), (43, 96), (8, 96), (96, 99), (96, 218), (96, 163), (96, 346), (96, 117), (96, 410), (96, 181), (96, 419), (96, 245), (96, 309), (96, 254), (34, 96), (45, 96), (96, 373), (96, 382), (96, 446), (5, 96), (60, 96), (96, 147), (96, 211), (96, 156), (96, 339), (96, 165), (96, 284), (96, 110), (96, 403), (96, 348), (96, 174), (96, 293), (96, 119), (96, 238), (96, 357), (62, 96), (38, 96), (73, 96), (96, 247), (96, 302), (96, 366), (96, 311), (96, 421), (96, 375), (77, 96), (96, 140), (96, 204), (75, 96), (96, 268), (96, 213), (96, 277), (96, 103), (24, 96), (0, 96), (11, 96), (35, 96), (79, 96), (90, 96), (96, 112), (96, 167), (96, 176), (96, 231), (96, 240), (96, 295), (96, 359), (96, 368), (96, 432), (96, 133), (92, 96), (96, 142), (96, 206), (41, 96), (17, 96), (96, 270), (96, 215), (96, 334), (96, 160), (96, 279), (96, 105), (96, 398), (96, 343), (96, 169), (96, 233), (96, 352), (96, 416), (96, 425), (96, 370), (96, 434), (96, 126), (96, 190), (14, 96), (96, 135), (58, 96), (69, 96), (80, 96), (96, 263), (96, 327), (96, 153), (96, 98), (96, 217), (96, 336), (96, 391), (96, 400), (96, 226), (96, 290), (71, 96), (82, 96), (96, 299), (96, 418), (96, 363), (7, 96), (18, 96), (96, 128), (96, 256), (96, 320), (96, 146), (96, 265), (96, 329), (96, 448), (96, 274), (96, 393), (96, 219), (9, 96), (88, 96), (96, 164), (96, 402), (96, 228), (96, 347), (96, 292), (96, 411), (96, 356), (13, 96), (96, 420), (96, 121), (96, 130), (96, 313), (96, 139), (96, 258), (96, 203), (50, 96), (61, 96), (96, 148), (96, 267), (96, 386), (96, 331), (96, 405), (96, 276), (96, 441), (96, 221), (65, 96), (76, 96), (96, 123), (96, 242), (96, 187), (96, 306), (78, 96), (89, 96), (54, 96), (67, 96), (96, 132), (96, 251), (96, 260), (96, 315), (96, 341), (27, 96), (3, 96), (93, 96), (96, 269), (96, 214), (96, 379), (96, 388), (96, 278), (96, 397), (96, 443), (96, 406), (96, 107), (96, 171), (40, 96), (16, 96), (84, 96), (95, 96), (96, 235), (96, 244), (96, 189), (96, 134), (96, 253), (96, 372), (96, 198), (96, 317), (96, 143), (96, 262), (96, 381), (96, 207), (96, 326), (96, 436), (96, 271), (96, 445), (96, 335), (96, 399), (96, 344), (96, 100), (33, 96), (46, 96), (57, 96), (68, 96), (96, 109), (96, 173), (96, 118), (72, 96), (96, 237), (96, 301), (96, 246), (96, 365), (96, 310), (96, 136), (96, 255), (96, 374), (70, 96), (96, 200), (96, 429), (96, 264), (96, 438), (96, 209), (96, 447), (30, 96), (96, 392), (74, 96), (85, 96), (96, 401), (96, 431), (96, 102), (96, 166), (96, 111), (96, 230), (96, 175), (96, 358), (87, 96), (96, 303), (96, 248), (96, 367), (96, 193), (96, 312), (96, 422), (96, 257), (96, 376), (36, 96), (47, 96), (96, 202), (96, 266), (96, 321), (96, 385), (96, 330), (96, 440), (96, 394), (51, 96)}",900,1333071,4.451864957809448
Graph_450_75769_1,450,75769,309,"{(201, 386), (201, 395), (201, 413), (180, 201), (191, 201), (74, 201), (85, 201), (201, 251), (201, 260), (201, 269), (153, 201), (201, 287), (36, 201), (47, 201), (181, 201), (201, 381), (104, 201), (115, 201), (201, 390), (201, 399), (201, 408), (201, 246), (201, 255), (201, 282), (134, 201), (17, 201), (28, 201), (201, 367), (201, 376), (201, 385), (201, 394), (201, 232), (126, 201), (201, 250), (201, 259), (201, 268), (183, 201), (194, 201), (77, 201), (201, 353), (9, 201), (201, 371), (201, 380), (145, 201), (156, 201), (201, 389), (201, 227), (201, 245), (107, 201), (118, 201), (201, 348), (80, 201), (201, 357), (201, 366), (201, 375), (201, 384), (201, 213), (20, 201), (201, 231), (201, 249), (99, 201), (88, 201), (201, 334), (201, 343), (50, 201), (201, 361), (201, 370), (201, 208), (201, 217), (23, 201), (201, 226), (201, 235), (148, 201), (201, 329), (201, 338), (201, 347), (110, 201), (201, 356), (201, 365), (42, 201), (201, 203), (201, 230), (4, 201), (129, 201), (151, 201), (201, 315), (201, 333), (201, 342), (201, 351), (91, 201), (201, 445), (159, 201), (170, 201), (201, 216), (53, 201), (64, 201), (201, 310), (121, 201), (132, 201), (26, 201), (201, 328), (201, 337), (201, 346), (83, 201), (94, 201), (201, 202), (201, 440), (201, 211), (201, 449), (45, 201), (190, 201), (201, 305), (201, 314), (201, 323), (18, 201), (143, 201), (75, 201), (201, 435), (201, 444), (200, 201), (37, 201), (201, 300), (201, 309), (201, 318), (201, 421), (201, 430), (201, 439), (201, 448), (192, 201), (86, 201), (201, 277), (201, 313), (165, 201), (48, 201), (193, 201), (201, 398), (201, 407), (105, 201), (201, 425), (10, 201), (201, 272), (184, 201), (201, 281), (67, 201), (78, 201), (89, 201), (201, 290), (201, 299), (146, 201), (40, 201), (201, 393), (201, 402), (201, 411), (201, 420), (108, 201), (201, 258), (201, 276), (201, 294), (59, 201), (201, 379), (201, 388), (21, 201), (201, 397), (201, 406), (157, 201), (201, 253), (201, 262), (201, 271), (201, 280), (119, 201), (187, 201), (198, 201), (201, 383), (201, 392), (201, 401), (201, 410), (138, 201), (149, 201), (201, 239), (201, 248), (32, 201), (43, 201), (201, 257), (201, 266), (201, 275), (111, 201), (201, 369), (201, 378), (179, 201), (73, 201), (201, 396), (201, 225), (130, 201), (201, 252), (13, 201), (35, 201), (24, 201), (201, 261), (92, 201), (201, 355), (201, 373), (201, 382), (122, 201), (201, 391), (201, 220), (201, 229), (201, 238), (201, 256), (16, 201), (141, 201), (152, 201), (201, 341), (201, 350), (201, 359), (103, 201), (201, 206), (201, 215), (201, 224), (201, 233), (201, 242), (171, 201), (65, 201), (201, 345), (201, 354), (84, 201), (95, 201), (106, 201), (201, 228), (201, 237), (163, 201), (46, 201), (57, 201), (68, 201), (201, 331), (201, 340), (125, 201), (19, 201), (201, 205), (201, 214), (87, 201), (112, 201), (201, 308), (38, 201), (49, 201), (201, 335), (201, 344), (174, 201), (0, 201), (11, 201), (201, 447), (147, 201), (201, 303), (201, 312), (98, 201), (201, 321), (201, 339), (155, 201), (177, 201), (60, 201), (201, 424), (201, 433), (201, 204), (117, 201), (139, 201), (22, 201), (201, 289), (201, 307), (196, 201), (101, 201), (90, 201), (79, 201), (201, 325), (158, 201), (201, 419), (41, 201), (186, 201), (197, 201), (201, 437), (120, 201), (14, 201), (3, 201), (201, 302), (71, 201), (82, 201), (201, 405), (201, 423), (44, 201), (201, 441), (169, 201), (201, 270), (201, 279), (201, 288), (201, 297), (201, 306), (131, 201), (63, 201), (201, 400), (188, 201), (199, 201), (201, 418), (201, 427), (201, 436), (25, 201), (150, 201), (161, 201), (172, 201), (201, 283), (55, 201), (123, 201)}",900,1333071,4.781247615814209
Graph_450_101025_0,450,101025,449,"{(224, 369), (104, 224), (115, 224), (224, 378), (224, 387), (224, 396), (224, 405), (224, 234), (66, 224), (224, 243), (224, 252), (224, 261), (202, 224), (224, 270), (134, 224), (28, 224), (224, 355), (164, 224), (224, 364), (224, 373), (224, 382), (224, 391), (221, 224), (126, 224), (224, 229), (224, 238), (224, 247), (224, 256), (38, 224), (183, 224), (194, 224), (77, 224), (224, 350), (224, 359), (0, 224), (11, 224), (224, 368), (145, 224), (156, 224), (224, 377), (39, 224), (224, 386), (213, 224), (224, 233), (96, 224), (107, 224), (118, 224), (224, 242), (1, 224), (224, 251), (175, 224), (69, 224), (58, 224), (80, 224), (224, 336), (224, 345), (224, 354), (224, 363), (224, 372), (137, 224), (20, 224), (31, 224), (224, 228), (205, 224), (224, 237), (88, 224), (99, 224), (224, 331), (224, 340), (61, 224), (50, 224), (224, 349), (224, 358), (224, 367), (186, 224), (197, 224), (23, 224), (224, 232), (148, 224), (224, 317), (216, 224), (224, 326), (224, 335), (110, 224), (224, 344), (224, 353), (33, 224), (167, 224), (178, 224), (189, 224), (72, 224), (224, 438), (224, 447), (129, 224), (140, 224), (151, 224), (224, 312), (224, 321), (63, 224), (224, 330), (208, 224), (224, 339), (102, 224), (91, 224), (224, 348), (25, 224), (159, 224), (170, 224), (224, 433), (224, 442), (53, 224), (64, 224), (121, 224), (132, 224), (224, 298), (224, 307), (15, 224), (26, 224), (224, 316), (224, 325), (224, 334), (83, 224), (94, 224), (224, 419), (219, 224), (224, 428), (224, 437), (224, 446), (34, 224), (45, 224), (56, 224), (224, 284), (181, 224), (224, 293), (224, 302), (113, 224), (224, 311), (18, 224), (224, 320), (143, 224), (75, 224), (224, 414), (224, 423), (224, 432), (200, 224), (211, 224), (222, 224), (224, 441), (224, 279), (224, 288), (17, 224), (224, 297), (162, 224), (173, 224), (224, 306), (224, 315), (124, 224), (135, 224), (224, 400), (224, 409), (224, 418), (224, 427), (224, 436), (192, 224), (203, 224), (86, 224), (97, 224), (224, 265), (224, 274), (224, 283), (224, 292), (224, 301), (9, 224), (154, 224), (165, 224), (48, 224), (224, 395), (224, 404), (105, 224), (116, 224), (127, 224), (224, 413), (10, 224), (224, 422), (224, 431), (184, 224), (224, 260), (224, 269), (67, 224), (78, 224), (89, 224), (224, 278), (224, 287), (224, 296), (214, 224), (146, 224), (29, 224), (40, 224), (224, 381), (224, 390), (224, 399), (224, 408), (108, 224), (224, 417), (224, 246), (224, 255), (224, 264), (224, 273), (59, 224), (70, 224), (224, 282), (195, 224), (206, 224), (224, 376), (224, 385), (224, 394), (12, 224), (224, 403), (168, 224), (157, 224), (224, 412), (51, 224), (224, 241), (224, 250), (224, 259), (224, 268), (119, 224), (224, 277), (42, 224), (176, 224), (187, 224), (198, 224), (224, 362), (224, 371), (81, 224), (224, 380), (224, 389), (224, 398), (4, 224), (138, 224), (149, 224), (160, 224), (224, 227), (224, 236), (32, 224), (43, 224), (224, 245), (224, 254), (224, 263), (217, 224), (100, 224), (111, 224), (5, 224), (224, 357), (224, 366), (179, 224), (224, 375), (62, 224), (73, 224), (224, 384), (224, 393), (224, 231), (130, 224), (224, 240), (13, 224), (24, 224), (35, 224), (224, 249), (224, 258), (92, 224), (224, 343), (224, 352), (224, 361), (224, 370), (122, 224), (224, 379), (54, 224), (190, 224), (224, 226), (224, 235), (224, 244), (7, 224), (141, 224), (152, 224), (224, 329), (224, 338), (224, 347), (224, 356), (224, 365), (209, 224), (220, 224), (103, 224), (114, 224), (37, 224), (224, 230), (171, 224), (182, 224), (65, 224), (76, 224), (224, 324), (224, 333), (133, 224), (144, 224), (224, 342), (27, 224), (224, 351), (224, 360), (201, 224), (36, 224), (84, 224), (95, 224), (106, 224), (224, 445), (224, 225), (163, 224), (46, 224), (68, 224), (57, 224), (224, 310), (224, 319), (193, 224), (224, 328), (224, 337), (125, 224), (224, 346), (8, 224), (19, 224), (30, 224), (224, 440), (87, 224), (224, 449), (223, 224), (212, 224), (224, 305), (49, 224), (224, 314), (224, 323), (224, 332), (174, 224), (185, 224), (224, 341), (224, 426), (2, 224), (136, 224), (147, 224), (224, 435), (224, 444), (204, 224), (215, 224), (224, 291), (98, 224), (224, 300), (224, 309), (224, 318), (224, 327), (21, 224), (155, 224), (166, 224), (177, 224), (60, 224), (224, 421), (224, 430), (224, 439), (117, 224), (128, 224), (139, 224), (224, 448), (22, 224), (224, 286), (224, 295), (196, 224), (224, 304), (79, 224), (90, 224), (101, 224), (224, 313), (224, 322), (158, 224), (224, 407), (41, 224), (52, 224), (224, 416), (224, 425), (224, 434), (224, 443), (109, 224), (120, 224), (224, 272), (3, 224), (14, 224), (224, 281), (224, 290), (224, 299), (224, 308), (71, 224), (82, 224), (207, 224), (218, 224), (224, 402), (224, 411), (44, 224), (224, 420), (224, 429), (169, 224), (224, 267), (224, 276), (224, 285), (224, 294), (224, 303), (131, 224), (224, 388), (188, 224), (199, 224), (210, 224), (224, 397), (224, 406), (93, 224), (224, 415), (224, 424), (224, 253), (16, 224), (150, 224), (161, 224), (172, 224), (224, 262), (224, 271), (55, 224), (224, 280), (224, 289), (112, 224), (123, 224), (6, 224), (224, 374), (224, 383), (224, 392), (224, 401), (180, 224), (191, 224), (224, 410), (74, 224), (85, 224), (224, 239), (224, 248), (224, 257), (224, 266), (142, 224), (153, 224), (224, 275), (47, 224)}",900,1492875,5.038575649261475
Graph_450_101025_1,450,101025,449,"{(224, 369), (104, 224), (115, 224), (224, 378), (224, 387), (224, 396), (224, 405), (224, 234), (66, 224), (224, 243), (224, 252), (224, 261), (202, 224), (224, 270), (134, 224), (28, 224), (224, 355), (164, 224), (224, 364), (224, 373), (224, 382), (224, 391), (221, 224), (126, 224), (224, 229), (224, 238), (224, 247), (224, 256), (38, 224), (183, 224), (194, 224), (77, 224), (224, 350), (224, 359), (0, 224), (11, 224), (224, 368), (145, 224), (156, 224), (224, 377), (39, 224), (224, 386), (213, 224), (224, 233), (96, 224), (107, 224), (118, 224), (224, 242), (1, 224), (224, 251), (175, 224), (69, 224), (58, 224), (80, 224), (224, 336), (224, 345), (224, 354), (224, 363), (224, 372), (137, 224), (20, 224), (31, 224), (224, 228), (205, 224), (224, 237), (88, 224), (99, 224), (224, 331), (224, 340), (61, 224), (50, 224), (224, 349), (224, 358), (224, 367), (186, 224), (197, 224), (23, 224), (224, 232), (148, 224), (224, 317), (216, 224), (224, 326), (224, 335), (110, 224), (224, 344), (224, 353), (33, 224), (167, 224), (178, 224), (189, 224), (72, 224), (224, 438), (224, 447), (129, 224), (140, 224), (151, 224), (224, 312), (224, 321), (63, 224), (224, 330), (208, 224), (224, 339), (102, 224), (91, 224), (224, 348), (25, 224), (159, 224), (170, 224), (224, 433), (224, 442), (53, 224), (64, 224), (121, 224), (132, 224), (224, 298), (224, 307), (15, 224), (26, 224), (224, 316), (224, 325), (224, 334), (83, 224), (94, 224), (224, 419), (219, 224), (224, 428), (224, 437), (224, 446), (34, 224), (45, 224), (56, 224), (224, 284), (181, 224), (224, 293), (224, 302), (113, 224), (224, 311), (18, 224), (224, 320), (143, 224), (75, 224), (224, 414), (224, 423), (224, 432), (200, 224), (211, 224), (222, 224), (224, 441), (224, 279), (224, 288), (17, 224), (224, 297), (162, 224), (173, 224), (224, 306), (224, 315), (124, 224), (135, 224), (224, 400), (224, 409), (224, 418), (224, 427), (224, 436), (192, 224), (203, 224), (86, 224), (97, 224), (224, 265), (224, 274), (224, 283), (224, 292), (224, 301), (9, 224), (154, 224), (165, 224), (48, 224), (224, 395), (224, 404), (105, 224), (116, 224), (127, 224), (224, 413), (10, 224), (224, 422), (224, 431), (184, 224), (224, 260), (224, 269), (67, 224), (78, 224), (89, 224), (224, 278), (224, 287), (224, 296), (214, 224), (146, 224), (29, 224), (40, 224), (224, 381), (224, 390), (224, 399), (224, 408), (108, 224), (224, 417), (224, 246), (224, 255), (224, 264), (224, 273), (59, 224), (70, 224), (224, 282), (195, 224), (206, 224), (224, 376), (224, 385), (224, 394), (12, 224), (224, 403), (168, 224), (157, 224), (224, 412), (51, 224), (224, 241), (224, 250), (224, 259), (224, 268), (119, 224), (224, 277), (42, 224), (176, 224), (187, 224), (198, 224), (224, 362), (224, 371), (81, 224), (224, 380), (224, 389), (224, 398), (4, 224), (138, 224), (149, 224), (160, 224), (224, 227), (224, 236), (32, 224), (43, 224), (224, 245), (224, 254), (224, 263), (217, 224), (100, 224), (111, 224), (5, 224), (224, 357), (224, 366), (179, 224), (224, 375), (62, 224), (73, 224), (224, 384), (224, 393), (224, 231), (130, 224), (224, 240), (13, 224), (24, 224), (35, 224), (224, 249), (224, 258), (92, 224), (224, 343), (224, 352), (224, 361), (224, 370), (122, 224), (224, 379), (54, 224), (190, 224), (224, 226), (224, 235), (224, 244), (7, 224), (141, 224), (152, 224), (224, 329), (224, 338), (224, 347), (224, 356), (224, 365), (209, 224), (220, 224), (103, 224), (114, 224), (37, 224), (224, 230), (171, 224), (182, 224), (65, 224), (76, 224), (224, 324), (224, 333), (133, 224), (144, 224), (224, 342), (27, 224), (224, 351), (224, 360), (201, 224), (36, 224), (84, 224), (95, 224), (106, 224), (224, 445), (224, 225), (163, 224), (46, 224), (68, 224), (57, 224), (224, 310), (224, 319), (193, 224), (224, 328), (224, 337), (125, 224), (224, 346), (8, 224), (19, 224), (30, 224), (224, 440), (87, 224), (224, 449), (223, 224), (212, 224), (224, 305), (49, 224), (224, 314), (224, 323), (224, 332), (174, 224), (185, 224), (224, 341), (224, 426), (2, 224), (136, 224), (147, 224), (224, 435), (224, 444), (204, 224), (215, 224), (224, 291), (98, 224), (224, 300), (224, 309), (224, 318), (224, 327), (21, 224), (155, 224), (166, 224), (177, 224), (60, 224), (224, 421), (224, 430), (224, 439), (117, 224), (128, 224), (139, 224), (224, 448), (22, 224), (224, 286), (224, 295), (196, 224), (224, 304), (79, 224), (90, 224), (101, 224), (224, 313), (224, 322), (158, 224), (224, 407), (41, 224), (52, 224), (224, 416), (224, 425), (224, 434), (224, 443), (109, 224), (120, 224), (224, 272), (3, 224), (14, 224), (224, 281), (224, 290), (224, 299), (224, 308), (71, 224), (82, 224), (207, 224), (218, 224), (224, 402), (224, 411), (44, 224), (224, 420), (224, 429), (169, 224), (224, 267), (224, 276), (224, 285), (224, 294), (224, 303), (131, 224), (224, 388), (188, 224), (199, 224), (210, 224), (224, 397), (224, 406), (93, 224), (224, 415), (224, 424), (224, 253), (16, 224), (150, 224), (161, 224), (172, 224), (224, 262), (224, 271), (55, 224), (224, 280), (224, 289), (112, 224), (123, 224), (6, 224), (224, 374), (224, 383), (224, 392), (224, 401), (180, 224), (191, 224), (224, 410), (74, 224), (85, 224), (224, 239), (224, 248), (224, 257), (224, 266), (142, 224), (153, 224), (224, 275), (47, 224)}",900,1470375,5.045483350753784
Graph_500_15594_0,500,15594,41,"{(81, 140), (81, 91), (81, 204), (77, 81), (64, 81), (81, 152), (81, 332), (81, 347), (81, 286), (81, 292), (81, 115), (81, 475), (81, 173), (81, 298), (81, 484), (81, 182), (81, 121), (81, 127), (81, 301), (81, 185), (81, 426), (81, 136), (81, 380), (81, 145), (81, 105), (81, 398), (81, 465), (70, 81), (50, 81), (81, 489), (65, 81), (81, 376), (81, 205), (81, 333), (81, 275), (45, 81), (81, 409), (58, 81), (81, 354), (81, 485), (81, 192)}",1500,1077972,1.0076730251312256
Graph_500_15594_1,500,15594,40,"{(96, 345), (96, 110), (96, 290), (96, 119), (96, 232), (40, 96), (96, 351), (95, 96), (96, 418), (96, 360), (96, 494), (77, 96), (96, 137), (96, 442), (66, 96), (42, 96), (96, 216), (96, 112), (15, 96), (13, 96), (96, 414), (96, 298), (72, 96), (96, 121), (96, 263), (17, 96), (96, 215), (96, 465), (96, 163), (96, 349), (96, 413), (96, 111), (96, 245), (21, 96), (96, 318), (47, 96), (80, 96), (96, 324), (60, 96), (93, 96)}",1500,1077972,1.003814935684204
Graph_500_31188_0,500,31188,99,"{(437, 452), (362, 437), (56, 437), (417, 437), (166, 437), (177, 437), (243, 437), (432, 437), (179, 437), (234, 437), (368, 437), (437, 454), (117, 437), (194, 437), (328, 437), (339, 437), (22, 437), (262, 437), (396, 437), (90, 437), (145, 437), (211, 437), (222, 437), (437, 447), (213, 437), (224, 437), (347, 437), (334, 437), (413, 437), (424, 437), (107, 437), (1, 437), (437, 440), (122, 437), (437, 449), (230, 437), (437, 442), (388, 437), (437, 451), (337, 437), (392, 437), (20, 437), (97, 437), (152, 437), (273, 437), (405, 437), (416, 437), (365, 437), (182, 437), (226, 437), (237, 437), (292, 437), (303, 437), (250, 437), (305, 437), (384, 437), (27, 437), (146, 437), (201, 437), (401, 437), (84, 437), (150, 437), (172, 437), (271, 437), (361, 437), (55, 437), (414, 437), (374, 437), (418, 437), (246, 437), (30, 437), (402, 437), (74, 437), (437, 489), (195, 437), (285, 437), (406, 437), (87, 437), (364, 437), (419, 437), (23, 437), (437, 491), (170, 437), (370, 437), (53, 437), (132, 437), (176, 437), (187, 437), (242, 437), (387, 437), (136, 437), (437, 459), (138, 437), (160, 437), (215, 437), (437, 495), (259, 437), (32, 437), (219, 437)}",1500,1280694,2.0353810787200928
Graph_500_31188_1,500,31188,93,"{(58, 239), (69, 239), (239, 476), (71, 239), (20, 239), (239, 277), (141, 239), (152, 239), (231, 239), (239, 396), (239, 405), (239, 469), (239, 478), (189, 239), (61, 239), (131, 239), (239, 364), (239, 400), (67, 239), (89, 239), (144, 239), (239, 302), (239, 366), (239, 430), (236, 239), (84, 239), (161, 239), (239, 393), (42, 239), (239, 304), (239, 368), (239, 313), (202, 239), (239, 496), (239, 450), (191, 239), (19, 239), (239, 324), (239, 388), (142, 239), (47, 239), (239, 281), (102, 239), (239, 308), (239, 372), (239, 491), (239, 317), (239, 381), (115, 239), (194, 239), (238, 239), (239, 347), (239, 246), (66, 239), (222, 239), (176, 239), (239, 374), (26, 239), (136, 239), (239, 340), (239, 404), (94, 239), (138, 239), (149, 239), (228, 239), (239, 431), (239, 440), (34, 239), (111, 239), (239, 397), (239, 241), (239, 433), (239, 497), (179, 239), (234, 239), (218, 239), (239, 399), (239, 344), (239, 408), (239, 362), (196, 239), (145, 239), (156, 239), (239, 264), (239, 328), (239, 282), (239, 465), (239, 291), (239, 410), (213, 239), (239, 483), (1, 239), (175, 239)}",1500,1280694,2.1128315925598145
